Order Date,Region,Category,Sub-Category,Sales,Quantity,Profit,Customer Name,Order ID,Product ID,Discount,Place,Shipping Cost,Delivery Status
2022-10-11,Central,Furniture,Chairs,961.54,7.0,,Jill Morgan,7dc9ea12,1a5188ac-2,0.2,Jacksonstad,7.18,Delivered
2024-09-16,South,Technology,Accessories,383.71,6.0,19.81,Nathan Long,6f7a2837,b916c1d4-5,0.0,East Denise,43.77,Delivered
2023-01-23,South,Office Supplies,Paper,,5.0,-0.89,Tiffany Garrett,b095d553,c22e6cb8-f,0.0,Thompsonberg,23.89,In Transit
2024-10-06,Central,Furniture,Chairs,874.46,5.0,-67.59,Dennis Brock,2bb37eb1,abe6a107-3,0.2,Millerbury,9.04,Delivered
2025-06-13,Central,Technology,Phones,722.24,5.0,-12.29,Kyle Campbell,adc0211b,ea2f8e5d-2,0.0,New Ashley,45.92,In Transit
2023-07-27,Central,Technology,Accessories,898.69,6.0,-2.99,Mrs. Lisa Gould,60fac6fd,0c6dcb78-e,0.1,West Thomas,15.77,In Transit
2025-01-22,West,Technology,Copiers,348.01,5.0,35.33,Jennifer Parker,408e74d5,eb4315a1-2,0.0,Davisfort,6.14,In Transit
2024-06-09,South,Furniture,Tables,156.82,3.0,20.16,Emily Johnson,202b5852,1b40e6f8-d,0.0,Port Stephanieland,34.97,In Transit
2025-02-12,Central,Technology,Accessories,17.26,1.0,-2.5,Jose West,b877c474,1fc96e63-0,0.0,Carolynmouth,29.37,Delivered
2024-07-18,Central,Technology,Accessories,9.63,8.0,1.58,Leslie Rodriguez,5e6a93d3,f5814f9b-8,0.0,Thomasfurt,11.46,Delivered
2023-03-26,East,Furniture,Bookcases,819.92,7.0,,Katrina Garcia,2783d048,7d562aa6-c,0.0,Sandersstad,21.13,In Transit
2022-10-11,Central,Furniture,Chairs,961.54,7.0,-188.89,Jill Morgan,7dc9ea12,1a5188ac-2,,Petersport,29.4,In Transit
2024-09-16,South,Technology,Accessories,383.71,6.0,19.81,Nathan Long,6f7a2837,b916c1d4-5,0.0,East Douglasmouth,14.19,Delivered
2023-01-23,South,Office Supplies,Paper,,5.0,-0.89,Tiffany Garrett,b095d553,c22e6cb8-f,0.1,Davistown,31.58,Delivered
2024-10-06,Central,Furniture,Chairs,874.46,5.0,-67.59,Dennis Brock,2bb37eb1,abe6a107-3,0.0,South Julieton,35.15,Delivered
2025-06-13,Central,Technology,Phones,722.24,5.0,-12.29,Kyle Campbell,adc0211b,ea2f8e5d-2,0.0,Fostermouth,36.37,Delivered
2023-07-27,Central,Technology,Accessories,898.69,6.0,-2.99,Mrs. Lisa Gould,60fac6fd,0c6dcb78-e,0.2,Donaldborough,20.77,Delivered
2025-01-22,West,Technology,Copiers,348.01,5.0,35.33,Jennifer Parker,408e74d5,eb4315a1-2,0.0,Cooperland,48.7,Delivered
2024-06-09,South,Furniture,Tables,156.82,3.0,20.16,Emily Johnson,202b5852,1b40e6f8-d,0.3,Deborahmouth,48.59,Delivered
2025-02-12,Central,Technology,Accessories,17.26,1.0,-2.5,Jose West,b877c474,1fc96e63-0,0.0,West Linda,38.92,Cancelled
2024-07-18,Central,Technology,Accessories,9.63,8.0,1.58,Leslie Rodriguez,5e6a93d3,f5814f9b-8,0.0,East Susan,20.69,Delivered
2023-03-26,East,Furniture,Bookcases,819.92,7.0,,Katrina Garcia,2783d048,7d562aa6-c,0.0,New Vanessaville,,Delivered
2024-02-02,East,Technology,Accessories,,2.0,5.53,Angela Edwards,0d919153,15c63e90-3,0.3,Johnland,7.28,Delivered
2025-02-24,Central,Technology,Machines,425.33,6.0,13.93,Jesse Shaw,5cbb4a74,84d54d88-8,0.0,East Joshuaview,36.13,Delivered
2025-04-13,East,Office Supplies,Labels,74.68,5.0,3.58,Steven Jarvis,01aa43dd,1085d019-b,0.3,West Jeremiah,47.73,Delivered
2024-11-28,East,Technology,Copiers,155.44,8.0,15.3,Brian Graham,29896c1a,f311ebcd-1,0.0,Michaelchester,39.16,In Transit
2022-12-23,Central,Office Supplies,Paper,577.63,10.0,-113.92,Lawrence Walker,af57334c,45e87c42-2,0.3,East David,16.06,Delivered
2025-04-02,Central,Office Supplies,Art,673.21,4.0,-94.96,Heather Rivera,dc99a52b,5a810c07-f,0.3,Crossfurt,7.89,In Transit
2024-10-01,South,Furniture,Tables,371.72,10.0,94.71,Jeff Wood,f46a7e2a,be8d3108-b,0.0,West Jennifer,5.52,Delivered
2023-01-19,West,Furniture,Chairs,83.37,6.0,8.17,Christopher James DDS,e6159059,1bfa6b95-b,0.3,Jenniferstad,28.28,Delivered
2023-11-03,South,Furniture,Tables,558.47,4.0,-32.85,Curtis Mcneil,33f24d2e,13945fc2-7,0.0,Donaldchester,10.81,Delivered
2024-08-28,West,Technology,Copiers,857.42,9.0,164.59,Olivia Jones,28708e1e,c66bad0e-c,0.0,Wrightport,36.53,Delivered
2024-07-12,South,Furniture,Tables,858.05,6.0,-57.45,Jonathan Gordon,31380733,1837a8cb-3,0.2,Ronaldside,8.79,In Transit
2023-05-09,East,Technology,Accessories,769.88,,19.4,Stephen Holmes,428cfd8b,3961fff0-1,0.1,Franklinborough,27.71,Delivered
2025-03-04,South,Office Supplies,Art,970.63,10.0,149.93,Elizabeth Jones,e3213bd8,846fd3a4-f,0.0,Michellestad,48.51,Delivered
2024-06-04,West,Office Supplies,Binders,390.07,7.0,60.13,Jason Wood,672976c3,b0703cb3-8,0.1,,37.79,Delivered
2024-12-08,East,Technology,Accessories,180.98,3.0,14.46,Maria Colon,dbff4b34,ab614d2f-9,0.2,Campbellland,18.94,Returned
2024-11-04,West,Office Supplies,Art,277.21,6.0,81.52,Bethany Jordan,0251c45f,0ddd4079-a,0.0,Jeremymouth,28.06,In Transit
2024-03-27,Central,Office Supplies,Binders,311.32,8.0,65.45,Robin Heath,c48d59c3,895f44f0-b,0.0,South Joshuaborough,32.55,Returned
2025-04-16,Central,Technology,Machines,648.73,1.0,-61.91,Shane Cooper,fc9c126b,045cbea4-2,0.0,Markside,13.46,Cancelled
2023-05-09,East,Technology,Copiers,602.39,9.0,68.57,Ashley Ortega,17a8c3a3,e91ceb23-5,0.3,Nguyenfort,24.52,Delivered
2025-03-16,West,Technology,Machines,503.47,6.0,-91.33,Betty Rodriguez,06752942,12c6629e-9,0.1,Shannonstad,28.26,Delivered
2022-10-15,East,Furniture,Chairs,374.15,6.0,40.37,Joshua Price,fb62b885,c01add09-d,0.0,Amymouth,27.24,Delivered
2022-11-18,Central,Technology,Accessories,476.87,9.0,-70.89,Ashley Werner,df96b908,42dc3626-9,0.0,South Mary,38.24,Delivered
2025-06-16,South,Office Supplies,Binders,11.07,10.0,0.86,Stephen Hunt,2565e0fc,066068e1-0,0.1,South Charlesstad,39.76,Delivered
2024-09-19,Central,Technology,Phones,,4.0,113.04,Joe Johnson,21be0cb4,6b40fcad-a,0.0,West Michael,15.16,Delivered
2024-06-11,Central,Furniture,Tables,967.97,9.0,17.08,Mark Bennett,971a7896,e3cf4e14-d,0.2,Lake Brandonchester,17.47,Cancelled
2025-06-24,East,Office Supplies,Binders,221.82,7.0,33.78,Mary Miller,e36bc981,59abc439-1,0.1,East Mark,18.33,Returned
2025-02-16,Central,Office Supplies,Binders,457.95,6.0,72.63,Fernando Parker,dd962dd9,55f21039-f,0.1,Millerstad,22.18,Cancelled
2024-07-14,West,Office Supplies,Art,981.04,1.0,-181.81,Jill Dorsey,ba019243,df68b937-1,0.0,Lake Craig,8.04,Cancelled
2022-07-24,Central,Office Supplies,Binders,70.97,7.0,5.47,Tina Huerta,9001e2ff,15493510-6,0.0,West Michael,28.95,Delivered
2022-12-27,South,Furniture,Furnishings,457.67,8.0,93.03,Dominique Herrera,bfc48fb0,3ac48806-b,0.1,West Matthew,29.45,Cancelled
2025-06-14,West,Technology,Copiers,684.26,7.0,146.5,George Salazar,b5c44aff,aa910846-8,0.0,East Jason,38.37,Delivered
2023-03-08,Central,Office Supplies,Labels,917.9,2.0,6.66,Robert Chandler,7df60d32,0f134207-d,0.2,North Danielport,49.91,Delivered
2025-04-17,West,Technology,Copiers,326.6,4.0,56.77,Christine Hamilton,a0da9e6d,2875f3f5-8,0.2,Robertton,24.25,Delivered
2023-03-15,West,Furniture,Tables,327.28,3.0,16.31,Anthony Allen,c26d16b7,36cb134b-5,0.3,Port Paul,5.34,Delivered
2025-04-17,South,Office Supplies,Paper,27.04,10.0,5.86,Angel Burgess,57f9b0df,ee29835a-a,0.2,Shannonside,15.25,Delivered
2023-10-10,South,Office Supplies,Paper,705.17,10.0,14.66,Linda Collins,f93b7ce5,eaf49396-f,0.2,Michaelhaven,48.08,Cancelled
2025-02-09,Central,Furniture,Furnishings,43.37,2.0,6.62,Christina Carrillo,7cb72b77,e210c5cc-9,0.1,Lake Nataliechester,44.95,Returned
2025-07-09,West,Office Supplies,Binders,461.73,3.0,69.56,Timothy Lane,ec310c52,bad798b8-8,0.2,Romerofort,35.11,Returned
2024-02-26,South,Office Supplies,Paper,13.5,7.0,3.66,Matthew Lee,7f2853a6,6edd5a4e-9,0.0,Millerchester,44.98,In Transit
2024-06-28,South,Furniture,Bookcases,965.77,8.0,-25.37,James Brown,fe313667,f0aa9cd3-f,0.2,Lake Baileymouth,18.15,In Transit
2024-02-21,West,Furniture,Chairs,390.24,1.0,18.04,James Marshall,d343f560,7cc845cd-1,0.1,East Charlesborough,18.67,In Transit
2023-06-17,West,Furniture,Tables,232.73,1.0,-7.29,Ebony Tanner MD,dccf031d,91f05da8-8,0.0,Lake Justin,44.59,In Transit
2024-02-12,East,Office Supplies,Binders,63.51,3.0,10.95,Chase Johnson,980a6a0f,c7e66141-e,0.2,Lake Tina,25.26,In Transit
2025-03-15,West,Office Supplies,Binders,215.67,7.0,51.68,Benjamin Gutierrez,90d0f0ee,d5962099-a,0.1,North Vincent,5.99,Delivered
2024-05-17,South,Technology,Accessories,93.68,5.0,7.78,Jose Perez,57215280,6328fcf4-0,0.2,West Stephanieburgh,31.54,Cancelled
2024-04-29,Central,Furniture,Furnishings,263.44,9.0,,Anita Young,a75e1993,bc860572-d,0.2,West Maria,31.51,Delivered
2024-06-15,East,Furniture,Furnishings,,4.0,132.53,Michael Miller,2e71187f,6f942f93-a,0.1,Cervantesborough,26.62,Delivered
2024-08-24,East,Office Supplies,Binders,418.44,10.0,-22.3,Laura Cunningham,4b2a2adf,820a20c5-9,0.0,East Cynthia,25.7,Delivered
2024-03-23,Central,Furniture,Chairs,326.02,7.0,-40.12,Trevor Sanders,40220287,935c9a77-7,0.0,Robertsborough,40.42,Delivered
2023-12-21,East,Technology,Phones,,10.0,-2.55,Sue Nunez,a66b574f,210b6324-d,0.3,Scottview,49.62,In Transit
2023-11-20,West,Office Supplies,Paper,595.11,5.0,124.6,Jason Brooks,ebfaa498,36f0d23d-3,0.0,Kaitlinland,19.4,Delivered
2022-12-21,Central,Furniture,Chairs,502.04,,130.15,Kathleen Ballard,c327b83d,70140dc2-7,0.2,Bellton,39.93,In Transit
2025-03-20,South,Furniture,Furnishings,714.07,9.0,191.76,Patrick Chapman,60b6eba2,2aeb2034-e,0.1,West Austin,8.8,Delivered
2022-10-23,East,Furniture,Tables,117.38,3.0,-7.13,Courtney Peck,664a182d,0da9e7f2-f,0.1,South Julia,18.28,Delivered
2023-08-16,East,Office Supplies,Labels,34.75,6.0,2.78,Frank Williams,ac2cf1ac,ac01c6c5-f,0.2,Port Nicholaston,7.35,In Transit
2024-06-03,South,Furniture,Tables,,4.0,-2.35,Regina Rice,1e2cd117,9ede9307-6,0.2,Johnsonborough,46.62,Delivered
2023-01-05,West,Office Supplies,Art,969.28,1.0,-83.54,Jennifer Williams,97642854,d67ae1b8-b,0.2,Port Kristopherstad,39.5,Delivered
2022-10-19,Central,Technology,Accessories,688.07,9.0,150.86,Scott Contreras,c5ae0040,af4a1fc3-5,0.0,Clinemouth,31.19,In Transit
2023-06-21,Central,Office Supplies,Art,110.87,6.0,-5.27,Allison Mckay,de021560,f9cafd60-0,0.0,South Dalton,34.42,Delivered
2024-11-08,South,Office Supplies,Binders,750.6,7.0,-88.17,Mary Shea,d79c85c2,61975c78-b,0.1,Craigville,14.04,In Transit
2023-09-23,East,Office Supplies,Art,766.33,10.0,206.94,Catherine Smith,0381a812,90e5780f-3,0.0,North Paulhaven,49.65,Returned
2023-04-14,East,Furniture,Bookcases,99.82,2.0,7.24,Hannah Kim,9d4ed3b5,c3037934-3,0.0,New Thomasview,39.29,Delivered
2023-07-17,East,Technology,Copiers,727.25,4.0,-120.21,Johnny Paul,f911de27,2eadac72-a,0.0,Olsonfurt,21.11,Delivered
2024-06-30,South,Technology,Machines,110.98,8.0,-9.57,Mallory Schultz,15d949cf,70380db4-5,0.1,North Jeff,9.45,Delivered
2023-08-17,South,Technology,Accessories,544.1,7.0,110.88,Caroline Ramsey,61a7f622,b00a17c3-6,0.0,West Donnafort,13.92,Delivered
2024-06-23,Central,Office Supplies,Paper,626.81,2.0,183.8,Michelle Francis,5533c17d,7a1bc32b-a,0.1,East Sarah,45.57,In Transit
2024-09-12,East,Technology,Phones,961.01,4.0,-47.8,David Anderson,c42c2fc2,c55fdf0f-8,0.0,West Aaron,,In Transit
2024-02-06,West,Furniture,Furnishings,207.75,10.0,-23.55,Latoya Walker,eb17e81e,34501ea0-e,0.0,Elizabethview,35.72,Delivered
2024-05-10,Central,Technology,Accessories,424.88,6.0,101.09,Darin Smith,5c1adba9,8b5050c1-3,0.0,Lake Tanya,6.97,In Transit
2023-07-06,East,Technology,Phones,594.43,4.0,-13.07,Donna Hines,b2d4863e,06cfafe3-5,0.2,Gentryville,41.5,Delivered
2024-12-21,East,Technology,Phones,587.14,5.0,169.94,Debra Lopez,d2ec462c,c29e5e9b-7,0.0,Raymondtown,44.1,Delivered
2024-09-25,East,Office Supplies,Binders,260.85,9.0,-23.64,Craig Day,6af2f35e,dc8c4d7e-b,0.0,West Angelaberg,17.02,Returned
2023-10-09,East,Furniture,Furnishings,935.37,7.0,-12.78,Mrs. Leslie Schmidt,3e0c74fc,510ffac3-a,0.0,Johnsfurt,22.02,Delivered
2023-06-20,West,Office Supplies,Binders,537.76,3.0,98.21,William Nguyen,90cf9150,64b50677-4,0.3,Coffeyburgh,34.6,Delivered
2023-02-02,West,Furniture,Furnishings,809.98,5.0,-132.68,Linda Goodman,d89deae2,e4527990-9,0.2,Port Roberta,40.43,In Transit
2022-09-21,East,Office Supplies,Binders,881.45,4.0,257.15,Shelly Wise,cf58f492,3455efab-e,0.0,Charlesfort,37.46,Delivered
2023-05-11,West,Technology,Phones,287.01,7.0,82.87,Luis Peterson,d8086511,8d72ccf8-a,0.1,West Margaret,27.2,Delivered
2023-02-26,Central,Office Supplies,Binders,14.54,9.0,-2.69,Walter Luna,b7d2d427,b4aecbe9-d,0.0,South Annview,22.31,Delivered
2025-03-06,East,Furniture,Bookcases,708.91,4.0,-135.94,Ian Wright,1e383e71,814bef86-0,0.3,North Sarahshire,37.25,Delivered
2024-04-11,Central,Furniture,Tables,217.57,7.0,29.3,Jeremy Young,d7d9ba72,03be3072-1,0.0,North Yolandaside,23.73,Cancelled
2023-05-18,Central,Furniture,Furnishings,258.2,,54.33,Scott Valenzuela,caa9a078,22bfccd1-9,0.0,New Savannah,22.27,Delivered
2024-05-30,East,Furniture,Chairs,821.38,3.0,195.26,Kathryn Myers,705ae2ea,6d64c993-6,0.0,West Jermaine,20.87,Delivered
2023-02-14,South,Furniture,Chairs,717.19,4.0,3.11,Richard Allen,c48e2d4a,fc1c3cf0-d,0.0,Traceyville,20.17,In Transit
2024-09-19,East,Furniture,Tables,,2.0,-63.71,Carrie Ray DVM,02dee36a,30213996-3,0.0,Traciport,38.08,Delivered
2024-08-25,South,Office Supplies,Labels,822.14,2.0,227.31,Kimberly Marsh,e149b6ed,7648c4c9-9,0.1,,23.15,Cancelled
2025-07-08,Central,Office Supplies,Art,800.9,4.0,42.35,Steven Hernandez,add3245b,05fdf96d-d,,New Eric,33.93,Delivered
2023-12-07,East,Furniture,Tables,663.97,6.0,60.2,Alexis Solis,caf8aec7,cf77e2c4-e,0.2,New Brianbury,23.1,Delivered
2024-07-25,West,Furniture,Chairs,217.3,9.0,-28.16,Jason Terry,fc2a586b,62f3716e-0,0.2,Heatherton,44.67,Delivered
2024-10-03,South,Office Supplies,Binders,6.54,5.0,0.99,Kenneth Lee,ea338a02,60c4ea36-2,0.1,South Katherine,12.52,Delivered
2024-10-28,East,Technology,Phones,691.99,9.0,1.95,Cindy Lewis,a82d37a0,74ff5b67-3,0.1,Wilkinsmouth,28.63,Delivered
2022-12-10,Central,Office Supplies,Labels,428.44,3.0,-14.34,Matthew Chambers,d2f9de7c,e119a103-e,0.1,Burnsville,45.69,Delivered
2022-10-24,East,Furniture,Furnishings,456.11,4.0,102.45,Andres Cunningham,fd77aa76,2eda5e40-8,0.1,Tammymouth,,Delivered
2022-10-22,East,Office Supplies,Binders,717.51,2.0,56.04,Antonio Peterson,246f5411,0aafbaf7-d,0.0,South Leehaven,17.64,Delivered
2024-08-05,East,Technology,Accessories,835.49,9.0,199.49,Kimberly Thomas,ac537bf0,f85debf0-1,0.0,Richardborough,46.72,Delivered
2025-03-18,East,Office Supplies,Paper,443.9,4.0,-14.11,Brent Anderson,b959252e,c612e895-b,0.0,East Patrickfort,15.5,Delivered
2022-07-27,East,Technology,Phones,,10.0,-76.33,Danielle Arias,4a959c25,d503a024-b,0.0,West William,43.97,Delivered
2022-09-16,South,Office Supplies,Paper,652.4,8.0,-113.79,Julia Davis,8c5d2937,abfb3935-d,0.0,South Keith,33.4,Delivered
2024-03-02,East,Technology,Copiers,839.29,5.0,-20.49,Donna Young,e0634abb,54ff371d-e,0.1,Lake Thomas,10.26,Delivered
2023-08-06,East,Furniture,Chairs,925.71,7.0,-45.63,Darryl Boyer,3d26e0c5,acc8ae9b-3,0.0,Collinsfurt,16.14,Delivered
2024-03-18,West,Office Supplies,Art,138.54,7.0,-26.54,Jessica Anderson,fb8a5c2a,256d9e2a-c,0.1,South Brian,11.31,Delivered
2023-01-05,West,Office Supplies,Labels,807.28,,-87.59,Thomas Zimmerman,3553e015,a60fa0a3-e,0.1,Racheltown,8.52,Cancelled
2023-04-28,South,Furniture,Furnishings,685.59,9.0,-46.86,Michael Tanner,2f542ddc,db1c9aeb-c,0.0,Shellybury,26.0,In Transit
2025-01-31,Central,Office Supplies,Art,541.92,9.0,75.86,David Cummings,200f2582,58f01e13-6,0.2,Dicksonhaven,41.8,In Transit
2024-12-11,East,Technology,Copiers,367.75,6.0,-15.77,Anthony Nelson,475ac4cd,594ad624-7,0.2,New Robertburgh,25.06,In Transit
2023-06-03,West,Office Supplies,Labels,646.86,8.0,1.28,Christopher Jones,d8a1cb7d,c6073810-3,0.1,Lake Dawn,8.81,Delivered
2023-10-10,South,Furniture,Tables,582.84,2.0,-11.65,Jennifer Davis,63f4c869,3089278c-4,0.2,East Mariofort,23.82,Delivered
2025-01-17,South,Furniture,Chairs,242.11,5.0,-47.17,Claudia Weber,29880aa1,a87c3205-3,0.0,Meganberg,20.55,Delivered
2022-12-24,Central,Office Supplies,Labels,521.21,2.0,75.37,Theresa Hamilton,898dd445,fbc8c10c-7,0.0,Lake Christopherburgh,46.96,Delivered
2024-09-28,West,Office Supplies,Art,56.74,6.0,6.77,Megan Harper,3dbfaad7,17dc08d2-d,0.0,East Jamieport,9.73,Delivered
2025-06-13,West,Furniture,Bookcases,782.7,3.0,-115.89,Rachel Mclaughlin,b0219b56,d8695e18-8,0.3,Colemanborough,48.36,In Transit
2024-04-28,South,Furniture,Chairs,519.77,4.0,89.41,Rachel Mcdonald,24fd86b1,efcd43c5-8,0.0,Moorebury,8.03,In Transit
2024-01-02,West,Technology,Accessories,248.46,6.0,4.04,William Baker,277c4d3e,af353a96-a,0.0,Adrianburgh,35.94,In Transit
2023-08-04,Central,Office Supplies,Art,374.33,1.0,41.95,Stanley Davis,f4d15735,d57bc2e3-b,0.0,North Michael,39.41,Delivered
2024-12-15,South,Furniture,Furnishings,633.3,4.0,63.2,Austin Martinez,ac79dadc,ed5dc18d-5,0.0,Jenniferbury,46.15,Delivered
2022-07-24,Central,Technology,Accessories,312.41,7.0,-37.58,Allison Fernandez,3e4f30c1,5c03870f-9,0.0,Port Carrieville,37.14,Delivered
2022-08-14,West,Office Supplies,Art,819.51,6.0,-106.05,Kimberly Sullivan,1dc3785c,cd0c8c75-e,0.0,Waltonport,5.74,Delivered
2024-06-03,East,Technology,Accessories,888.04,1.0,-37.37,Tammy Gibson,565422cd,363af338-7,0.0,Marshallbury,14.64,Delivered
2022-09-21,West,Furniture,Bookcases,968.84,8.0,111.31,Jody Ponce,e66ac233,42190682-6,0.0,Port Cody,27.08,Returned
2023-09-27,Central,Furniture,Furnishings,961.16,10.0,209.09,Melissa Mitchell,9944d3a5,051d70b9-e,0.0,Mooreberg,23.16,Delivered
2024-07-14,West,Office Supplies,Labels,513.17,7.0,113.37,Jonathan Johnson,de680bc3,75bf76a2-7,0.1,New Matthewport,10.63,In Transit
2022-10-13,Central,Office Supplies,Art,62.29,7.0,-10.41,Heidi Peck,d9620c0b,88937ac7-c,0.0,South Edwardchester,38.44,Returned
2024-01-02,Central,Office Supplies,Paper,830.06,5.0,198.07,Michael Williams,4ccfcaa6,053b8866-6,0.1,Williamston,47.68,Delivered
2025-04-10,West,Office Supplies,Binders,988.12,2.0,-73.36,Tristan Martinez,cf04c7d9,7cd35e85-4,0.2,Port Scott,27.98,Delivered
2025-07-10,South,Furniture,Tables,722.25,6.0,51.82,Henry Walsh,2476ca26,9e4e77e9-e,0.2,Janiceborough,39.26,Delivered
2023-11-21,West,Office Supplies,Paper,149.67,3.0,6.24,Michelle Brooks,4336cb7c,e3ee41f7-0,0.2,Lake Gailville,10.67,Delivered
2023-01-14,Central,Technology,Copiers,730.71,3.0,82.11,Jennifer Hawkins,d7e63e98,bc4bc5fc-3,0.1,New Courtneybury,25.3,Delivered
2025-01-23,South,Technology,Copiers,,1.0,78.49,Steven Stein,d614d5be,0e4f0fb6-0,0.0,Johnmouth,13.74,Delivered
2025-03-18,South,Furniture,Tables,135.99,7.0,-15.02,Karen Green,24472e35,e27f4c9e-b,0.1,North Kevin,37.68,Delivered
2024-07-06,Central,Office Supplies,Binders,884.22,10.0,-174.59,Patricia Navarro,7b946e10,00d22fe5-1,0.2,Ritterborough,26.8,Delivered
2025-04-23,East,Furniture,Bookcases,8.49,3.0,-0.05,Amanda Perez,9029c09f,7aaed420-6,0.1,Bakerside,43.69,Delivered
2023-09-22,Central,Technology,Accessories,125.33,5.0,-10.69,Christopher West,fefe04b1,4f684ace-8,0.2,Taylorville,41.18,Cancelled
2023-05-10,Central,Office Supplies,Paper,33.95,4.0,6.2,Gina Berry,f783f8a9,b6be3ff5-a,0.2,Seanbury,13.78,Delivered
2023-05-06,Central,Office Supplies,Binders,43.62,10.0,7.5,Darrell Henry,31c89549,374b2b4b-7,0.0,Joneschester,25.19,Delivered
2025-05-08,West,Furniture,Chairs,430.46,6.0,41.19,James Maldonado,158cb883,586e2bd3-2,0.0,Port Alexis,19.74,Delivered
2023-07-28,Central,Furniture,Furnishings,634.0,6.0,86.03,Jonathan Ortiz,33546a1d,97945e9c-7,0.1,Lake Jonathanstad,20.62,Delivered
2025-05-03,East,Furniture,Tables,205.42,3.0,19.53,Alicia Sims,4e83554e,9854afe8-a,0.2,South Samanthaburgh,45.19,Delivered
2023-11-01,Central,Furniture,Bookcases,154.34,7.0,32.28,Elizabeth Russell,15b9beb5,eac6c5c5-d,0.0,South Tyler,18.4,Delivered
2023-03-21,West,Furniture,Bookcases,826.99,1.0,135.53,Olivia Franco,f60735a6,84d3731a-c,0.0,Taylorbury,47.59,Cancelled
2023-10-13,East,Furniture,Chairs,793.02,3.0,-1.71,Andrew Rodgers,ee9b70ce,92380030-5,0.2,Nathantown,17.41,Returned
2023-08-27,South,Office Supplies,Paper,661.72,10.0,180.2,Victoria Evans,5967cfb9,8fe91409-1,0.2,West Tammyview,32.42,In Transit
2024-10-02,Central,Technology,Phones,,1.0,35.59,Deborah Melendez,fbb58674,cd1c51ca-c,0.0,Timothyfort,40.57,Delivered
2023-06-08,West,Office Supplies,Art,158.93,5.0,47.59,John Schmitt,55d29df6,faccaef2-9,0.0,Scottfurt,15.4,Delivered
2025-03-17,West,Furniture,Chairs,381.43,8.0,78.98,Mr. Timothy Orr,d767ec5d,954ecfc1-9,0.0,Stephentown,15.78,Delivered
2025-02-25,Central,Furniture,Furnishings,934.32,6.0,196.18,Richard Mendoza,ebd7dd24,c5a1b9af-8,0.0,West Diana,46.83,Delivered
2024-05-02,Central,Technology,Accessories,951.57,5.0,165.46,Aaron Walker,5c6a9d49,6ef97d96-d,0.0,Erintown,,Cancelled
2024-07-30,South,Technology,Machines,389.12,7.0,-30.21,John Gordon,ebac01b0,71384248-3,0.1,Bryantmouth,9.98,Delivered
2025-02-05,East,Technology,Copiers,355.25,2.0,-67.85,Kelly Ryan,23031c6f,601f8944-b,,Whitneyton,7.07,Delivered
2023-04-17,East,Furniture,Furnishings,799.25,3.0,204.81,Amanda Hughes,8994a111,68fc0380-1,0.2,West Robert,11.01,Delivered
2025-04-21,South,Technology,Accessories,258.71,,-24.0,Lori Smith,9ba5a400,4476916e-2,0.3,Smithland,14.77,Delivered
2025-01-09,East,Furniture,Chairs,572.06,2.0,-32.77,Stephen Poole,755780e0,7ddcdfdc-9,0.1,Davidville,38.47,Returned
2024-07-05,Central,Office Supplies,Paper,262.3,8.0,71.17,Cynthia Jones,53b49866,002ae012-4,0.3,East Andrea,18.71,Delivered
2023-05-27,West,Office Supplies,Binders,904.09,4.0,-21.44,Michelle Brown,ba81f1b2,a534a120-b,0.3,South Cody,32.39,In Transit
2025-02-21,East,Office Supplies,Art,746.43,2.0,186.53,Danielle Robinson,8f4bffa4,c6118208-e,0.0,Morganchester,19.33,Delivered
2023-08-13,West,Technology,Accessories,922.72,6.0,224.67,David Farley,7a0f760f,583d93fe-5,0.1,Bateston,49.87,Cancelled
2024-09-29,West,Office Supplies,Art,217.0,6.0,30.51,Roger Tucker,1797f849,20c61403-2,0.0,Wandastad,25.2,In Transit
2023-07-06,South,Furniture,Furnishings,451.36,9.0,34.42,Lori Cuevas,f90771fd,cb540e6a-4,0.0,Jeffreyview,39.6,In Transit
2022-09-27,East,Office Supplies,Paper,248.02,8.0,,Derrick Campbell MD,cf30dfaf,3b22118b-8,0.1,East Allen,32.48,Delivered
2025-06-30,Central,Office Supplies,Binders,849.81,3.0,69.17,Mike Gomez,be4a9806,c028fcf9-b,0.1,New Amberfort,20.97,In Transit
2024-01-07,Central,Office Supplies,Art,122.04,8.0,7.71,Jesus Brown,6ecd7b4b,b475836d-0,0.0,Watkinsmouth,25.86,Delivered
2024-07-07,Central,Technology,Accessories,54.12,7.0,-4.51,Gerald Cohen,b44dc5d8,1361358c-a,0.3,Davidmouth,37.3,In Transit
2025-06-16,East,Furniture,Chairs,44.81,7.0,,Tina Kerr,53323bc6,fa54078c-d,0.0,Philipberg,20.77,Delivered
2022-10-03,South,Office Supplies,Art,690.36,10.0,147.61,Brian Moore,86a43f80,57b43625-0,0.1,Markhaven,7.0,Delivered
2023-01-07,South,Furniture,Bookcases,,8.0,150.97,Brittany Schwartz,2e9de9a5,3606758e-8,0.2,West Meaganstad,25.67,In Transit
2022-11-24,South,Furniture,Bookcases,981.95,8.0,,Stephanie Heath,9c128b89,bfdd3445-b,0.0,Port Colleen,35.1,Returned
2024-06-03,South,Furniture,Tables,451.61,10.0,52.59,Chloe Lyons,e67d52d8,3b086efd-c,0.1,Lake Sharon,28.91,In Transit
2024-06-03,East,Furniture,Chairs,686.0,4.0,-77.01,Dustin Sandoval MD,0fa39bcb,eda8473f-c,0.0,Port Sharonview,16.57,Delivered
2023-11-13,East,Technology,Copiers,886.83,2.0,114.65,Sharon Barrett,fd27091a,657aaedb-0,0.2,Whiteborough,34.28,Delivered
2023-09-02,Central,Office Supplies,Labels,817.89,6.0,-60.93,Mrs. Stacy Bradley MD,ea8de0ad,78807252-c,0.0,Gallagherland,32.59,Returned
2023-01-19,South,Technology,Phones,643.76,2.0,-31.32,Jessica Baker,45e9dc55,8af48e58-0,0.1,Jamestown,30.23,Delivered
2024-03-25,East,Technology,Accessories,46.85,6.0,-9.28,Leah Scott,17052648,e4bcb57c-f,0.2,Jacksonbury,25.54,Delivered
2025-03-15,West,Furniture,Furnishings,243.73,1.0,58.23,Rachel Rodriguez,7158e81c,d017a1ef-f,0.2,Sharonborough,37.49,Returned
2024-12-25,West,Furniture,Furnishings,518.17,7.0,133.0,Joshua Williams,56155ee9,d3bb5722-0,0.0,North Brittanyton,9.28,In Transit
2024-08-15,Central,Furniture,Bookcases,,2.0,213.5,James Owens,008205e3,882c6963-e,0.1,Donaldfurt,14.98,Delivered
2024-03-30,East,Furniture,Tables,773.33,,145.68,Janet Jones,734c7cf0,a8ac65a0-d,0.2,Sarahchester,16.54,Cancelled
2025-05-30,Central,Technology,Phones,97.1,3.0,22.12,Derrick Butler,765d79a5,ed3dd1b8-8,0.0,South Jamesview,18.6,Delivered
2023-09-02,East,Technology,Accessories,870.64,9.0,-172.57,Melissa Richardson,48410d52,865d4c04-4,0.2,Stephaniefurt,16.38,In Transit
2023-08-19,Central,Furniture,Bookcases,290.88,8.0,,George Anderson,7f88627c,05342cb6-a,0.2,Port Katherineberg,44.12,In Transit
2023-01-23,Central,Office Supplies,Paper,244.59,9.0,65.37,Kelly Murphy,02ceaa11,fd9a6b2a-5,0.0,Michaelfurt,11.18,Cancelled
2023-10-19,South,Office Supplies,Labels,343.14,3.0,,Danielle Young,59878b00,3fc91f02-5,0.0,North Michaelberg,24.4,Delivered
2025-01-09,Central,Office Supplies,Art,979.77,8.0,270.05,Traci Ramirez,9b7a8062,24e53c71-8,0.0,Port Joyport,48.25,Delivered
2025-03-13,East,Furniture,Chairs,581.44,3.0,155.49,Amy Baker,92e804cf,a142d10f-4,0.2,Lake Patrick,12.77,In Transit
2023-04-16,West,Furniture,Chairs,313.97,3.0,63.75,Kimberly Franklin,0f652f30,651ef930-e,0.0,New Joseph,10.83,In Transit
2024-04-08,East,Furniture,Chairs,484.29,2.0,121.86,Steven Kaufman,d6799e97,5b247425-2,0.1,Port Lindaberg,27.52,Cancelled
2024-09-23,South,Office Supplies,Labels,347.49,3.0,11.61,Patrick Christian,3e802499,d205432f-a,0.1,Aliciaside,38.07,Delivered
2023-09-19,East,Office Supplies,Labels,95.05,,3.15,Danielle Rice,950b458b,a3fe031e-0,0.1,Riosside,6.82,Cancelled
2023-08-11,South,Technology,Copiers,213.62,7.0,19.46,Rebecca Johnson,7b3af935,3db6181b-6,0.0,Port Melanietown,40.19,Cancelled
2024-06-23,South,Technology,Accessories,986.66,3.0,-162.36,Benjamin Gonzalez,fa2bc89b,4d85ba20-4,0.2,Lake Jill,23.66,Delivered
2024-03-14,South,Furniture,Tables,314.77,4.0,48.29,Jordan Cox,93d18726,5148c7f3-2,0.0,Benderton,41.23,Delivered
2024-05-25,South,Office Supplies,Binders,631.61,7.0,43.92,Cynthia Johnson,f9ec4c55,48dca5d7-2,0.0,Haynesside,25.16,Cancelled
2023-02-24,South,Furniture,Tables,551.97,3.0,108.46,Scott Collins,ec226854,bae2a26e-e,0.0,Shelbyfurt,25.79,Delivered
2022-10-15,South,Furniture,Chairs,25.34,10.0,-0.01,Billy Foley,d631b3e6,7709faa1-f,0.0,Frankhaven,16.05,Delivered
2025-03-25,South,Furniture,Furnishings,27.97,9.0,1.07,Laura Lynch,4ea8fab8,ea6224e0-e,0.0,Jonathanmouth,17.03,Delivered
2023-10-31,Central,Furniture,Tables,136.13,7.0,38.51,Douglas Yang,0dfda440,2bb64d03-2,0.2,,32.01,Delivered
2025-02-28,West,Furniture,Furnishings,844.57,4.0,153.47,Stacey Miles,8682a41f,56f0d2e4-e,0.0,West Jessicaside,36.14,In Transit
2025-02-08,West,Furniture,Chairs,847.48,10.0,-88.48,Aaron Johnson,473fb745,60292e3f-b,0.3,East Crystalstad,17.85,Delivered
2024-06-22,East,Office Supplies,Labels,730.29,6.0,-67.45,Jessica Wilson,085fbab6,27e1b8d6-3,0.0,Solomonchester,13.58,Delivered
2023-05-07,South,Technology,Accessories,993.15,7.0,206.19,Andrew Reed,054ebaef,e3e77019-2,0.0,Port Cody,21.92,In Transit
2023-05-25,Central,Technology,Copiers,819.52,3.0,-9.93,Christopher Reed,77fd3d3b,b1df126a-c,0.1,West Erin,11.58,Delivered
2023-05-12,West,Technology,Phones,145.39,3.0,28.6,Kyle Baird,cc566330,143a192a-8,0.0,West Devinbury,33.52,In Transit
2024-06-25,Central,Technology,Phones,425.32,1.0,-56.23,Shannon Elliott,2b2442e5,28c13595-b,0.0,Lake James,29.85,Returned
2023-12-11,West,Technology,Accessories,486.88,7.0,71.4,Julie Lee,e2e3bb58,cd29feea-6,0.0,South Ryan,30.55,Delivered
2024-01-03,East,Technology,Phones,670.39,,-72.7,Ms. Mandy Espinoza,f65b8862,93bfeecd-b,0.1,Cathymouth,24.73,In Transit
2022-12-03,West,Technology,Phones,311.19,5.0,22.21,George Stephens,9cf50e92,05df4c6a-8,0.0,East Beverly,37.8,Delivered
2025-07-02,East,Technology,Copiers,830.14,10.0,,Eric Calhoun,b18a187f,fdff9f41-1,0.0,South Lisaton,29.04,Delivered
2022-09-23,West,Furniture,Tables,114.62,,17.52,Jennifer Roberts,d3f3bb86,0848e2ce-9,0.2,Port Charleshaven,49.19,Delivered
2023-03-18,East,Technology,Copiers,730.01,4.0,170.86,Brett Sanders,53a1e274,ea9e731f-9,0.2,West Brandonfort,31.48,Delivered
2025-04-10,Central,Technology,Accessories,642.72,3.0,,Dr. Rodney Larsen,40dcb4a0,ab8d53f9-5,0.0,Williammouth,28.19,Delivered
2023-03-04,West,Technology,Machines,391.65,4.0,-54.33,Brian Peters,fd8f10d8,9928e986-8,0.0,Scottport,11.43,Delivered
2025-01-26,South,Office Supplies,Art,519.28,7.0,-41.79,Ashley Johnson,d0f2696e,d03baba3-c,0.0,Sarahburgh,14.78,Delivered
2024-06-14,West,Furniture,Tables,374.72,2.0,24.78,Ruben Hughes,2ad5e588,0918c8f1-b,0.0,Waynemouth,9.23,Returned
2024-07-29,East,Office Supplies,Binders,318.4,1.0,-49.36,Luke Mendoza,e1016eff,9de07a40-9,0.1,South Marcustown,34.4,In Transit
2023-09-14,East,Furniture,Bookcases,,7.0,232.23,Anthony Leon,a654bb00,99a2c649-a,0.2,Patriciaburgh,48.19,Delivered
2025-01-13,West,Furniture,Chairs,763.97,9.0,81.14,Erin Watkins,5dc43731,d4b6768f-1,0.1,Jochester,13.85,Cancelled
2022-12-07,West,Technology,Machines,200.69,8.0,-14.62,Edwin Hall,903d110f,03bf4548-b,0.0,Markburgh,6.59,Delivered
2022-10-22,East,Furniture,Furnishings,270.68,1.0,39.72,Sheila Solomon,9211d5a4,5e58a635-a,0.0,Jonesborough,19.74,Delivered
2023-06-10,Central,Office Supplies,Art,,4.0,29.51,Dr. Sarah Pope MD,faf43ea7,8ac20c36-e,0.2,New Lindahaven,43.7,Returned
2023-09-02,South,Technology,Accessories,802.3,10.0,140.87,Randy Wong,d746336c,c1ab100f-5,0.0,Millsbury,16.27,Delivered
2022-08-27,Central,Technology,Copiers,802.86,7.0,-9.57,Michelle Wright,6710fc86,381c5b61-3,0.2,Stonemouth,23.74,Delivered
2024-08-23,East,Technology,Machines,122.61,4.0,-15.99,Richard Reynolds,f247aaa2,eb80f4ac-3,0.3,Lake Judith,17.28,Cancelled
2023-01-22,Central,Office Supplies,Labels,663.21,5.0,109.64,David Mitchell,78c248a5,f7a3c2f7-8,0.0,Port Cheyenneshire,21.7,Delivered
2024-08-07,West,Technology,Accessories,423.1,10.0,51.08,Lynn Brennan,5d9e180a,360fda0b-a,0.0,North Kelliberg,49.77,Returned
2022-08-07,South,Office Supplies,Paper,890.78,8.0,68.81,Jillian Martinez,d8283212,17766df0-d,0.0,New Heatherport,32.82,Cancelled
2024-09-22,Central,Furniture,Furnishings,686.24,9.0,24.54,Maria Jordan,00d684c4,b7d38038-c,0.0,North Amy,,In Transit
2025-07-05,Central,Furniture,Bookcases,544.31,9.0,136.91,Cassidy Singh,bc7105a3,c53823bf-d,0.0,East Jill,5.04,Delivered
2023-02-02,South,Furniture,Tables,804.59,5.0,-82.3,Amanda Nguyen,97b0b37b,ae313157-3,0.0,South Jo,43.79,In Transit
2024-09-15,West,Technology,Machines,114.96,4.0,-8.35,Carolyn Henderson,f25d7409,2ff51301-5,0.0,Mooreside,9.59,Delivered
2025-05-09,South,Technology,Phones,399.39,,99.34,Mark Yang,534985a6,e37cdfe1-6,0.0,Beltranfort,47.17,In Transit
2023-10-10,East,Technology,Copiers,445.76,6.0,86.23,Patricia Gonzalez,6f8619ba,228c70a5-2,0.1,Lake Bruce,37.72,Delivered
2023-04-12,East,Furniture,Chairs,926.02,9.0,-20.15,Travis Jones,8c553d83,5f1d3560-f,0.0,East Heather,33.54,Delivered
2024-02-26,East,Office Supplies,Art,103.45,6.0,,Cheryl Jones,208668ed,984fbbb3-e,0.2,West Sandra,18.81,Delivered
2022-12-27,West,Furniture,Bookcases,796.92,9.0,-76.16,Caitlin Young,802fb82e,0f8bba14-8,0.2,South Nathanmouth,33.53,Cancelled
2023-09-19,West,Furniture,Bookcases,973.06,9.0,263.5,Bradley Moore,f3bdd8ef,30a81619-6,,Marksview,41.88,Cancelled
2022-09-02,Central,Office Supplies,Labels,937.59,8.0,,Kayla Hatfield,5ec5563f,8bac434c-8,0.0,Nicoleburgh,16.38,Delivered
2023-10-29,Central,Furniture,Chairs,180.61,9.0,10.71,John Taylor,b3ac97cc,ac2fcb7d-a,0.0,Emilystad,6.45,Cancelled
2024-02-10,East,Technology,Accessories,203.63,3.0,-9.48,Cynthia Williams,e7093d8d,ab963792-f,0.0,,8.65,Delivered
2022-11-13,Central,Office Supplies,Art,59.39,1.0,-1.43,Stephanie Woods,332f564c,7c211b3d-a,0.0,Martinezchester,6.18,Delivered
2024-11-22,Central,Office Supplies,Binders,950.23,5.0,201.21,Ryan Contreras,602affc0,f4541b86-2,0.2,Butlershire,7.45,Delivered
2023-03-19,West,Furniture,Bookcases,516.47,9.0,-36.03,David Hobbs,48242b00,3080ee5b-8,0.0,Lake Monique,12.61,Delivered
2025-06-09,South,Office Supplies,Binders,818.12,3.0,-17.69,April Cook,e8a98276,1f5a8e8d-a,0.0,Turnerfurt,32.77,Delivered
2024-09-08,South,Office Supplies,Binders,10.29,3.0,2.24,Sara Hardy,b440c1d6,ec5b78f6-8,0.0,Flowersmouth,28.99,Cancelled
2023-02-18,East,Office Supplies,Binders,278.91,1.0,-54.86,Antonio Shannon,03552265,cdada5b6-b,0.0,Wagnerhaven,11.58,Delivered
2023-09-06,Central,Furniture,Tables,529.18,1.0,-47.84,Brandi Taylor,5350f179,fd2f7626-e,0.2,Reginaburgh,10.59,In Transit
2023-10-08,West,Technology,Accessories,953.41,1.0,-116.77,Marie Terry,b647629e,8df4feac-7,0.2,Prattbury,6.92,Delivered
2024-10-05,Central,Office Supplies,Binders,222.09,7.0,-43.88,Mr. Austin Wilson,9290716f,408f0079-f,0.0,East Todd,46.38,Delivered
2025-04-18,West,Furniture,Chairs,5.43,5.0,0.23,Scott Ramirez,bbae63e4,fdc2188a-a,0.0,East Crystal,25.78,In Transit
2023-10-03,East,Furniture,Chairs,283.13,9.0,60.42,Gregory Roberts,8d75fc04,4abc9dda-8,0.0,South Michelleview,5.45,Delivered
2024-04-01,West,Office Supplies,Art,442.4,3.0,-5.51,Traci Rodriguez DVM,eb9e78d2,a10a367d-2,0.2,North Danielview,13.78,In Transit
2023-10-08,East,Office Supplies,Labels,90.52,10.0,11.15,Joanna Smith,f5f1b02c,b62b5810-5,0.2,East Rebecca,48.17,In Transit
2023-02-08,West,Technology,Machines,294.06,3.0,85.77,Anita Ruiz,6324b967,5492bd02-d,0.1,Jasminehaven,45.6,Delivered
2022-10-12,East,Technology,Machines,479.14,,-67.75,Eric Miller,b2f68fb1,42148ee2-9,0.1,Markland,37.98,Delivered
2022-09-18,South,Office Supplies,Binders,522.82,3.0,137.4,Joshua Hendrix,ecdd9892,2bf4095f-0,,South Henry,22.86,Cancelled
2024-12-20,East,Furniture,Furnishings,471.22,8.0,23.01,Samantha Cortez,03dcc48b,91d44717-a,0.2,South Jameston,14.13,Delivered
2025-03-12,Central,Furniture,Tables,112.19,2.0,28.45,Derrick Smith,4979ed2a,2caf18a6-e,0.0,Port Jamieburgh,23.66,Delivered
2023-12-07,East,Furniture,Furnishings,673.94,2.0,36.22,Jessica Mcmillan,c5dc6dd7,1b811e8f-a,0.0,Mitchellmouth,40.62,Delivered
2022-08-14,Central,Technology,Copiers,124.01,10.0,-9.32,Jared Norman,c8605fb6,f0decc5b-b,0.0,Howardburgh,39.19,Returned
2023-02-17,Central,Furniture,Tables,353.44,6.0,-8.13,Melissa Boyd,00892689,08b79cc0-f,,Wolfeburgh,20.56,Delivered
2024-11-13,East,Furniture,Bookcases,562.68,4.0,18.85,Scott Griffin,d1c14163,125d6444-a,0.3,Peterburgh,19.86,In Transit
2025-06-21,West,Technology,Machines,408.55,2.0,-8.64,Kara Calhoun,0e18e245,79c80371-d,0.3,Ericview,9.97,Cancelled
2023-08-01,South,Office Supplies,Paper,886.8,7.0,-128.42,Lisa Moore,152648e9,ab976c34-d,0.2,North Ashley,33.71,In Transit
2023-01-23,Central,Office Supplies,Binders,558.07,7.0,-72.54,Tricia Young,2796c989,b0f49a5a-d,0.0,Michellestad,45.49,Delivered
2024-04-17,East,Furniture,Chairs,771.19,2.0,-39.3,Sandra Brown,6d72e616,a65cf49e-1,0.0,Washingtonmouth,8.38,Delivered
2024-06-28,Central,Furniture,Furnishings,344.04,3.0,-17.93,Megan Shaw,3a3a0c41,14e42763-a,0.1,Schwartzview,33.84,In Transit
2024-11-30,South,Technology,Copiers,920.85,4.0,121.11,Miss Samantha Benson,049a1889,55f2a4bd-a,0.3,West Anthony,10.32,Delivered
2022-11-16,Central,Office Supplies,Art,553.9,7.0,151.08,Jessica Young,e717945c,e6905a97-9,0.0,North Rachel,39.24,Delivered
2022-07-28,East,Office Supplies,Binders,572.05,8.0,115.12,Brenda Snyder,e0479bcc,b07ea9fb-d,0.3,Kimland,32.87,Delivered
2023-01-11,Central,Furniture,Furnishings,413.27,6.0,89.64,Thomas Smith,7b3aeb81,b7d7b2e0-b,0.0,Marymouth,38.35,In Transit
2024-09-06,Central,Office Supplies,Paper,899.95,10.0,-87.67,Dr. Joseph Burch,18d87439,be17d049-3,0.2,Lopezberg,33.49,Cancelled
2023-09-10,East,Office Supplies,Art,712.66,7.0,-122.9,Victoria Hill,3be59fa9,995a2d03-d,0.3,New Heather,27.82,In Transit
2023-04-08,East,Office Supplies,Binders,413.31,7.0,11.27,Daniel Carter,88e0e130,e17afc6f-f,0.0,Samuelchester,28.95,Delivered
2023-02-21,Central,Furniture,Bookcases,743.8,8.0,14.67,Christina Johnson,c6e2c494,22446619-0,0.2,East Courtneymouth,35.43,In Transit
2024-08-04,Central,Office Supplies,Art,590.51,5.0,-22.12,Erika Tucker,5a51d31f,9b64b1cf-9,0.2,New Erikastad,42.39,In Transit
2024-09-23,East,Technology,Phones,190.51,8.0,22.92,Allison Ali,bb42e94b,904e7e5c-a,0.0,Smithside,42.72,Delivered
2023-08-26,East,Office Supplies,Art,740.23,3.0,-55.18,Chelsea Allen,28df8c84,e67bfd06-9,0.2,Bradyburgh,7.38,In Transit
2024-06-27,Central,Technology,Copiers,92.5,9.0,-15.67,Michael Lee,ac18289d,d7bbd6fa-6,0.2,Port Johnnyshire,6.7,Delivered
2024-07-20,West,Technology,Phones,77.81,3.0,8.06,Rebecca Adkins,3a4ca88c,8d98100a-6,0.2,East Jeremiahbury,19.39,Delivered
2024-10-03,East,Furniture,Furnishings,80.88,5.0,22.27,Jessica Lopez,040c60ac,67e6bbde-0,0.1,New Michaelstad,17.4,Returned
2024-08-18,South,Technology,Copiers,375.04,9.0,-67.37,Kirsten Mora,38bb018b,c0b664bd-8,0.0,North David,11.17,In Transit
2023-02-10,East,Office Supplies,Paper,,1.0,129.47,Kenneth Riley,8e57b64b,4141bc5d-6,,Moniquebury,41.79,Cancelled
2024-08-22,East,Technology,Machines,232.95,5.0,42.13,Annette Ball,0c6fe78f,882cd7fd-2,0.0,Port David,36.79,In Transit
2023-12-23,South,Office Supplies,Paper,581.73,8.0,42.6,Charles Sanchez,993de645,085e1083-4,0.0,Zamorafort,6.59,In Transit
2023-04-24,East,Furniture,Bookcases,887.32,1.0,96.03,Roger Moreno,100d939c,91911ec6-5,0.0,Amandaberg,47.31,Delivered
2025-04-24,East,Furniture,Tables,659.14,7.0,-115.14,Scott Floyd,1d3e1d65,930889e3-5,0.0,West Allisonstad,44.39,Delivered
2023-07-02,East,Furniture,Bookcases,784.64,2.0,-2.85,Kevin Briggs,235b8edd,44361719-c,0.0,South Brett,24.75,Delivered
2024-09-23,West,Furniture,Chairs,492.98,10.0,143.6,Sandra Jenkins,46860454,c4f1a310-5,0.1,Eatonton,38.94,In Transit
2024-08-19,West,Office Supplies,Art,497.05,4.0,70.58,Kevin Logan,be0c33fa,c012d934-4,0.0,North Jessica,39.92,Delivered
2025-04-10,West,Technology,Accessories,334.17,10.0,33.1,Walter Morton,6cc37ffd,027d9efd-d,0.3,Jenkinsport,25.67,Delivered
2023-11-16,East,Furniture,Furnishings,649.86,8.0,137.74,Julian Butler,484ff48b,0ef9592f-9,0.0,Johnton,12.74,Delivered
2024-10-17,South,Technology,Phones,,2.0,-11.24,Kelly Cameron,f8d02d4d,ed4d9881-5,0.0,Lake Davidmouth,41.05,Delivered
2025-05-15,Central,Technology,Copiers,12.61,4.0,-1.02,William Rangel,a748668f,bf3f2616-5,0.0,East Joseph,35.16,Returned
2024-12-05,East,Furniture,Tables,625.37,5.0,-75.58,Anne Parker,1e186d00,78556a30-3,0.2,Andrealand,45.8,Delivered
2025-04-24,South,Furniture,Bookcases,873.36,6.0,-83.38,Matthew Harper,b192818c,3d472139-1,0.0,Guerrerochester,25.75,Delivered
2023-09-05,West,Technology,Accessories,389.77,5.0,8.99,Nicholas Fox,0d48fa7a,c074dd63-4,0.2,Howellberg,21.57,In Transit
2023-01-07,East,Office Supplies,Binders,740.56,8.0,68.77,Karina Patel,c3d253e5,e565acce-6,0.0,Hornborough,37.96,Delivered
2023-09-20,South,Technology,Machines,932.51,4.0,265.88,Robert Fowler,bbcf5c4a,ba59d0a7-4,0.2,Lake Thomas,45.32,In Transit
2024-10-22,East,Office Supplies,Art,267.15,2.0,41.22,Christopher Ramos,fb0f11da,7a148d1e-5,0.0,Gregorytown,25.68,Returned
2024-07-02,Central,Office Supplies,Paper,499.95,9.0,-29.38,Pamela Brooks,ba1efc24,74120c52-8,0.3,Ashleyside,24.45,Delivered
2023-10-17,East,Furniture,Chairs,835.69,9.0,105.2,Melissa Harper,6b24bce1,a6522ec6-0,0.1,New Suzanneview,22.24,In Transit
2024-09-02,East,Furniture,Tables,247.42,7.0,33.36,Melissa Taylor,0d7e1083,6b3a81f0-2,0.3,East Charles,40.18,Delivered
2023-01-10,Central,Technology,Machines,763.76,9.0,141.0,Ryan Foley,1aa59cd3,cc2b21e8-9,,Michaelmouth,6.0,Delivered
2023-08-28,Central,Technology,Copiers,767.19,3.0,142.94,Cynthia Williams,558352dc,622e7c0a-8,0.0,Evanschester,19.88,Delivered
2024-08-12,Central,Office Supplies,Binders,410.44,4.0,-2.68,Adam White,8ca466a6,e4818a05-c,0.0,Hollandtown,37.5,Returned
2023-09-08,South,Office Supplies,Binders,716.59,5.0,19.36,Brian Frederick,d70c8c07,4b9bad6b-2,0.2,Port Rachel,33.86,In Transit
2024-07-22,South,Technology,Machines,79.78,2.0,-12.9,Christopher Baker,ed5b8003,81e2abb0-6,0.2,Tinastad,5.55,Delivered
2022-11-28,South,Technology,Copiers,865.91,7.0,178.49,James Walker,827a4c71,34228453-3,0.0,Foxberg,45.82,Delivered
2025-04-14,Central,Technology,Machines,677.84,7.0,176.36,Zachary Martin,3cb0ff04,34db8738-4,0.0,Matthewbury,11.27,Delivered
2024-12-09,West,Technology,Machines,827.01,7.0,242.75,Heidi Pearson,f50b7612,0622e21d-8,0.0,Stephentown,37.68,In Transit
2023-11-10,South,Office Supplies,Labels,814.36,6.0,-58.5,Curtis Sullivan,50852c65,59c809a1-d,0.0,Timothyhaven,30.86,Delivered
2022-08-06,West,Technology,Accessories,342.15,9.0,20.76,Richard Crawford,ca411ca0,99f379a8-f,0.0,Lake Tracieport,37.91,Delivered
2024-09-08,South,Furniture,Tables,384.94,,-54.96,Katherine Arnold,ac8c2937,bf408e80-3,0.0,Donaldmouth,48.22,In Transit
2022-09-10,East,Office Supplies,Labels,658.2,10.0,-51.95,Danielle Johnson,72cf4dc6,886e7959-b,0.0,Lisafurt,12.51,Delivered
2023-07-20,Central,Office Supplies,Art,,4.0,185.42,Samantha Campbell,a304e668,f01e1ca8-5,0.0,West Katie,30.23,In Transit
2024-08-10,West,Office Supplies,Binders,890.17,2.0,213.59,Deborah Walton,cced424e,4eade8b0-5,0.0,Port Allenview,7.6,Delivered
2022-10-20,West,Technology,Copiers,623.61,5.0,-54.96,Julie Alexander,c6202388,b059de89-f,0.2,Rachelberg,35.91,In Transit
2023-10-08,South,Furniture,Chairs,441.88,9.0,22.36,Samantha Gibson,3f1bc2f8,fef960e9-0,0.2,Robertport,25.46,Delivered
2024-07-30,Central,Furniture,Chairs,72.33,10.0,4.51,Olivia Hinton,9cc6a92f,95b7e28e-f,0.2,Lake Richardmouth,39.88,Delivered
2023-05-06,Central,Technology,Copiers,436.56,4.0,99.57,Dylan Johnson,35fdda9f,0bf1e5f7-2,0.0,Lopezville,26.73,Delivered
2023-08-24,West,Technology,Copiers,558.05,7.0,-47.64,Sarah Wise,0bd7248a,b9f1edf2-8,0.3,West Seanville,29.87,Delivered
2025-05-02,South,Office Supplies,Binders,622.97,5.0,-28.03,Jason Ruiz,411d440e,a2d50d93-c,0.2,West Christopherburgh,38.51,In Transit
2023-03-25,Central,Furniture,Chairs,528.67,8.0,106.57,Justin Wilkins,48ac934e,9235b9df-9,0.0,South Michael,29.8,Delivered
2024-09-04,Central,Office Supplies,Labels,539.78,10.0,96.53,Vernon Fowler,b5002abe,7428d103-5,0.2,Nicholasmouth,8.17,Delivered
2023-04-10,Central,Furniture,Tables,538.22,3.0,110.17,Marissa Wilson,d4a2b103,32107868-1,0.2,Anthonymouth,,Delivered
2024-06-19,East,Furniture,Tables,877.22,8.0,,Michael Velasquez,15862883,3468b364-d,0.0,New Joseside,29.21,Delivered
2024-04-22,East,Technology,Phones,975.53,1.0,229.51,Stephen Dodson,627e7c4f,d4365c05-d,0.0,Weberland,46.32,Delivered
2022-10-16,East,Technology,Phones,335.66,8.0,0.69,Richard Griffith,3597f618,47245b45-e,0.2,Latoyamouth,41.66,Delivered
2023-11-01,East,Office Supplies,Paper,904.5,6.0,221.47,Carol Rogers,4c7ca101,f28b5e3f-1,0.2,New Elizabethborough,5.13,In Transit
2023-04-23,West,Furniture,Tables,519.78,7.0,86.45,Shirley Ross,fb4bc383,82f43275-1,0.2,Lake Kimberlyhaven,,In Transit
2024-11-09,South,Office Supplies,Binders,35.2,2.0,6.63,Nicholas Morales,2506c65c,69140a36-c,0.0,Smithberg,43.71,Delivered
2025-04-06,South,Office Supplies,Labels,394.45,6.0,41.16,Charles Fuentes,884db027,e0e3d832-a,0.0,South Billy,31.28,Delivered
2025-04-24,West,Technology,Copiers,343.7,4.0,33.92,Jordan Mccormick,150d3c3f,978fe267-1,0.1,West Elizabeth,5.18,Returned
2023-08-08,South,Office Supplies,Paper,877.83,3.0,213.3,Mario Carter,36f95b6b,94ca084b-e,0.0,Williamsberg,6.6,Delivered
2022-08-01,South,Technology,Machines,881.41,6.0,170.85,Jamie Garcia,c4cf0e93,f8cb800f-9,0.2,Davidmouth,20.43,Delivered
2025-01-10,West,Furniture,Tables,339.53,7.0,,Kimberly Rodriguez,90f4137b,52bc525d-b,0.2,Lake Sethside,24.55,Delivered
2024-07-14,West,Office Supplies,Art,766.01,5.0,-138.74,Eric Myers,9f69f37d,b153216b-6,0.0,Samuelhaven,35.79,In Transit
2023-05-09,West,Office Supplies,Binders,811.54,4.0,18.74,Thomas Valdez,17516c5f,8beeb4bf-6,0.0,New Cameron,38.44,In Transit
2022-10-29,West,Technology,Phones,844.52,9.0,101.46,Sarah Horne,ebf1f34b,87eb1c7d-9,0.0,Masseyport,9.5,Delivered
2023-01-20,South,Technology,Copiers,733.27,3.0,62.41,Michael Smith,f60c10d3,8dc14e32-9,0.3,South April,43.85,Delivered
2024-02-26,Central,Technology,Phones,,8.0,144.24,Leonard Miles,4067b4be,5ce2a76a-8,0.0,Port Christopherview,34.3,Cancelled
2024-07-06,West,Office Supplies,Art,846.54,6.0,159.69,Cesar Duran,cb9c612b,9e948084-0,0.1,Lake Jessicaburgh,6.67,Delivered
2023-11-15,Central,Office Supplies,Art,307.1,8.0,32.61,Matthew Herrera,0cac79e4,0df87647-0,0.1,New Annafort,15.43,Delivered
2024-08-04,South,Technology,Machines,727.29,5.0,157.45,Cynthia Duncan,4d12c60e,ca42c617-3,0.0,North Jennifer,46.35,Delivered
2023-07-31,East,Furniture,Furnishings,704.48,6.0,-134.79,Monica Davis,ec98dcf9,9ae8eebb-f,0.0,North Robert,31.31,Delivered
2023-11-24,West,Technology,Machines,510.35,4.0,149.09,Mr. Michael Lawson,bca2cdc5,315297b4-3,0.1,East Joseph,30.5,Delivered
2022-12-26,South,Technology,Phones,187.42,2.0,-17.81,Wendy Bradley,7449bc16,59969883-0,0.0,Port Dakota,22.51,In Transit
2024-08-26,South,Furniture,Bookcases,928.45,7.0,222.09,Cheyenne Coffey,61230c4b,7a6e1faf-e,0.2,North Philipland,17.53,Delivered
2025-02-11,East,Furniture,Chairs,799.79,4.0,-56.47,Paul Ortiz,82e44ee4,575ae2b1-6,0.3,Carolinemouth,12.32,In Transit
2023-11-04,East,Technology,Copiers,445.45,1.0,-68.54,Omar Martin,f3dc7824,3246d1b4-5,0.2,Carolinemouth,5.64,Delivered
2024-07-11,West,Furniture,Bookcases,,1.0,50.24,Kathleen Shaffer,a50ee261,4958fe3b-8,0.1,Freyhaven,13.73,Cancelled
2024-09-16,South,Technology,Accessories,423.13,3.0,-84.12,Megan Silva,be2fefb8,34ff904a-9,0.0,Lake Stacey,37.34,Delivered
2023-09-07,Central,Technology,Phones,669.81,1.0,-32.32,Robert Kirby,451b0e3e,ac7e4dc1-4,0.0,Hollyburgh,36.9,Delivered
2024-10-10,West,Furniture,Chairs,173.0,8.0,-2.65,Anna May,e0a7bd79,fe3a0fe5-1,0.0,Melissafort,19.71,Delivered
2023-12-23,South,Furniture,Furnishings,287.27,6.0,9.43,Steven Hensley,986b62fc,757d8776-3,0.0,West Christopher,31.76,Returned
2022-10-03,South,Furniture,Bookcases,864.99,3.0,-136.27,Douglas Velez,7a2ed72b,5ab04728-e,0.2,South Keith,32.08,In Transit
2024-06-05,West,Technology,Copiers,20.42,5.0,3.27,Erica Marshall,bdaf45fb,1d8da33f-e,0.0,Lake Joshua,11.22,In Transit
2023-06-24,South,Furniture,Tables,243.44,2.0,1.96,Kevin Warner,35d74232,c71d36c5-d,0.2,Lake Briannafurt,8.29,Delivered
2022-11-24,Central,Office Supplies,Art,804.01,,-120.49,Barbara Crosby,6af0bb16,eb64c7b4-5,0.0,Kinghaven,31.06,Delivered
2022-08-18,West,Office Supplies,Art,717.19,1.0,188.37,Ashley Young,899d8c6f,cb1b2eca-f,0.0,Lake Andrewhaven,25.99,Cancelled
2024-10-16,South,Furniture,Tables,987.51,6.0,-89.16,Michael Herring,f2abba87,115496f9-a,0.0,Garciachester,19.66,
2024-09-16,West,Technology,Machines,411.07,9.0,43.94,Mary Lewis,5593a1a6,34a8194b-4,0.0,Kathrynborough,26.63,Cancelled
2023-06-18,South,Furniture,Furnishings,271.4,10.0,0.37,Daniel Patrick,7ec4d3c7,a0495746-1,0.0,North Jennifer,10.69,Delivered
2023-01-26,South,Technology,Accessories,246.48,3.0,61.29,Corey Holland,bc09fa30,3284dd99-5,0.2,Sanchezberg,8.58,Delivered
2025-07-13,Central,Office Supplies,Paper,469.75,2.0,7.0,Todd Wilkerson,e3bd4e91,4211f7f1-a,0.2,New Brandy,9.62,Delivered
2025-07-11,West,Office Supplies,Binders,367.46,6.0,89.4,Elizabeth Nash,fdde0e4c,9a1507ba-2,0.0,Antoniomouth,36.68,Delivered
2023-04-11,Central,Furniture,Tables,920.5,9.0,-55.42,Mary Morgan,600c4333,868268d4-5,0.0,Claudiabury,40.04,Delivered
2023-03-10,Central,Technology,Accessories,128.31,8.0,8.71,Brittany Crosby,96f51791,76c90a4f-3,0.0,West Kenneth,27.06,Delivered
2024-05-25,South,Furniture,Bookcases,157.55,2.0,7.49,Stephen Fischer,3b739bd9,a2e0f6c3-b,0.0,East Valerietown,39.33,In Transit
2023-07-12,West,Technology,Machines,212.2,7.0,-39.51,Richard Ward,d7354e86,3747b4f6-8,0.0,Angelaburgh,35.17,Delivered
2023-06-30,Central,Office Supplies,Paper,862.52,10.0,82.97,Elizabeth Jacobs,316eaac3,28eaa67a-2,0.2,New Tiffany,7.17,Delivered
2023-10-28,East,Furniture,Chairs,933.81,,135.75,Danny Evans MD,52f44af6,4d6d84c1-d,0.0,Turnerbury,24.17,Delivered
2024-06-05,Central,Furniture,Furnishings,481.36,1.0,73.7,Joshua Moore,5e76017b,ca4c25f8-3,0.2,Gambleside,36.76,In Transit
2022-08-01,South,Technology,Copiers,657.96,8.0,-15.49,Casey Strickland,a899c625,402458fa-9,0.0,New Dianetown,23.0,Delivered
2024-12-01,Central,Office Supplies,Paper,285.23,3.0,49.83,Jeremy Simmons,ca169f38,4209ac81-8,0.0,Port Lisashire,34.21,Delivered
2023-04-28,West,Office Supplies,Labels,88.69,5.0,8.05,Michelle Hill,b9dbba33,09772bdb-6,0.0,Port Jamesmouth,12.3,In Transit
2022-11-05,East,Technology,Phones,93.91,4.0,0.51,Morgan Stark,7f2d2853,1eaf8bce-d,0.0,Christinashire,46.3,Cancelled
2023-01-13,Central,Technology,Machines,708.0,8.0,-109.81,Robert Clark,978921a4,a63c858c-d,0.1,East Jesse,22.21,Delivered
2024-09-21,South,Furniture,Bookcases,183.39,2.0,-4.45,Michael Weaver,a229040e,99b98525-f,0.3,Port Heatherhaven,28.15,Cancelled
2024-12-14,Central,Office Supplies,Labels,659.3,8.0,-123.91,Reginald Diaz,310e0280,dee9fac1-9,0.0,East Randy,18.1,Delivered
2024-07-12,Central,Technology,Copiers,362.2,7.0,47.82,Jennifer Taylor,5b6ab4e6,c2a516a7-3,0.0,West Katherine,8.32,Delivered
2022-10-12,West,Furniture,Furnishings,727.65,1.0,22.23,Dr. Kevin Walker,00f699d1,18781976-0,0.1,Parkerburgh,19.34,Delivered
2023-12-07,Central,Technology,Copiers,745.1,7.0,-105.55,Cody Goodman,4c1c2f59,d38cc6f1-f,0.0,West Cindy,44.67,Delivered
2024-09-18,East,Technology,Copiers,32.13,,2.72,Chris Young DDS,f974b9d4,6842aed4-e,0.0,New Kevinborough,42.3,Delivered
2024-03-16,Central,Technology,Accessories,45.2,1.0,9.48,Tamara Lawson,7a346523,78922630-7,0.2,Jamieborough,37.02,Delivered
2024-06-12,West,Technology,Phones,52.22,6.0,-0.97,Kevin Bean,29e6d703,4ded2f61-5,0.0,Michaelmouth,21.58,Delivered
2024-02-22,Central,Technology,Machines,473.27,1.0,-88.82,David Black,559630bb,289e6807-e,,New Jessica,26.33,In Transit
2025-01-22,East,Technology,Phones,972.81,10.0,-75.18,Nicholas Clay,4ec54b12,2048ed5b-d,0.2,Port Jacqueline,25.79,In Transit
2023-12-15,West,Technology,Accessories,672.93,5.0,-66.76,Monique Davis,8cbb63c4,dc355c2b-9,0.0,East Danielbury,11.8,Delivered
2022-07-28,West,Technology,Machines,779.38,7.0,60.11,John Dennis,f8c52d43,a34ca756-4,0.0,West Roy,10.57,In Transit
2023-06-09,Central,Technology,Phones,162.45,2.0,-6.99,Sandra Mathews,39c21665,6a9e1ca8-6,0.1,Frankfort,47.91,Delivered
2025-01-06,Central,Furniture,Chairs,280.95,3.0,60.19,Mark Hayes,62307b6d,a9386a63-a,0.0,Lake Wesley,13.76,Returned
2022-11-14,East,Technology,Machines,982.05,8.0,183.99,Cynthia Wood,32c32240,e3665281-3,0.0,Tommyshire,30.74,In Transit
2024-12-18,East,Furniture,Furnishings,,1.0,190.22,Tamara Warren,7d71a904,69e7861c-f,0.0,Port Jenny,28.3,Delivered
2023-10-07,East,Technology,Copiers,861.08,2.0,81.73,Lisa Snyder,ce2f1658,e3a53d1e-f,0.0,Jenniferhaven,21.82,Returned
2025-04-16,East,Office Supplies,Labels,305.03,8.0,-59.92,Kenneth Thompson,44f0d73b,83e96835-0,0.0,Jamesview,16.23,Delivered
2023-06-19,South,Furniture,Chairs,114.19,3.0,15.34,Mark Costa,c1cc3dfb,43d18a2a-8,0.1,Morrisport,7.16,In Transit
2023-10-26,South,Furniture,Chairs,645.32,9.0,102.76,Alexander Miller,c61d01f4,8b6bf4a3-a,0.2,Josephburgh,41.82,Delivered
2024-11-01,East,Furniture,Chairs,30.21,7.0,-1.0,Rachel Russell,ed791a7a,5db3a38e-1,0.0,Singhfort,5.83,Delivered
2024-05-18,Central,Technology,Copiers,129.57,10.0,23.04,Alexis Barron,8ca00c8c,bb3b154c-c,0.1,Berryhaven,31.37,Delivered
2025-07-05,South,Technology,Copiers,193.82,9.0,-32.48,Lindsay Taylor,53e60969,5e2de944-f,0.0,Rowlandside,42.35,Delivered
2024-06-12,West,Technology,Phones,253.27,7.0,-2.16,Susan Fowler,f8d50e91,c94ad774-d,0.1,Lake Katrinashire,18.99,Delivered
2023-06-01,South,Technology,Accessories,825.24,4.0,0.84,Scott Suarez,deec3552,01fd8cf9-8,0.2,Stephenfort,15.85,In Transit
2023-06-01,South,Office Supplies,Paper,45.5,5.0,12.97,Corey Payne,6fd2cefc,994d6b5b-f,0.0,East Michael,31.44,In Transit
2025-01-09,South,Furniture,Chairs,822.94,7.0,-153.72,Joann Park,c65a284b,4b98b3b4-6,0.0,New Joyce,6.97,Returned
2023-03-24,East,Furniture,Tables,760.47,4.0,-10.94,Stephanie Newman,ae105aff,90defc42-d,0.0,Washingtonshire,5.13,Returned
2023-01-05,West,Furniture,Bookcases,660.61,9.0,-50.86,Dean Leonard,d365a5dd,ae0ff167-e,0.2,Martinezstad,17.24,Delivered
2024-10-31,Central,Office Supplies,Art,574.26,5.0,,Lori Jacobs,0c7cf90b,d63092ee-0,0.2,East Danaview,39.27,In Transit
2023-12-10,West,Office Supplies,Binders,514.24,2.0,-4.22,Jennifer Pierce,0696c291,6e322e8a-e,0.1,Thomasmouth,28.9,In Transit
2023-01-17,East,Technology,Accessories,551.82,7.0,-99.94,Joseph Ayers,c8cfd278,484f5959-4,0.0,Powellfort,11.96,In Transit
2023-08-04,Central,Furniture,Tables,111.15,9.0,-21.51,Theresa Nichols,3a12f726,09c559ab-0,0.2,East Rebecca,43.04,In Transit
2023-03-14,West,Office Supplies,Labels,936.27,,228.73,John Garcia,ec0ce546,604b6952-e,0.1,Floresfurt,17.92,Cancelled
2022-12-04,East,Office Supplies,Binders,528.18,10.0,99.35,Theresa Gay,614b3b0e,6f65faac-3,0.0,Rachaelmouth,32.26,Delivered
2023-07-08,Central,Technology,Machines,227.84,1.0,-38.21,Brian King,431f96ad,828d2eaf-1,0.2,Lake Richard,37.2,Delivered
2022-10-30,South,Office Supplies,Art,856.54,4.0,206.31,Karen Madden,ef223032,8c1fed2b-4,0.2,West Jerrymouth,12.46,In Transit
2024-12-03,West,Office Supplies,Binders,155.98,3.0,-30.92,Samantha Walker,120461e6,74bb5f28-c,0.3,Melissaland,25.75,Delivered
2024-09-27,South,Technology,Accessories,306.7,8.0,81.15,Sabrina Mcfarland,a0e8fb2b,f69749dd-e,0.2,Lake Richard,27.75,Delivered
2023-04-05,East,Furniture,Tables,276.63,,-36.91,Jason Eaton,0ffcb36e,738a7ffd-6,0.0,East Patriciahaven,45.09,Delivered
2022-07-25,South,Furniture,Furnishings,506.78,4.0,51.03,Ann Gillespie,38a0f829,991acbc5-e,0.0,Wardtown,23.79,Delivered
2024-08-07,Central,Furniture,Bookcases,471.56,3.0,121.59,Adam Dickerson,5e039282,a097f325-e,0.2,South Jamesstad,22.23,Delivered
2023-02-25,South,Furniture,Chairs,141.22,4.0,23.88,Rachel Newman,bd30895d,f5d6616c-f,0.2,Adamtown,25.45,In Transit
2022-07-22,Central,Office Supplies,Paper,,6.0,-22.84,Ms. Hannah Jones MD,ff3af507,ddcc9acb-e,0.0,Lake Richardborough,10.51,In Transit
2022-09-10,South,Technology,Accessories,815.08,6.0,-74.98,Tiffany Matthews,456dd408,b1b26203-e,0.0,Shaunview,26.7,Delivered
2025-01-25,East,Office Supplies,Art,940.62,9.0,198.3,Christine Schmidt,c0912e62,cd95f3f0-f,0.0,Matthewport,24.42,Delivered
2023-04-10,South,Technology,Phones,584.99,6.0,50.27,Shannon Taylor,fbe1beff,02938252-8,0.0,Jasminebury,42.06,
2025-06-30,East,Technology,Copiers,629.67,10.0,17.02,David Monroe,1b3257b5,1c71a79a-7,0.3,Carterport,45.1,In Transit
2024-04-15,South,Furniture,Furnishings,122.6,6.0,6.24,Gary Ferguson,31abc310,599af67c-0,0.3,Williamsmouth,16.27,Cancelled
2024-10-07,South,Office Supplies,Binders,217.7,8.0,62.87,George Dorsey,ec865907,2f71d5d9-a,0.0,Payneland,48.65,Delivered
2025-02-09,South,Office Supplies,Art,493.75,5.0,130.11,Daniel Moody,c66d64a8,acbd6cba-7,0.0,Perezmouth,46.24,Delivered
2022-09-06,West,Furniture,Tables,979.19,7.0,215.68,Brandi Woods,ff4e1415,6885bdbb-3,,Michellebury,45.58,Delivered
2024-02-26,South,Office Supplies,Art,91.36,6.0,14.9,Daniel Martinez,ee6ff03d,11ab6ef3-4,0.3,Parkerhaven,25.77,Delivered
2024-08-19,South,Office Supplies,Art,97.36,4.0,25.94,Ashley Young,95ca5637,cf089d1e-f,0.3,Port Melissafort,10.58,Cancelled
2024-07-01,South,Furniture,Bookcases,,6.0,,Wendy Flores,4b02d5c0,2938b702-e,0.0,Leslieborough,23.49,In Transit
2022-10-07,Central,Furniture,Bookcases,111.4,9.0,28.5,Charlene Carter,3c42de5f,354ddf8e-8,0.0,North Eric,34.97,Delivered
2025-06-02,West,Office Supplies,Binders,434.34,6.0,5.0,Mrs. Kristen Mcintyre,7465e104,ad0f0c95-0,0.2,West Brandy,30.17,Returned
2024-08-10,West,Office Supplies,Art,603.46,8.0,73.85,Jennifer Martinez,41ad3d77,7a55586f-7,0.3,New Robin,7.03,Cancelled
2024-01-20,West,Furniture,Chairs,416.13,9.0,116.21,Phillip Turner,bf84cccb,f21844ba-4,0.0,Port Hectorton,40.22,Cancelled
2022-08-04,West,Technology,Accessories,,5.0,51.2,Rachael Smith,a96ac06c,84aef666-4,0.0,West Mark,6.1,Delivered
2025-01-18,West,Office Supplies,Art,978.91,10.0,73.1,Tammy Castillo,0f490c03,25efbfaf-c,0.2,Port Lindaside,23.82,In Transit
2022-12-15,East,Technology,Accessories,87.57,9.0,25.33,Cynthia Henry,b91b97ba,da8db2cc-d,0.0,Cruztown,16.43,Returned
2024-01-08,West,Technology,Phones,472.55,6.0,-80.34,Robert Sullivan,8f2d45d5,bf380abf-7,0.0,Shortfurt,25.43,Delivered
2023-03-03,West,Furniture,Chairs,914.71,2.0,-86.17,Kristina Massey,25e7dcf1,cea9824c-5,0.0,New Keithburgh,36.01,Delivered
2025-02-10,East,Furniture,Chairs,799.09,6.0,-82.74,Tyrone Sanchez,120b709e,68fe6bf3-e,0.1,Ericamouth,45.63,Delivered
2025-06-13,South,Furniture,Tables,496.08,10.0,99.34,Kerry Hines,b3645aef,09d7e4d9-2,0.2,Austinton,32.3,In Transit
2024-08-26,Central,Furniture,Bookcases,,5.0,37.51,Madison Hill,622621f1,48d5d922-0,0.0,Ramostown,43.24,Delivered
2024-03-03,East,Furniture,Bookcases,616.26,6.0,-61.07,Charles Jones,0bcdbdb1,94358b8d-c,0.0,Kelleyhaven,43.6,Delivered
2024-07-17,West,Furniture,Furnishings,103.02,7.0,7.92,Heather Knapp,edcb77cb,9498ff2c-3,0.1,New Susanland,8.43,Delivered
2023-01-07,East,Technology,Accessories,353.39,10.0,81.59,Amy Campbell,1ccb9941,50aec56e-3,0.3,New Kimberly,,Delivered
2023-06-12,East,Office Supplies,Labels,794.64,5.0,38.98,Andrew Dunn,2fcb5352,54577c2c-3,0.3,New Kimberly,8.77,Delivered
2024-11-15,West,Office Supplies,Art,258.92,8.0,17.7,Carlos Gilbert,27ea2840,6cb49053-9,0.0,South Cheryl,6.91,In Transit
2024-02-13,South,Furniture,Tables,489.27,3.0,-94.78,Brandon Jackson,7525a194,b56c8d90-2,0.0,South Kristin,21.69,Delivered
2023-01-02,South,Furniture,Furnishings,403.09,9.0,-63.88,William Sullivan,8038f5e0,723c523c-e,0.0,Jonesborough,29.1,Delivered
2023-03-02,West,Furniture,Bookcases,275.89,7.0,-2.1,Donna Wilson,8223137a,8917b36f-2,0.0,Jamesfort,10.79,Returned
2022-08-22,West,Technology,Copiers,499.0,7.0,-55.59,Megan Garcia,fb2636c0,fd3ed78a-a,0.1,Port Chelseamouth,19.17,Delivered
2024-10-10,West,Technology,Machines,,5.0,22.06,Tiffany Young,1228232d,90d988f3-0,0.0,Watsonhaven,35.66,Delivered
2024-11-19,East,Technology,Copiers,899.32,5.0,51.61,Russell Wilson,b4c26f25,2891427d-0,0.0,Peterberg,39.6,Delivered
2024-06-30,West,Office Supplies,Art,165.92,10.0,11.71,Stacey Mahoney,a598de3d,ec531923-e,0.2,Lake Brittany,48.84,Cancelled
2024-03-14,Central,Technology,Accessories,933.63,6.0,242.99,Rebecca Stevens,fbcc0c52,4dd9c0f7-7,0.0,Christinatown,5.71,Delivered
2024-12-04,East,Office Supplies,Paper,307.92,5.0,35.01,Ralph Lee,043a0975,06d38b54-c,0.0,South Lauraland,45.01,In Transit
2023-10-29,South,Technology,Phones,548.37,5.0,68.29,Sean Conley,4355b1a9,728763c3-f,0.0,North Mark,29.3,In Transit
2024-04-09,South,Office Supplies,Binders,954.65,6.0,-157.06,Joseph Mullen,00cf4b7c,08d1d669-f,0.0,Knappfurt,37.27,Delivered
2025-06-04,West,Technology,Machines,378.77,9.0,110.47,Daniel Bailey,63cc1750,ccf8cd78-a,0.0,South Michael,40.52,In Transit
2025-02-22,South,Furniture,Furnishings,308.02,7.0,-53.55,Ashley Hill,2d1faae0,0859952e-8,0.0,Dennisview,37.73,Delivered
2024-08-06,Central,Office Supplies,Paper,9.94,2.0,-0.8,James Smith,e9338207,81b604a1-5,0.0,Scotttown,10.83,In Transit
2024-09-17,East,Furniture,Furnishings,866.98,5.0,,Jennifer Hughes,b50a9db6,7ff5788b-d,0.0,Adrianton,12.29,Delivered
2024-03-11,East,Technology,Phones,585.99,2.0,-93.62,Nicole Murphy,377132a3,1b3ff5c6-8,0.1,Port Gregoryview,17.44,Delivered
2025-05-17,Central,Technology,Phones,532.71,5.0,126.7,Robin Guzman,270e9fea,07cccb31-c,0.0,East Ashley,39.25,Returned
2024-05-25,Central,Technology,Machines,401.18,1.0,62.88,Tammy Turner,fa2b92ba,95030eab-0,0.2,North Brian,43.13,Delivered
2024-11-22,West,Furniture,Chairs,,8.0,-36.44,Jaime Kelly,bed57726,a5f5d2f2-3,0.3,Lake Charles,16.0,In Transit
2022-09-18,Central,Furniture,Chairs,524.35,8.0,-89.97,Jacob Ramirez,9cbb0829,4d349202-c,0.1,Gilbertmouth,38.83,Delivered
2023-11-30,West,Furniture,Tables,300.03,9.0,44.09,Alyssa Smith,0341cf45,305f02e8-e,0.0,New Tracy,20.78,In Transit
2023-01-27,West,Technology,Copiers,819.64,5.0,205.45,Tracy Johnson,9c73f9ac,394f63e4-1,0.2,Rhondaland,44.91,In Transit
2023-06-26,West,Office Supplies,Art,812.83,1.0,-32.9,William Owen,e60243a9,9aee9dc9-4,0.0,Marshallland,25.57,Delivered
2024-12-21,South,Technology,Phones,764.59,4.0,139.51,Dustin Alexander,bb5ea7f1,8e390fdc-d,0.1,Wilsonborough,32.66,Cancelled
2023-11-23,South,Technology,Accessories,352.39,6.0,85.63,Steven Carlson,2c3fec66,a484dd64-5,0.3,North Christina,47.91,Delivered
2024-11-24,South,Furniture,Bookcases,950.64,8.0,85.2,Heather Pruitt,9c9c315d,3ed84027-f,,West Timothyview,20.48,Delivered
2025-03-18,Central,Technology,Copiers,529.01,,-55.36,Tiffany Carter,d8f17ca2,0726c761-4,0.0,Jonathanmouth,5.74,Delivered
2024-11-03,Central,Technology,Copiers,840.95,9.0,-26.18,Susan Gray,2fb308c2,8c581b2e-e,0.0,North Bradley,49.47,Delivered
2025-03-02,West,Office Supplies,Art,80.7,5.0,15.76,Shaun Hall,c4c9a0e5,2771e627-0,0.2,Paulport,17.77,Delivered
2023-02-10,South,Office Supplies,Art,174.16,6.0,15.65,Luis Brown,ea1ae98b,cbe9c0d9-5,0.0,Johnsonview,5.08,Delivered
2024-05-02,South,Technology,Copiers,205.3,2.0,16.47,Brenda Compton,e2e6ae2b,aeb4e27e-e,0.0,Nathanton,46.41,In Transit
2023-09-04,East,Office Supplies,Labels,,7.0,181.59,Gabrielle Moore,995b684e,c2329337-4,0.1,Sherryburgh,6.25,In Transit
2024-04-20,South,Technology,Copiers,828.42,4.0,205.14,Connor Peters,49a606e7,56b09923-3,0.0,Cunninghammouth,35.48,Delivered
2025-02-03,East,Office Supplies,Art,919.71,10.0,108.66,Renee Hawkins,0b6b3db2,d042c3e2-7,0.0,Jennifermouth,31.14,In Transit
2022-07-26,South,Furniture,Furnishings,819.46,10.0,,Jeffrey Lane,76945113,657d631a-9,0.2,East Markmouth,46.49,Cancelled
2023-03-06,South,Technology,Accessories,522.21,,148.94,Christina Jones,32ba5897,7fe752ed-6,0.2,Jennaview,31.93,Delivered
2023-10-15,West,Technology,Accessories,443.58,9.0,-57.91,Joseph White,bb5f4484,ade8d6c0-a,0.1,Lisaview,11.19,Delivered
2023-06-04,West,Furniture,Bookcases,140.67,7.0,,Michael Marshall,9fd09654,1ec95b6c-5,0.2,North Derrickton,35.29,Delivered
2023-10-30,South,Technology,Accessories,312.89,6.0,84.14,Victoria Nelson,3aeddb83,4f7fa889-1,0.0,East Jefferyton,11.87,Returned
2023-12-15,West,Furniture,Chairs,290.47,1.0,-24.96,Steven Brown,fb88e14b,39931333-e,0.0,South Davidhaven,12.68,Delivered
2024-06-03,West,Technology,Copiers,457.17,2.0,75.44,Chad Hood,1ea2c0b7,af65adaf-6,0.0,Ericmouth,35.34,Cancelled
2022-10-08,South,Furniture,Bookcases,402.79,1.0,25.34,Catherine Mcintosh,f76dcc08,d532c938-7,0.1,East Shannonport,6.84,Delivered
2024-11-24,Central,Office Supplies,Art,225.71,4.0,32.79,John Esparza,55873956,c2914400-2,0.0,Harperfort,44.56,Delivered
2022-11-12,West,Furniture,Bookcases,884.22,3.0,-110.66,Lauren Jones,c0b62a87,9c4a820c-1,0.1,North Francestown,44.32,Returned
2022-10-04,Central,Furniture,Chairs,725.35,8.0,203.23,Jennifer Davis,22a27be4,2f50b28c-a,0.3,Port Tina,14.35,Delivered
2024-01-01,South,Technology,Copiers,630.47,10.0,187.01,Jenny Chan,caf68c24,5b352b16-8,0.2,New Megan,10.45,Delivered
2023-10-10,East,Technology,Copiers,630.58,2.0,71.81,Laura Hicks,9a32b9c8,547499b9-9,0.3,Garciaport,40.05,Delivered
2023-09-07,Central,Office Supplies,Binders,183.26,4.0,20.85,Deborah Barber,fc1910e5,da88e44f-2,0.2,West Joshuaside,32.24,Delivered
2022-11-19,Central,Technology,Phones,470.83,6.0,6.5,Jeffrey Thomas,0a5abf19,8036d724-2,0.0,Juarezmouth,43.23,In Transit
2024-04-19,East,Furniture,Chairs,685.19,3.0,203.69,Mark Atkinson,395f1fe4,d5a23ecc-a,0.2,Levineland,46.0,Delivered
2024-06-30,South,Technology,Accessories,,2.0,60.69,Adam Bailey,6354bff7,33f76165-7,0.1,Potterland,17.76,Delivered
2024-11-18,South,Office Supplies,Paper,772.65,10.0,-124.52,Julie Curtis,a625151d,4018a07e-0,0.2,Lake Heatherbury,16.18,In Transit
2024-07-10,Central,Office Supplies,Labels,467.81,3.0,,Joel Olson,f28ef80c,08232048-2,0.0,Josestad,46.6,Delivered
2024-02-25,Central,Office Supplies,Binders,189.66,10.0,27.18,Ashley Davis,5812a929,957b4ab0-a,,Gordonland,8.13,In Transit
2023-07-04,West,Office Supplies,Art,662.92,6.0,111.71,Melissa Winters,b5e54cf4,10a7aefd-5,0.0,Lake Coreybury,31.78,Delivered
2024-07-15,East,Technology,Machines,318.68,2.0,-15.97,Leonard Jackson,47a7640d,84e051a2-d,0.3,Lake Masonbury,15.59,Delivered
2022-12-07,Central,Office Supplies,Art,601.99,5.0,81.06,Lisa Scott,7bc5bc72,998feac5-f,0.1,Blairburgh,38.16,In Transit
2022-11-01,West,Furniture,Bookcases,278.97,9.0,-23.23,Judith Logan,c7a907f2,a5c117ab-a,0.0,Laurastad,17.9,In Transit
2023-07-26,East,Technology,Phones,305.69,3.0,63.73,Terry Heath,73985900,9c8d9822-b,0.0,Janetfurt,26.64,Delivered
2025-04-20,East,Office Supplies,Paper,907.52,4.0,-39.63,Natasha Rogers,62abb0b9,c214d0c7-0,0.1,Justinville,19.46,In Transit
2024-05-09,South,Office Supplies,Paper,,3.0,-43.23,Julia Moore,28019552,3079fa55-6,0.0,Brianaland,21.09,In Transit
2023-02-19,Central,Furniture,Bookcases,739.98,6.0,215.7,Jacob Greer,7af55ed7,6c0994d7-6,0.0,Deborahburgh,8.91,Delivered
2022-11-09,West,Office Supplies,Labels,743.21,6.0,-120.63,James Flores,8708a333,2a3d7909-2,0.0,Christopherview,8.82,Delivered
2023-07-24,West,Furniture,Furnishings,431.79,3.0,18.33,Joseph Hill,72a694fb,9e0c5500-a,0.1,Johnstown,36.73,In Transit
2023-11-09,South,Technology,Copiers,839.33,8.0,144.9,Thomas Hopkins,6b31fdf8,c1640af0-6,0.0,Pachecochester,,Delivered
2025-04-11,Central,Furniture,Tables,160.45,5.0,41.48,Leslie Peterson,3db6786b,c651cea6-9,0.0,Matthewside,26.26,Returned
2022-10-01,East,Office Supplies,Binders,515.5,9.0,128.68,Lucas Wheeler,101ab60c,454bdd91-b,0.3,Port Brittanyburgh,44.4,Cancelled
2024-04-11,West,Furniture,Furnishings,570.39,8.0,-97.25,Jamie James,bf52b5ea,9e94efdc-2,0.0,East Heidi,46.02,Cancelled
2024-10-04,East,Furniture,Furnishings,594.25,7.0,,David Sanchez,62c5a382,3ded464a-b,0.3,Chelseamouth,17.2,Delivered
2023-11-11,East,Office Supplies,Art,762.73,4.0,148.19,Lori Howell,2c95bb4a,22daf94d-e,0.0,North Seanton,22.87,Delivered
2024-10-26,East,Furniture,Bookcases,166.6,1.0,1.09,Thomas Martinez,55f86bb4,60759c43-e,0.0,East Dianaville,49.65,Delivered
2022-12-30,West,Office Supplies,Labels,185.98,10.0,26.52,Herbert Henson,1a045bbe,a8885deb-e,0.0,South Makayla,26.63,Delivered
2025-04-09,Central,Furniture,Tables,129.03,2.0,6.47,Deborah Rodriguez,d67bd5cf,0a7cc2d4-5,0.0,Johnmouth,10.48,Delivered
2025-06-10,West,Technology,Phones,480.35,6.0,41.58,Samantha Wilson,7d14e843,8a34d3b5-2,0.2,Gallowayview,25.56,Delivered
2024-01-16,South,Office Supplies,Paper,556.82,3.0,150.19,Leonard Coleman,ff85e12a,38e6c3dc-3,,Levinemouth,47.38,In Transit
2024-03-21,West,Technology,Machines,66.74,10.0,-3.46,Angela Chavez,6b28272c,348e46b4-f,0.0,Pittmanmouth,34.52,In Transit
2024-11-13,South,Furniture,Bookcases,286.33,5.0,45.92,Mark Steele,3964add5,3ea9ea72-0,0.0,South Samuel,37.94,Returned
2023-09-11,South,Office Supplies,Binders,488.58,2.0,2.78,Jessica Taylor,bb6ec1ca,13e9b080-f,,Maxwellshire,,Cancelled
2023-12-29,West,Office Supplies,Paper,239.68,8.0,-26.99,Andrea Mann,edda2b53,18480c0b-6,0.0,Berryside,15.44,Delivered
2023-03-07,West,Technology,Machines,975.95,2.0,25.83,Melinda Hahn,1abf98e3,38785997-4,0.2,Melindaberg,10.5,Delivered
2024-10-28,West,Furniture,Tables,261.94,1.0,49.21,Luke Porter,16a67bf7,d80da1c6-a,0.3,Veronicahaven,41.47,Delivered
2024-07-02,Central,Technology,Accessories,295.39,7.0,78.1,Regina Stokes,d627cfce,ee7054e0-3,0.0,Lake Kylieland,35.43,Returned
2022-09-14,West,Furniture,Furnishings,738.65,8.0,14.19,Kim Alvarez,8823e12b,e961c7d6-7,0.2,West Benjaminfurt,24.74,Delivered
2023-10-27,South,Technology,Copiers,876.08,3.0,-115.98,Tricia Callahan,a43b78e6,cafa1237-5,0.1,Barneshaven,24.05,In Transit
2024-12-05,South,Office Supplies,Binders,173.65,4.0,-30.1,Lisa Smith,fdf461ac,54ed694e-1,,West Michaelside,43.77,In Transit
2024-03-14,West,Furniture,Furnishings,593.42,8.0,-54.87,Shannon Lopez,514ed1d0,64738bc6-9,0.0,Lake Melissa,48.54,Delivered
2023-12-28,East,Office Supplies,Binders,402.08,8.0,-58.02,Amber Bishop,dc6c65cd,fb4f9c1d-6,0.0,Pagemouth,17.98,Delivered
2022-12-12,South,Technology,Accessories,642.37,7.0,153.46,Timothy Clark,c186e567,2f2e55c9-1,0.1,New Jasonfort,30.65,Delivered
2022-08-21,East,Furniture,Chairs,636.15,2.0,-41.78,Louis Bryant,0afe13f5,1a779fe9-3,0.0,West Christine,45.54,Delivered
2024-06-05,West,Furniture,Bookcases,901.03,3.0,-2.95,Albert David,1fd2c59b,c03c38d2-e,0.2,Thompsontown,47.7,Cancelled
2023-04-10,West,Office Supplies,Paper,694.66,10.0,-132.84,Laura Jordan,410884ff,330b2065-1,0.0,Jerryfort,48.29,In Transit
2023-10-07,West,Furniture,Bookcases,263.92,7.0,35.07,Louis Dixon,5d173c05,4e186a6b-9,0.1,East Austin,18.26,Delivered
2023-06-20,South,Furniture,Bookcases,212.54,6.0,41.24,Phyllis Knight,0d6b115e,cc49a004-b,0.2,East Anthony,48.4,In Transit
2024-08-20,West,Furniture,Tables,479.1,2.0,-90.27,Michelle Parks,fe764a73,e21d8501-1,0.0,Shannonville,8.64,In Transit
2024-08-15,Central,Technology,Accessories,461.04,5.0,0.07,Jessica Davis,6ed8cd65,ff4279bd-7,0.0,South Patrickchester,27.72,Delivered
2023-01-25,South,Office Supplies,Labels,101.23,3.0,4.68,Richard Mcpherson,ba5ba7b6,56d541fe-b,0.3,Amyview,22.59,Delivered
2023-12-21,West,Technology,Accessories,441.89,4.0,-15.44,Gary Fisher,f3d0bc3c,ce94ac69-f,0.0,Port Patricia,,Cancelled
2023-05-01,East,Furniture,Tables,153.41,3.0,14.69,David Wolfe,eb04903e,007f2422-9,0.2,Williamchester,24.3,In Transit
2024-08-05,East,Office Supplies,Labels,989.47,9.0,146.06,Sheila Gonzales,771fafe1,1047986e-a,0.0,Sandrashire,35.11,Delivered
2025-06-25,West,Technology,Phones,,4.0,75.85,Chase Armstrong,ff89ad23,716990c2-9,0.3,Lake Kristinmouth,40.65,In Transit
2025-06-03,South,Office Supplies,Labels,298.08,9.0,0.73,Stephanie Miller,b49bc7af,f8e8a63f-1,0.1,East Lori,48.09,Delivered
2024-02-22,West,Office Supplies,Art,38.44,1.0,3.79,Chad Heath,4e491b4a,2edb5dfd-7,0.0,Tommyfort,39.42,Delivered
2024-04-24,South,Technology,Machines,492.0,3.0,-30.49,Eugene Larson,0198c4d4,edb0919c-c,0.0,Rhondaton,25.07,Delivered
2022-09-01,Central,Technology,Copiers,447.73,9.0,-88.39,Scott Faulkner,d85540be,afa4465f-9,0.2,South Sean,,Delivered
2025-06-18,East,Office Supplies,Labels,546.83,5.0,-11.94,Justin Fischer,12329960,3544ca07-1,0.0,East Shaunhaven,45.27,In Transit
2025-03-23,West,Office Supplies,Binders,286.88,8.0,-46.99,James Castro,c4e1a79f,f8bca213-a,0.3,New Daniel,32.04,Delivered
2022-10-20,Central,Office Supplies,Binders,523.49,9.0,57.57,Brittney Hansen,983df4ba,7deb5351-8,0.0,North Derekborough,24.79,Delivered
2022-07-29,West,Technology,Copiers,649.86,10.0,128.91,Robert Alvarado,6ed2f3c3,d6c23d70-0,0.1,North Stephaniechester,33.98,In Transit
2023-10-14,West,Furniture,Furnishings,952.67,8.0,270.89,Melissa Coleman,264f651d,ccaab73f-b,0.3,South Michaelborough,33.64,Delivered
2024-12-09,South,Technology,Accessories,616.46,8.0,103.54,Lisa Clarke,37ee75b1,f4fafe9d-e,0.0,Lake Marissa,10.01,Delivered
2023-02-25,South,Office Supplies,Art,169.31,8.0,-19.14,David Williams,fd80eda7,6dd692d7-1,0.0,Lisahaven,5.35,Delivered
2025-03-03,East,Office Supplies,Art,284.53,8.0,7.1,Alexander Hale,4ec01185,3ffd54d5-e,0.0,Teresashire,25.1,Delivered
2024-07-01,Central,Furniture,Tables,5.03,9.0,0.02,Jose Lopez,93cc37ad,9e5ec0da-5,0.3,Tinaville,49.45,Delivered
2024-10-01,East,Office Supplies,Binders,208.2,3.0,31.66,Jack Valentine,19363c72,8901fbb8-d,0.3,Sheafurt,17.24,Delivered
2024-09-27,South,Technology,Copiers,950.5,5.0,-186.71,Rachel Keller,1b3aa25e,e0fb8add-b,0.0,Aaronborough,43.97,Delivered
2025-06-28,South,Office Supplies,Binders,139.33,3.0,23.97,Beverly Harris,d2df7b98,c971d70a-5,0.3,Ericafort,,In Transit
2023-02-23,East,Furniture,Chairs,340.69,3.0,,James Castillo,ceb7df7c,6b86cc56-4,0.2,Lisamouth,35.49,In Transit
2023-02-05,West,Office Supplies,Art,753.08,3.0,144.76,Michael White,0e4d146d,81739277-1,0.3,North Cherylshire,30.47,In Transit
2023-08-25,Central,Office Supplies,Labels,329.77,2.0,-27.98,Jessica Burns,f650fe9a,67bd8a83-7,0.0,East Katherine,19.44,Delivered
2023-03-04,Central,Technology,Phones,169.33,8.0,-13.11,Joe Yates,faa761d9,7cd28a87-5,0.3,North Kellyburgh,40.37,In Transit
2022-11-04,East,Office Supplies,Art,288.08,2.0,50.63,Kenneth Barry,16251d72,48a0e35b-f,0.0,Glennstad,39.18,In Transit
2025-06-09,Central,Office Supplies,Labels,981.91,6.0,-51.12,Elizabeth Lee,a3b129b3,2230ec8e-a,0.2,Sandrafort,43.98,Delivered
2024-07-07,South,Furniture,Tables,489.86,9.0,88.77,Luis Baker,3eaa5d3d,3c772c90-2,0.1,Aliport,39.12,Delivered
2024-03-18,South,Technology,Copiers,614.64,8.0,,Brittney Smith,ccd7c930,f9a8e2c5-3,0.1,Washingtonberg,30.13,Delivered
2023-03-28,East,Office Supplies,Binders,182.46,6.0,24.94,Scott Frye,dde8524f,ea6235b3-4,0.0,Murraytown,21.01,Delivered
2025-02-24,East,Office Supplies,Paper,482.95,2.0,115.19,Stephanie Waters,013a0c1d,da24e20f-2,0.3,West Ronald,27.73,Delivered
2025-02-15,West,Office Supplies,Binders,857.33,1.0,157.29,John Hudson,d1093e72,48ee5a60-a,0.1,Saraton,49.78,Delivered
2024-02-02,South,Furniture,Furnishings,43.7,9.0,-4.24,Heather Thomas,08f30154,d586aa98-1,0.0,Zamoraport,16.36,In Transit
2023-07-07,South,Furniture,Bookcases,9.61,9.0,0.6,James Larsen,73b118fa,408926bd-2,0.0,Port Alejandrabury,33.39,In Transit
2025-07-05,East,Technology,Copiers,984.72,7.0,128.1,Joseph Joseph,48d7cdd2,76474d2e-e,0.0,Davidchester,41.3,Cancelled
2025-04-03,West,Office Supplies,Binders,184.25,5.0,-15.72,Travis Boyd V,92f3fbe4,0b30fbb9-e,,Lake Paul,34.63,Delivered
2022-11-27,South,Technology,Copiers,908.62,10.0,-158.95,Laura Peterson,2cdd599c,0a32a1bc-b,0.0,Christinaville,40.15,Delivered
2025-03-28,West,Technology,Accessories,548.94,1.0,112.11,Erica Snyder,ca625f79,aa99eb1c-8,0.0,North Michaelview,10.5,Delivered
2023-09-04,Central,Furniture,Furnishings,653.48,3.0,166.2,Stephanie Huff,10dbc9a8,2e53cf09-1,0.0,Lake Jessicafort,32.63,Delivered
2024-03-29,Central,Office Supplies,Labels,949.06,2.0,225.52,Alejandra Thompson,3e1f1a47,d6a2d8b7-2,0.2,Lake Stephen,14.21,Delivered
2023-11-30,South,Technology,Phones,582.17,,3.52,Jennifer Gutierrez,4f9c1ed8,75ed2a05-6,0.0,East Jonathan,20.14,In Transit
2023-10-12,West,Technology,Machines,903.12,1.0,17.3,Adam Alvarez,07803edb,6b7ef472-4,0.3,Deborahmouth,6.79,Delivered
2023-03-25,West,Office Supplies,Paper,,2.0,156.27,Amy Harding,6abae746,b898e90c-6,0.2,Breannaburgh,,Returned
2023-03-26,South,Furniture,Tables,774.61,8.0,-38.39,Tony Charles,de2e08c7,5f5f943c-2,0.2,East Michael,36.23,In Transit
2024-04-10,West,Office Supplies,Binders,177.13,8.0,27.49,Christopher Fowler,1a8e908e,949f27a9-9,0.0,Mcdonaldstad,20.87,Delivered
2022-10-03,Central,Office Supplies,Binders,534.62,6.0,95.3,Jeffrey Swanson,d506793d,de4c7bfa-9,0.3,Pattersonstad,14.8,Delivered
2022-10-01,West,Office Supplies,Paper,953.62,4.0,-172.86,Anne Mills,711d9a84,690b1377-3,0.0,Snyderborough,9.01,In Transit
2025-06-07,East,Technology,Phones,724.77,4.0,157.05,Michelle Fox,1a9f2a4e,d283047d-f,0.2,Coopertown,,In Transit
2025-02-11,South,Office Supplies,Art,225.52,9.0,54.54,Matthew Davis,040ba030,23a65204-f,0.0,East Cindyview,10.55,In Transit
2023-12-16,West,Furniture,Chairs,353.07,2.0,44.53,Jennifer Graves,5fc54f22,34b69d60-f,0.1,Kramerport,24.16,Delivered
2025-01-21,Central,Furniture,Chairs,369.96,4.0,-31.32,Brian Clarke,7a4477fc,8782dfae-4,0.2,Curtisside,22.34,In Transit
2025-01-22,East,Office Supplies,Labels,802.96,10.0,-150.09,Karen Taylor,0ba3ba46,0fd94b75-0,0.1,New Warren,37.88,Delivered
2023-03-02,West,Furniture,Tables,410.71,7.0,117.66,Johnathan Weaver,80362801,32beac2a-9,0.0,West Prestonmouth,36.63,Delivered
2022-10-01,East,Furniture,Chairs,710.66,5.0,163.74,Miss Natalie Taylor,181cb268,27968619-4,0.3,East Natashaview,9.81,Delivered
2023-06-24,Central,Technology,Phones,28.62,6.0,-0.38,Douglas Cooper,af0f4ed1,f0ed2f69-5,0.0,Lake Dennis,33.19,Delivered
2024-06-11,South,Technology,Accessories,958.89,1.0,0.39,Caitlin Shaffer,8b3c22a0,9a231c7d-9,0.0,Jacobfurt,27.72,Cancelled
2024-12-13,Central,Office Supplies,Binders,411.01,,-47.39,Kenneth Price DDS,a9d71d7d,9e766116-2,0.0,West Jacqueline,40.14,Delivered
2022-11-25,South,Furniture,Bookcases,959.44,7.0,,Samantha Coffey,c6d5cb9d,9908ccae-b,0.0,East Cesarberg,44.22,Delivered
2023-10-30,Central,Furniture,Furnishings,933.71,2.0,-10.42,Julian Ward,d9414ee7,7b11be20-6,0.0,Christopherhaven,7.66,Delivered
2024-01-20,South,Office Supplies,Art,281.8,5.0,74.84,James Pittman,46008944,7112a00e-3,0.2,Shariville,10.29,In Transit
2022-10-25,South,Furniture,Bookcases,505.26,2.0,-45.66,Donna Lopez,e83238a8,37946625-7,0.0,Lake Sophiafort,33.56,Delivered
2024-12-03,East,Office Supplies,Paper,646.9,10.0,-62.93,Sean Rangel,fa41ba36,e242c398-9,0.0,Markport,21.83,Delivered
2023-10-15,Central,Technology,Accessories,168.94,10.0,0.17,William Jarvis,67771713,54b9e18a-3,0.1,South Blake,37.72,Delivered
2024-09-11,Central,Furniture,Chairs,938.22,6.0,209.99,Joseph Smith,0e43cc72,dfb0fa0c-8,0.0,East Linda,47.62,In Transit
2024-04-23,East,Technology,Accessories,99.96,4.0,28.02,Bridget Lopez,942b0d5d,f82f31a0-6,0.2,Johnsonfort,23.52,Cancelled
2023-01-05,East,Furniture,Chairs,722.77,9.0,-104.27,Dr. Jacqueline Baker MD,2e167ae4,c23d654d-a,0.1,South Thomas,48.66,Delivered
2024-10-16,East,Technology,Phones,155.56,9.0,-23.29,Kristopher Anthony,02e38518,db37bb92-3,0.1,Brandontown,39.06,In Transit
2023-10-16,East,Office Supplies,Paper,248.52,4.0,-29.33,Benjamin Garrett,bf42a4e7,b44da571-9,0.2,Thompsonchester,13.31,In Transit
2024-11-17,East,Furniture,Chairs,662.13,2.0,7.92,David Torres,7e1c49d3,e0ec0202-d,0.0,New Amy,6.91,In Transit
2025-03-23,West,Technology,Machines,565.18,3.0,99.18,Robert Jackson,2f3cae27,a908f81f-2,0.0,Christopherfort,10.8,Delivered
2023-09-23,East,Furniture,Tables,616.48,,-0.02,Richard Sherman Jr.,edb773b2,081596bf-b,0.0,Sandersview,26.98,Delivered
2024-03-17,West,Technology,Phones,655.1,6.0,-11.75,Joel Howard,87dc3c18,d2b9867a-b,0.2,Jenniferstad,49.86,In Transit
2024-11-07,East,Technology,Machines,165.8,5.0,42.92,William Clayton,4ffa07c0,69439e73-4,0.1,Bryantmouth,21.59,In Transit
2023-10-18,East,Office Supplies,Binders,233.27,1.0,36.75,Eric Marquez,d1245d26,0b508789-3,0.2,Port Mitchell,18.63,Delivered
2023-06-27,East,Office Supplies,Labels,181.68,7.0,-9.89,Rachel Lewis,3d35ec3f,04ace803-b,0.0,Jenniferstad,46.01,In Transit
2023-03-28,West,Technology,Accessories,922.92,7.0,,Michelle Parker,a7deb01c,ecb1a926-a,0.0,Jamesmouth,16.97,Delivered
2025-03-31,Central,Technology,Copiers,972.04,3.0,95.79,Tiffany Reynolds,712068e9,b7c3e542-6,0.3,Port Mckenzieton,18.93,Delivered
2023-11-16,South,Office Supplies,Art,41.81,2.0,1.11,Stephanie Sanchez,db068c3d,d3679aeb-e,0.0,Lake Brandon,22.25,In Transit
2023-04-25,West,Technology,Copiers,123.42,3.0,-3.51,Brittany Singh,40454b67,78b262a4-6,0.3,Port Bonnie,47.76,Delivered
2024-03-14,West,Furniture,Bookcases,27.67,2.0,5.31,Angela Chung,71b5e749,9fb96786-2,0.1,Lake Emilyport,29.9,Cancelled
2022-11-14,West,Technology,Copiers,904.04,2.0,41.92,Alyssa Weber,52b79028,1469bab2-5,,South Ashleymouth,36.04,Delivered
2023-07-06,South,Furniture,Bookcases,327.1,9.0,88.26,Thomas Griffin,fa446def,257a5a24-a,0.0,North Erinburgh,13.09,Delivered
2023-04-12,Central,Technology,Accessories,517.07,4.0,-62.83,Kristen Moran,f4cd5faa,7ffe9186-e,0.0,North Emma,30.62,Returned
2024-08-26,South,Technology,Machines,10.68,3.0,1.41,Aaron Wheeler,8d296cd4,7dfec79e-5,0.0,,6.92,In Transit
2024-12-14,West,Furniture,Chairs,557.35,7.0,116.97,William Mccoy,d3c2a96e,ff0a1418-8,0.2,Port Kimberly,19.87,Cancelled
2022-09-05,South,Technology,Machines,872.8,5.0,40.26,Kathryn Pearson,89722817,d115f3f7-0,,New Erinstad,14.34,Delivered
2023-03-03,West,Furniture,Chairs,725.47,2.0,56.29,Nicole Bautista,b092ea2e,d13569d3-8,0.0,Port Carlhaven,,Delivered
2024-01-19,Central,Office Supplies,Labels,892.58,8.0,56.89,Patrick Ryan,3022d95d,8c14c3dd-a,0.0,Youngfort,7.07,Delivered
2023-05-21,East,Furniture,Tables,86.15,9.0,0.61,Dr. Stephen Donovan,1f5ce4e2,08f85057-5,0.0,Thomasfurt,7.7,In Transit
2023-04-09,East,Technology,Copiers,857.55,2.0,197.97,John Jimenez,ea881cb9,527ade4d-f,0.0,East Geraldmouth,15.01,Delivered
2022-09-27,South,Furniture,Tables,78.27,9.0,-3.67,Andrew Walsh,936f7aad,f01ed644-e,0.0,Guyshire,8.07,In Transit
2024-03-09,West,Office Supplies,Paper,831.32,5.0,-16.73,Eric Mitchell,f5d1fc6b,f42b1990-7,0.2,South Andrew,23.67,Delivered
2024-01-01,South,Technology,Accessories,253.87,9.0,51.09,Craig Simon,854ebbae,cf0311ed-1,0.0,New Gerald,24.7,Delivered
2025-01-15,West,Office Supplies,Binders,862.41,7.0,90.39,Joanna Graham,1e7765ba,c964a69c-0,0.3,Bradleymouth,45.46,Delivered
2025-02-09,West,Furniture,Furnishings,89.09,10.0,-7.74,Stephanie Gomez,7c34873f,7160d01e-b,0.1,Port Alexander,29.87,Cancelled
2022-10-15,Central,Office Supplies,Binders,589.88,10.0,-21.91,Francisco Rose,817394fc,a6867edb-2,0.2,Burkefort,5.51,Delivered
2022-07-29,Central,Office Supplies,Labels,589.61,6.0,46.62,Russell Evans,31707d9f,7a4103d2-8,0.3,Jacksonchester,23.92,Delivered
2023-03-04,East,Office Supplies,Labels,927.56,1.0,60.6,Ernest Gibson,e203ffbe,3805040a-6,0.0,Lake William,10.25,Delivered
2022-07-30,South,Office Supplies,Paper,,7.0,-20.13,Anthony Wilkins,4a51dba6,8331913d-0,0.1,South Thomas,12.1,Cancelled
2024-08-30,Central,Technology,Copiers,611.52,2.0,145.75,Jeanne Brewer,0bb2dfaf,056e6d7e-2,0.1,Lake Adam,10.89,Delivered
2024-11-10,Central,Office Supplies,Art,501.16,2.0,-66.21,Elizabeth Norris,d3b035d5,8697c662-e,0.1,Drakeside,19.86,Delivered
2023-06-29,West,Furniture,Bookcases,357.73,5.0,50.87,James Mills,c46db547,4d25bb31-e,0.0,Heatherfort,39.37,In Transit
2023-09-14,West,Technology,Phones,894.22,6.0,52.14,Marc Harris,68aab91b,60339aad-d,0.2,South Stephanie,20.45,Delivered
2023-02-19,East,Technology,Phones,778.68,10.0,88.94,Mr. William Hopkins,6f5552b5,7cdc9c33-3,0.0,South Danieltown,28.73,Delivered
2025-04-02,East,Technology,Phones,993.65,10.0,-147.26,Tiffany Jones,0975fdf5,63094e94-d,0.1,Sarahtown,14.0,Delivered
2024-04-23,East,Office Supplies,Art,306.59,10.0,-3.0,Dan Nguyen,e232844f,93cbfd9a-8,0.0,North Charlesburgh,47.06,Delivered
2023-09-23,South,Technology,Phones,99.15,8.0,-6.58,William Hall,f4f4dded,a7c638c3-d,0.2,Velasquezchester,15.53,In Transit
2023-03-22,South,Technology,Machines,,7.0,67.47,Amanda Frank,568f183c,fa7f0244-5,0.0,East James,13.69,Delivered
2024-02-03,South,Technology,Copiers,155.94,4.0,,Rebecca Levine,e7fcd7f5,8960d03e-6,0.2,Shannonfurt,6.31,Delivered
2023-10-01,South,Office Supplies,Art,463.45,10.0,60.19,Michele Calderon,ed321dc8,51331a10-b,0.1,Lake Stephanieton,7.13,Cancelled
2025-04-24,West,Technology,Accessories,601.36,9.0,171.96,Deborah Turner,2a0c3ad3,c9cbf628-7,0.2,Danielstown,,Delivered
2025-06-04,South,Office Supplies,Binders,400.19,,-55.27,Christopher Cruz,e4123458,1479f8b7-e,0.0,Johnport,19.39,Delivered
2022-09-23,East,Office Supplies,Art,926.46,2.0,79.8,Tracy Holden,f6ecf13e,7afd0955-b,0.0,Port Ricky,30.72,Cancelled
2023-06-17,South,Technology,Machines,827.5,3.0,-145.38,Jennifer Spears,fd33ee7e,636a8012-1,0.3,Kristaside,49.14,Cancelled
2025-04-14,East,Office Supplies,Paper,321.79,3.0,-27.08,Karen Jones,a9aa60b5,b7d1eadf-d,0.0,Lawrencehaven,40.64,Delivered
2023-06-23,East,Furniture,Chairs,,3.0,-0.41,Patricia Bowen,07f2caa5,109a8f03-2,0.0,Jamesberg,43.89,Delivered
2025-01-15,Central,Office Supplies,Art,19.97,4.0,5.22,Sarah Ward,aa2f7613,ec7d24ff-2,0.0,Port Craigmouth,46.14,Delivered
2023-10-09,East,Furniture,Tables,650.04,8.0,30.11,Brian Villarreal,486615ca,f555f85a-b,0.0,Hillstad,31.5,Delivered
2023-01-13,West,Furniture,Furnishings,285.04,2.0,42.59,Rhonda Martin,d1760864,da8a5e6c-7,0.0,Matthewtown,45.34,Delivered
2022-07-24,South,Furniture,Chairs,803.23,1.0,181.57,Holly Ford,e6a94c9f,008303c8-f,0.3,South John,30.49,Delivered
2024-07-27,East,Technology,Machines,779.32,7.0,95.81,Mrs. Sarah Miller PhD,2bd9c171,b57ea548-2,0.1,South Rhondaland,8.25,Delivered
2024-05-04,West,Furniture,Chairs,285.06,5.0,49.8,Dorothy Simpson,1a1590f2,4bea2a1b-6,0.0,Kevinborough,42.74,Delivered
2023-05-16,West,Office Supplies,Art,443.06,10.0,123.52,Brandi Smith,dd143989,f306b05a-7,0.1,Johnsonhaven,32.47,In Transit
2024-03-05,South,Office Supplies,Art,327.2,3.0,56.17,Julia Johnson,ece4fe58,efa0c36e-1,0.1,New Shelley,31.77,In Transit
2023-08-06,Central,Office Supplies,Labels,116.25,10.0,7.53,Ashley Park,cd99dc7f,6dd720e4-7,0.3,North Dennis,8.44,Delivered
2023-04-09,West,Furniture,Tables,132.17,9.0,22.55,Tracy Shea,cb6be5f7,e3558b44-c,0.0,Stevenstad,14.18,Delivered
2022-11-28,South,Technology,Phones,238.84,4.0,21.53,Michael Williamson,cec0226a,123fb03b-e,0.0,Cortezfort,15.09,In Transit
2024-06-01,South,Furniture,Tables,69.97,10.0,-5.55,Julia Sexton,655a9189,0754459c-3,0.0,Whitefurt,7.46,Delivered
2024-09-25,South,Technology,Copiers,418.94,5.0,43.21,Mark Smith,e6f77f1d,f23a9663-0,0.0,Martinezborough,32.2,Delivered
2023-06-06,East,Technology,Accessories,126.12,4.0,4.63,Steven Garcia,c7e09d99,a31dd85e-a,0.1,Port Daniel,10.28,Delivered
2024-04-19,Central,Office Supplies,Binders,603.79,7.0,165.1,Caitlin Santos,042c4da2,c4d58ac9-d,0.0,Markside,5.59,Returned
2025-05-26,East,Office Supplies,Paper,417.8,10.0,100.66,Robert Keller,acbfeba2,b0279bf5-d,0.0,Joshualand,30.42,In Transit
2023-03-03,South,Office Supplies,Binders,388.54,10.0,79.59,Faith Swanson,45b068da,2abcc3e6-1,0.1,New Allen,25.01,In Transit
2022-09-22,South,Technology,Accessories,43.01,1.0,,Jennifer Gonzalez,1d0f7714,3c43dc01-7,0.0,North William,32.55,In Transit
2023-03-04,Central,Office Supplies,Paper,13.95,3.0,3.96,William Friedman,e385cbee,bf246404-2,0.1,Vincentfurt,29.54,In Transit
2025-02-17,Central,Technology,Phones,262.41,9.0,-13.92,Susan Cole,e379d2d4,6045d200-d,0.0,South Austin,24.19,In Transit
2022-12-04,Central,Furniture,Tables,997.43,3.0,-5.58,Jonathan Williams,a4688486,f9d50db4-5,0.0,Perezside,5.12,Delivered
2023-09-20,South,Technology,Machines,328.69,1.0,-6.92,Brian Adams,78061724,877e3892-9,0.3,Lake James,23.71,In Transit
2022-10-02,East,Office Supplies,Art,164.23,4.0,19.7,Joshua Walker,65952afc,111edcab-8,0.0,Alexanderchester,15.75,In Transit
2024-08-21,Central,Technology,Machines,783.09,1.0,98.9,Juan Patel,78923d2f,563611b7-9,0.1,Jonestown,49.31,In Transit
2023-04-18,Central,Technology,Phones,84.58,5.0,21.45,Dorothy Mitchell,fbcc3456,710c4cab-2,0.2,Mcleanshire,48.98,In Transit
2022-11-17,East,Office Supplies,Paper,544.62,9.0,58.88,Dominic Pena,26fcaeb4,91dda3e1-a,0.1,Mosesside,29.48,Delivered
2023-04-20,Central,Furniture,Chairs,78.55,5.0,13.48,Veronica Osborne,e1d984a0,602ea835-0,0.0,West Amyland,22.6,Delivered
2024-10-07,West,Technology,Phones,501.9,1.0,-80.9,Taylor Miller,dfb81051,cbf89ece-2,0.0,Baileyborough,42.77,Delivered
2023-12-11,East,Technology,Phones,432.12,3.0,-39.59,Gina Hansen,97ee8b99,691cd083-1,0.2,Davidborough,30.91,Delivered
2024-01-09,Central,Technology,Copiers,405.98,10.0,23.1,Omar Moyer,04e07694,17b57331-9,0.1,Donnaburgh,19.03,Delivered
2023-10-31,Central,Technology,Machines,724.01,4.0,164.06,Tammy Robinson,1e1c9bdf,9a80ad04-a,0.1,Halefort,20.85,Delivered
2024-09-09,Central,Technology,Accessories,102.75,7.0,20.4,Katrina Wall,74ec590d,3e2683c2-0,0.3,Danaview,40.69,In Transit
2024-07-21,West,Office Supplies,Art,774.28,3.0,-153.65,Stephanie Phillips,908d125e,c98e81cd-c,0.3,Davidland,16.66,In Transit
2023-11-28,Central,Office Supplies,Paper,366.78,7.0,-63.87,Vanessa Buchanan,5df78e4c,0a60fd9a-7,0.2,East Phillipfort,18.02,Delivered
2024-09-24,West,Furniture,Tables,739.12,5.0,101.21,Kevin Vaughn,dbf23be2,eca9935e-c,0.0,North Haley,32.28,Delivered
2024-06-03,West,Furniture,Chairs,268.91,9.0,46.69,Nicole Robbins DVM,0227356e,5e8e5fb2-c,0.0,Port Nicoleborough,31.01,In Transit
2024-09-03,West,Furniture,Furnishings,979.87,6.0,20.67,Dr. Steven Woods,b7a879a3,9776f147-5,0.2,Brownfort,43.47,Delivered
2023-08-15,East,Technology,Machines,53.44,10.0,3.05,Christopher Snow,b41119a8,5f748a6e-5,0.2,Toddborough,43.34,Delivered
2022-07-17,West,Furniture,Tables,159.29,2.0,-28.08,Dylan Tanner,314cd225,01068092-f,0.0,New Ericachester,32.95,Cancelled
2025-05-13,West,Office Supplies,Paper,257.0,6.0,67.96,Dorothy Baker,5f05082f,7fb26ded-f,0.1,South Angelaport,28.6,Delivered
2025-02-03,West,Technology,Copiers,287.41,5.0,,Sandra Gates,6924000f,b530828c-2,0.0,North Melissa,30.05,Delivered
2022-11-09,Central,Office Supplies,Paper,64.42,6.0,7.21,Tina Burns,cbbea3d5,b30009d3-5,0.3,South Maryside,35.42,Delivered
2022-08-18,Central,Office Supplies,Binders,143.2,8.0,37.11,Bonnie Gonzalez,6af8f669,c8133cf4-9,0.3,Lake Katelynbury,12.9,Delivered
2025-07-04,West,Furniture,Chairs,877.97,5.0,-33.84,Amanda Bryant,7205fd17,479cdd9c-4,0.2,South Jack,38.08,Cancelled
2022-09-08,South,Technology,Phones,614.97,9.0,145.67,Norman Hudson,e268845c,1f3410d2-7,0.0,East Daniel,14.4,Delivered
2024-11-01,West,Furniture,Furnishings,289.6,3.0,63.78,James Singleton,a41d0550,256ba735-7,0.1,West Heatherport,15.36,Cancelled
2025-01-25,East,Technology,Machines,960.72,3.0,191.38,Wendy Hoffman,48c43cfe,b206cbce-0,0.3,Anthonyhaven,6.31,In Transit
2024-10-27,South,Furniture,Bookcases,138.69,9.0,-23.89,Brian Oconnell,51384b3f,862bc814-c,0.0,Mitchellville,8.97,Delivered
2023-01-23,West,Furniture,Furnishings,,8.0,97.13,Amanda Douglas,445f5365,8be6ecda-0,0.0,East Andrewfort,11.63,Delivered
2025-07-02,South,Office Supplies,Binders,292.27,9.0,69.6,Melissa Estrada,2b1fb155,b61a5f74-4,0.0,Dianeville,12.25,Delivered
2022-12-02,South,Technology,Machines,922.66,9.0,108.02,Kevin Morales,b56718ec,17fbccbb-d,0.2,South Tina,25.85,In Transit
2024-11-27,South,Office Supplies,Paper,591.42,7.0,-104.29,Matthew Mitchell,09d68ff9,fd6e9691-4,0.2,Andersonview,36.39,Delivered
2024-06-14,East,Office Supplies,Paper,54.42,5.0,7.58,Kimberly Fitzgerald,4f734fdd,b1876c02-c,0.1,West Jessicaville,44.24,Cancelled
2022-12-05,Central,Technology,Accessories,755.7,5.0,191.08,Nathaniel Ramirez,ed7fb7ae,6321591f-6,0.2,Guerrerohaven,43.04,Delivered
2025-06-14,South,Office Supplies,Paper,673.1,9.0,-101.67,Shane Burns,b3137516,4c9b29ee-5,,Johnsonfort,38.28,In Transit
2024-09-17,South,Technology,Copiers,175.02,4.0,-33.95,Karen Andrews,a5eaf48a,6c4d89f5-d,0.0,Evelyntown,32.85,Delivered
2024-09-02,East,Furniture,Chairs,24.68,5.0,0.82,Tiffany Lee,08c70e00,90281324-a,0.0,North Valerie,7.62,Returned
2024-06-06,West,Technology,Accessories,792.1,7.0,-142.08,Sandra Frost,121f1807,c90879f2-8,0.0,New Davidstad,14.15,Delivered
2022-07-20,East,Office Supplies,Labels,325.25,3.0,74.74,Charles Roy,4abdff7a,fe75d097-d,0.0,Ryanstad,9.89,In Transit
2024-11-04,Central,Technology,Copiers,612.51,9.0,-57.23,Diane Long,18015529,9bb5ff4e-d,0.0,Smithfort,5.76,Delivered
2022-10-01,Central,Office Supplies,Art,649.2,10.0,26.77,Marissa Wade,43f5f58f,af69a57f-f,0.1,North Julie,15.15,Delivered
2025-01-17,South,Technology,Accessories,469.61,7.0,115.31,Christopher Torres,af8729e2,11d48807-8,0.2,South Joshua,19.46,In Transit
2024-10-09,East,Furniture,Bookcases,480.2,7.0,133.64,Jason Adams,5415ead8,25323bfa-d,0.0,New Kimberly,19.04,Delivered
2025-06-08,Central,Office Supplies,Paper,499.61,3.0,143.67,Thomas Roberts,36d362cc,c93b3071-e,0.2,Lake Markshire,22.73,Delivered
2023-03-20,East,Office Supplies,Labels,345.57,8.0,-24.62,Anna Richardson,3814d384,0fd44193-0,0.2,New Amy,47.49,In Transit
2022-07-21,South,Office Supplies,Paper,713.89,8.0,182.32,James Mcclure,1b2f1f49,9fe68834-c,0.0,Tannerland,23.65,Delivered
2024-05-06,South,Office Supplies,Labels,979.69,1.0,133.94,Mark Monroe,fdd9c231,6cc00715-a,0.2,East Kristinton,26.14,Returned
2024-09-21,Central,Furniture,Furnishings,376.32,1.0,58.78,Kimberly Watts,a31449d4,1e8ea56d-d,,South Brenda,40.11,In Transit
2025-06-28,West,Furniture,Tables,,4.0,14.59,Samuel Morales,cecb2cd9,09572da2-c,0.1,North Terriview,13.31,Delivered
2022-10-18,West,Office Supplies,Art,390.1,6.0,-13.39,Jason Gaines,cea55ac2,e7980e2d-8,0.1,Carsontown,10.51,Delivered
2023-02-02,South,Furniture,Furnishings,501.53,1.0,-77.73,Jeremy Jackson,411628c7,38dab24a-b,0.0,Judithland,30.63,Returned
2025-06-05,East,Office Supplies,Labels,348.17,4.0,,Derrick Vargas,45c803db,b7682e9a-9,0.0,West Jeffrey,43.96,In Transit
2024-06-14,East,Furniture,Tables,559.21,6.0,105.76,Sandra Kirk,676376f2,297712f3-1,0.2,Cookeborough,48.55,Delivered
2024-05-06,East,Furniture,Bookcases,496.77,2.0,-69.27,Paul Mckay,61879f96,e39d8c9a-5,0.3,Brendaville,24.3,In Transit
2023-01-03,East,Technology,Copiers,852.87,3.0,,Scott Rogers,047219d8,1481ad62-2,0.1,Howellland,23.17,Delivered
2025-02-07,South,Technology,Phones,828.87,7.0,128.53,David Cross,80281f1a,16948715-8,0.0,Port Christopher,15.67,Delivered
2022-10-10,Central,Furniture,Chairs,336.32,9.0,65.41,Debra Brown,fbc37f83,7a180eee-4,0.0,Gibsonfort,6.88,In Transit
2023-09-14,South,Furniture,Tables,,10.0,31.86,Phillip Garcia,14c464a4,e73f437e-b,0.2,South Howardchester,9.31,Delivered
2024-01-07,Central,Furniture,Bookcases,449.02,,27.76,Stephen Paul,65556151,804aa413-3,0.1,Mcdonaldmouth,24.21,Delivered
2025-01-01,East,Furniture,Chairs,626.47,5.0,-48.86,Randy Stone,9a1c92f2,68e66df8-0,0.2,Courtneytown,41.2,Delivered
2023-06-26,South,Office Supplies,Paper,326.73,,-17.19,Mary Zhang,ee459ceb,139e2a40-e,0.0,Kevinmouth,34.11,Delivered
2023-06-17,South,Technology,Copiers,,4.0,-39.8,Oscar Compton,7b4eea0e,47ed0cb5-5,0.0,Pagefurt,38.3,Returned
2024-12-23,East,Furniture,Chairs,425.63,2.0,-64.57,Miguel Gregory,9e7143a1,adce48c0-3,0.0,North Thomas,39.08,Delivered
2024-08-21,Central,Technology,Phones,471.18,5.0,1.19,Phillip Fields,a19cb8d9,b8eef639-d,0.0,Stanleyfurt,47.21,Delivered
2024-10-15,Central,Furniture,Tables,364.65,6.0,29.29,Susan Humphrey,2d9c7774,2718a38a-2,0.0,East Robert,6.05,Delivered
2023-07-15,West,Furniture,Chairs,630.39,5.0,-20.27,Carolyn Carlson,f6ca7f20,7c52e8f0-f,0.3,New Brian,6.72,Cancelled
2024-12-15,South,Technology,Phones,401.01,4.0,56.6,Katherine Leon,eef9b3db,84029bf7-4,0.0,East Aliciamouth,9.66,Delivered
2024-03-16,East,Technology,Accessories,134.24,,14.79,Lisa Garrett,8ee2c7c4,1e714e05-6,0.1,Patrickmouth,22.86,Delivered
2023-04-25,Central,Office Supplies,Paper,193.36,9.0,43.38,Gina Thompson,c22231ce,a8e03959-1,0.0,Brendashire,6.59,Delivered
2024-05-06,West,Technology,Copiers,411.69,5.0,80.42,Christian Cohen,614de971,b7071c87-6,0.3,New Lisa,24.02,Returned
2022-07-19,East,Furniture,Chairs,931.54,10.0,-118.91,Laura Robertson,01271141,179a2b81-e,0.1,South Michelleville,33.96,In Transit
2025-04-17,South,Office Supplies,Art,,9.0,43.41,Tammy Romero,244e74bb,121a1af0-7,0.0,Chelseatown,27.51,Delivered
2024-12-02,West,Furniture,Furnishings,191.26,5.0,-4.71,Martha Gibbs,9e5dd6b6,c2a2f223-9,0.0,Port Sandy,36.25,In Transit
2023-11-16,East,Furniture,Furnishings,800.6,6.0,8.97,Francisco Castro,8d3d1723,a1d585d1-f,0.2,South Kylestad,25.36,In Transit
2025-03-14,Central,Furniture,Tables,568.51,5.0,-56.83,Gerald Schmidt,369f07b3,bc678f91-e,0.2,South Stephenfurt,48.25,
2024-02-27,Central,Furniture,Furnishings,831.49,1.0,-148.75,Thomas Torres,39fa717e,bd0783aa-2,0.2,New Vincenthaven,21.12,In Transit
2024-04-29,South,Office Supplies,Binders,653.35,2.0,78.07,Tiffany Gordon,7b8c2cc0,bbfdc3a6-5,0.0,South Justin,8.5,In Transit
2023-12-10,South,Technology,Phones,147.7,10.0,33.03,Christopher James,fbf1fd25,b0541e1a-3,0.0,Kaneton,30.85,In Transit
2023-05-28,Central,Office Supplies,Labels,,8.0,236.27,Misty Smith,ad6e93d3,28a05285-2,0.2,New Jennifershire,26.45,Delivered
2024-06-03,Central,Furniture,Chairs,295.14,9.0,47.2,Sharon Allen,08849b17,9cd061a3-0,0.2,Port Alanside,9.12,In Transit
2025-04-07,South,Office Supplies,Labels,845.25,9.0,116.32,Joyce Hoover,2692d9bd,87910643-f,0.0,North Amymouth,19.59,In Transit
2023-06-08,East,Technology,Copiers,307.19,3.0,-5.31,Ricardo Green,4a4b290b,0350fc30-4,0.2,Cochranland,34.43,Delivered
2025-01-08,East,Technology,Phones,310.85,2.0,,Michael Baker,8d2530c5,f0f04841-f,0.2,North Rita,38.5,Delivered
2023-12-27,East,Office Supplies,Paper,642.86,5.0,-95.7,Katie Hamilton,45554a54,927fbc14-f,0.3,East Timothy,48.56,Returned
2023-10-09,South,Furniture,Furnishings,869.22,3.0,-65.83,Barbara Parker,232c5763,0d5734ec-3,0.0,Christinemouth,39.09,Delivered
2022-09-25,East,Furniture,Bookcases,617.75,7.0,101.58,Sydney Kramer,df7e7773,dfac0c31-7,0.3,New Susan,16.25,In Transit
2025-06-05,East,Office Supplies,Art,11.29,9.0,1.59,Heather Logan,1b3f9bf8,ad65ee13-b,0.2,Josephville,32.5,Delivered
2025-02-03,South,Furniture,Tables,415.47,5.0,114.0,Natalie Allen,0a4a46d8,019a3287-5,0.3,East Krystal,24.11,In Transit
2022-09-30,Central,Office Supplies,Art,332.25,8.0,-35.34,Elizabeth Rodriguez,66e68187,b9bbbf0c-2,0.2,Port Jordanland,42.19,In Transit
2025-05-13,West,Office Supplies,Art,289.67,8.0,-8.84,Monica Castro,1fbf5976,10244e4d-8,0.2,Lake Katherinechester,32.29,Delivered
2024-02-15,Central,Technology,Machines,5.64,5.0,0.87,Cynthia Castillo,500851e8,099891e2-4,0.1,Jonesbury,49.39,Delivered
2023-10-31,South,Furniture,Furnishings,562.73,10.0,147.27,Frances Robinson,4d7a11e7,e164db19-8,0.2,New Joshualand,38.87,Delivered
2023-05-02,Central,Office Supplies,Art,432.68,6.0,,John Smith,12797fab,a866a870-0,0.2,South Susanborough,6.19,Delivered
2023-04-11,East,Technology,Copiers,403.1,,98.93,April Johnston DDS,9f340833,85d90ee7-2,0.0,Tiffanyshire,16.13,Delivered
2025-03-08,Central,Technology,Machines,652.49,6.0,16.75,Andrea Foley DDS,9a781fde,25d1e460-4,0.2,West Jesus,47.7,In Transit
2023-10-02,West,Office Supplies,Labels,89.13,2.0,11.83,Matthew Carter,1eab66c7,d0610632-8,0.0,Fosterberg,29.23,Delivered
2023-06-01,South,Furniture,Chairs,440.02,5.0,-44.15,Albert Love,54e3ff1e,31d97ab2-6,0.2,Danielmouth,40.55,Delivered
2023-09-11,East,Office Supplies,Labels,333.11,1.0,27.89,Brandon Garner,f537b0cb,6f0fd75d-1,0.2,Sallyburgh,42.29,In Transit
2023-08-12,Central,Technology,Accessories,272.16,8.0,-10.09,Lisa Cannon,6ff9eaf4,378f1bc9-6,0.1,Michaelmouth,31.93,Delivered
2023-05-08,East,Furniture,Tables,,4.0,204.12,Brent Harrington,ae98dbe5,94fcc617-b,0.0,Lake Victoria,29.82,Delivered
2024-10-14,Central,Technology,Accessories,22.05,1.0,,Ralph Hawkins,aea2221a,b7551024-9,0.0,West Hannahside,5.38,Returned
2022-12-28,Central,Technology,Machines,557.74,9.0,-72.8,John Krueger,44995d37,c3462511-0,0.2,Port Timothy,7.5,Delivered
2024-10-18,South,Technology,Phones,890.25,6.0,60.12,Lisa Miller,5c8d4858,ba7b253b-c,0.0,Floydberg,26.84,Delivered
2023-12-03,South,Technology,Machines,206.73,1.0,-10.37,Laura Thompson,81af5921,c325a585-c,0.2,South Garyside,40.2,Cancelled
2024-06-01,East,Technology,Phones,576.98,3.0,-49.4,Robert Williams,e7100f28,4dc1e5dd-5,0.3,Cherylmouth,32.78,Returned
2024-12-16,West,Office Supplies,Labels,949.96,1.0,-27.36,Kevin Black,9a39e33b,8267050d-3,0.0,North Donaldport,28.06,In Transit
2022-11-15,East,Furniture,Tables,,10.0,129.01,Gregory Harvey,2ba8ed1f,6f191912-e,0.0,East Henryton,15.28,In Transit
2025-07-11,West,Office Supplies,Labels,966.59,6.0,-177.79,Thomas Diaz,8cc31094,9ed664cc-8,0.0,Nielsentown,10.7,Delivered
2024-03-18,Central,Technology,Machines,972.86,10.0,-172.47,Angela Baker,75d8c008,755c6df2-f,0.0,North Karen,43.69,Cancelled
2025-06-22,Central,Technology,Accessories,825.0,3.0,164.54,Susan Blair,2172fa08,ba46cb0f-1,0.2,East Francis,15.42,Delivered
2025-02-01,Central,Furniture,Bookcases,386.88,10.0,-42.25,Danielle Lee,7b240947,639c4f24-0,0.2,Thompsonville,17.32,Delivered
2025-05-18,South,Furniture,Furnishings,812.63,2.0,165.68,Michelle Wilson,3b907941,b4682868-8,0.2,Kevinhaven,36.83,Delivered
2024-03-13,West,Technology,Machines,618.34,5.0,-8.56,Courtney Holmes,884bbde5,aedfb1d2-0,,Coleshire,28.91,In Transit
2023-07-21,South,Technology,Machines,774.18,2.0,20.35,John Russell,f18c70e4,69af9ef7-e,0.1,Kristenhaven,37.75,Cancelled
2023-09-30,East,Office Supplies,Binders,995.9,6.0,-10.79,Amanda Parker,4ce960e8,691e3f60-d,0.2,East David,43.04,Delivered
2024-04-13,East,Furniture,Tables,563.98,5.0,-109.31,Candace Reeves,b13e5074,b63f7271-2,0.1,Mackenzieshire,39.88,Delivered
2022-10-02,West,Furniture,Furnishings,559.28,2.0,,Randall Snyder,ce0521fc,3957cd17-6,0.2,North Larry,36.88,In Transit
2023-11-05,South,Office Supplies,Binders,402.63,6.0,-12.76,Michael Saunders,677da779,d7dc9762-0,0.0,Rodriguezport,48.62,In Transit
2024-06-01,West,Office Supplies,Binders,890.18,8.0,-149.23,Andrew Alexander,26f28d0d,b71bc4db-f,0.0,Collinsville,48.83,Delivered
2024-07-07,East,Furniture,Tables,429.74,,66.66,Stephen White,48d97a70,773c3369-d,0.0,Port George,30.74,Cancelled
2022-11-07,Central,Technology,Accessories,829.38,5.0,-31.19,Karl Flores,2b023019,e933404f-d,0.0,North Anthonychester,39.91,In Transit
2025-01-12,West,Office Supplies,Art,807.98,6.0,157.63,Mr. Willie Nelson,8c8958f7,de01afb3-b,0.0,Troyton,44.04,Cancelled
2023-12-06,South,Furniture,Furnishings,570.83,9.0,-91.37,Lance Ferguson,7c11b744,dc1b0217-9,0.0,Jackburgh,26.32,In Transit
2024-05-23,West,Furniture,Furnishings,160.51,4.0,31.97,Anthony Davis,f382f7d2,cc422e84-b,0.0,West Charlesland,41.86,Delivered
2024-02-15,Central,Technology,Copiers,622.93,,52.2,Michael Durham,2395762d,c100b56b-b,0.3,New Tiffany,16.33,Delivered
2025-03-01,West,Office Supplies,Binders,487.73,1.0,47.75,Tyler Pierce,20baf2d4,e2b04af7-c,0.2,New Christopherville,15.68,Cancelled
2024-06-24,West,Furniture,Chairs,904.67,9.0,-129.51,Randy Obrien,817a8104,916a66eb-2,0.0,Shawnaland,10.88,Delivered
2023-12-24,East,Technology,Copiers,547.4,10.0,-86.35,Geoffrey Baker,72fa644c,a2560b6c-e,0.0,Turnerborough,,Delivered
2025-05-13,East,Office Supplies,Art,219.53,3.0,-33.88,Mark Lucas,79e79074,443dc60b-6,0.0,North Susan,47.86,In Transit
2024-08-29,South,Technology,Copiers,343.87,2.0,-46.56,Linda Kramer,b0ba8914,e9668f5c-9,0.0,Donaldshire,33.14,Delivered
2023-01-19,South,Technology,Copiers,878.83,9.0,17.21,Daniel Davis,3d4da17a,c38b1794-3,0.2,Clarkshire,48.0,Delivered
2024-03-16,South,Furniture,Bookcases,30.66,10.0,6.64,Heather Valencia,15ed1b65,220f8958-4,0.2,Warrenton,33.91,In Transit
2025-06-22,West,Office Supplies,Labels,691.48,1.0,133.35,Jonathan Robles,5693b686,a8324974-a,0.0,Barnesburgh,5.11,Delivered
2023-01-20,South,Furniture,Tables,539.11,9.0,53.55,David Martin,79a4ca07,ba675c95-3,0.1,Jamieton,5.03,Delivered
2022-08-01,East,Furniture,Chairs,171.04,5.0,26.08,Leslie Ware,562d51e3,cf836875-8,0.0,East Dustinburgh,41.03,In Transit
2023-11-23,West,Technology,Machines,865.86,3.0,89.09,Sharon Parsons,047a50e6,42b00060-4,0.0,Lake Jamesborough,25.12,Delivered
2023-09-07,East,Technology,Phones,365.17,,67.72,Carlos Miller,85d63ccb,ff58cd31-b,0.0,Mcguireton,20.82,In Transit
2023-07-24,West,Technology,Copiers,357.94,1.0,-52.75,Robert Baker,ca0789a3,cdd79d2e-d,0.0,East David,47.76,Delivered
2023-12-20,South,Office Supplies,Binders,819.63,3.0,-146.32,Gerald Hamilton,2ecd8625,f08183cc-e,,Jesseside,26.4,Delivered
2023-03-19,South,Furniture,Tables,438.03,3.0,-20.11,Lisa Campbell,e100da25,c54be86c-f,0.1,Andrefort,12.5,Delivered
2023-01-12,Central,Furniture,Chairs,645.03,9.0,173.98,Troy Smith,ebf7345b,e33e8882-6,0.1,Port Josephfurt,20.4,In Transit
2025-05-25,Central,Office Supplies,Paper,709.74,9.0,-111.82,Jason Santos,66968a4a,74e17559-2,0.3,Chandlertown,41.29,In Transit
2024-02-12,West,Office Supplies,Binders,588.82,4.0,96.5,Nathan Torres,a6e4e711,228bf02d-c,0.2,Taylorburgh,12.55,Delivered
2023-05-12,West,Office Supplies,Binders,885.15,6.0,-65.02,Anthony French,ff35b97b,e3c8ccfc-9,0.0,North Marybury,34.74,Delivered
2024-01-01,West,Technology,Accessories,120.48,6.0,33.17,Joel Thomas,5e82b848,db5e21e6-d,0.0,Herreraland,26.38,In Transit
2025-03-29,South,Technology,Copiers,50.39,6.0,-7.21,Ryan Smith,4d03a509,1d72f395-9,0.0,Lake Ryanport,35.41,In Transit
2023-03-07,Central,Office Supplies,Binders,160.7,,13.04,Lisa Williams,f856fbd2,3e99b26d-b,0.0,Sandramouth,15.29,Delivered
2025-02-23,West,Furniture,Chairs,853.18,8.0,102.27,Kenneth Bell,e58b3d4a,fc9aa7ff-4,0.0,Fergusonview,6.45,Delivered
2024-10-08,West,Furniture,Bookcases,132.57,7.0,33.0,Victoria Wood,3a82cd9e,a5f9d560-b,0.3,Beltranside,12.67,Delivered
2024-06-05,Central,Technology,Phones,409.16,3.0,70.97,Jacob Sanchez,42d53384,9cc5ea8f-7,0.1,Port Scottberg,6.77,In Transit
2025-06-29,South,Office Supplies,Labels,234.56,7.0,21.72,Natasha Adams,cbffdbe8,0548db11-f,0.0,Leonardhaven,8.02,In Transit
2023-07-31,West,Office Supplies,Binders,580.54,2.0,-37.71,Billy Thomas,05caf470,1ab4690d-7,0.0,East Cheyennestad,33.82,Delivered
2024-02-02,East,Furniture,Bookcases,46.01,6.0,-4.92,Mr. Nicholas Oliver,171173ac,da209d53-3,0.3,West David,19.63,Delivered
2025-01-27,Central,Technology,Accessories,947.27,6.0,169.02,John Weeks,e84c8525,3dc37bde-c,0.2,Lake Kelly,43.8,Cancelled
2024-10-24,Central,Office Supplies,Paper,945.73,8.0,100.77,Ann Edwards,f4a31a32,4e6efab4-e,0.0,Port David,39.62,Returned
2025-04-27,South,Furniture,Bookcases,777.43,5.0,-117.06,Richard Gonzales,f0ba8276,4a6677b3-f,0.1,Kevintown,28.67,Delivered
2024-11-19,East,Furniture,Bookcases,217.15,9.0,35.58,Tracy Mays,4adfac8a,fee2b48d-3,0.2,Bryanview,8.98,Delivered
2024-10-14,West,Office Supplies,Binders,584.32,1.0,-75.06,Mary Jones,8c632980,c420ce3b-b,0.0,New Patrick,32.36,Delivered
2024-04-30,Central,Office Supplies,Art,16.51,4.0,1.95,James Davis,32193be8,e04cd780-c,0.1,Port Patriciamouth,31.63,Delivered
2023-08-19,West,Furniture,Chairs,576.98,4.0,28.62,Wayne Miller,cf75ac3d,0f41a9d2-1,0.1,East Edward,5.51,Delivered
2022-12-15,South,Office Supplies,Paper,338.43,4.0,-25.74,Russell Jordan,a8efb0fa,546f457b-4,0.0,Laurahaven,45.49,Delivered
2025-03-12,Central,Technology,Copiers,606.8,2.0,99.36,Molly Johnson,c7faeb2b,5d6f8906-2,0.0,South Margaret,10.14,Delivered
2025-01-10,Central,Office Supplies,Binders,942.68,6.0,242.33,Alison Vaughan,e352c201,7fe5a42c-b,0.2,Port Scott,11.72,Delivered
2022-11-14,West,Furniture,Tables,362.94,8.0,-46.61,Jo Johnson,93b4e9ce,a69c5bf2-1,0.2,West Michael,43.73,Delivered
2024-06-13,West,Furniture,Furnishings,802.22,5.0,147.37,Bradley Perry,1ddbbd2d,60640f9d-2,0.2,Andrechester,26.2,Delivered
2023-01-06,East,Furniture,Bookcases,916.34,5.0,,Juan Burch,9ba5d291,0d72e024-4,0.0,East Baileystad,43.05,In Transit
2023-12-23,South,Technology,Accessories,436.16,1.0,-2.82,Michael Bean,e77e57d8,e049c0a2-8,0.0,Billyfort,28.67,Cancelled
2024-06-17,South,Technology,Accessories,168.6,5.0,39.85,Jose Carroll,68aeae0b,d404d9a9-b,0.0,Port Rhonda,22.94,Cancelled
2023-08-02,West,Office Supplies,Paper,592.55,8.0,-12.13,Victoria Peters,7edc46a3,56ed2e53-5,0.2,West Joseph,40.59,Delivered
2023-04-08,South,Office Supplies,Labels,509.77,1.0,123.02,Sharon Palmer,cd1a4e3a,95f2cb53-8,0.0,Curtisborough,9.58,Delivered
2023-04-10,West,Furniture,Bookcases,428.8,3.0,-83.49,Randy Middleton,b8ea1249,069e5fcc-6,0.2,Port Tiffany,40.84,Delivered
2024-12-12,West,Furniture,Furnishings,761.88,1.0,-17.12,James Harrison,818afcd3,22a0f3d6-1,0.1,Hunterborough,32.28,Delivered
2023-03-29,East,Technology,Phones,411.37,3.0,69.95,Catherine Jordan,9aaab9da,15f7ca64-2,0.2,East Andrew,29.56,Delivered
2023-10-31,West,Furniture,Chairs,946.37,1.0,-34.43,Curtis Jefferson,1fb05fb7,3f1845ef-3,0.0,Fosterfurt,11.76,Delivered
2024-01-16,South,Furniture,Chairs,548.18,6.0,-63.99,Richard Smith,6a127935,fdce0e74-4,0.1,East Kimberly,23.7,Returned
2022-09-12,South,Office Supplies,Labels,66.68,8.0,9.84,Debbie Black,4bf2b21a,4ca273d8-2,0.0,Yatesborough,42.57,Delivered
2022-12-25,East,Technology,Copiers,,6.0,-50.74,Sara Miller,395b5653,efb2555a-9,0.0,New Erica,42.77,Delivered
2022-11-24,East,Office Supplies,Labels,663.45,7.0,-9.38,Douglas Robbins,1172a7c9,ee6c6cca-6,0.0,Robertborough,45.68,
2025-03-09,South,Furniture,Furnishings,129.78,6.0,35.42,Heather Erickson,ed52a4ef,ac12bcee-a,0.2,Sandraville,28.29,
2023-09-08,South,Technology,Phones,615.14,1.0,156.11,Marc Townsend,12552c01,b04de694-e,0.0,East Stacychester,41.36,Cancelled
2023-03-22,South,Furniture,Chairs,722.23,1.0,-98.24,Dana Walsh,2f737c1b,abb8099d-d,0.0,,37.04,Cancelled
2025-01-20,South,Technology,Accessories,518.12,8.0,-62.34,Tonya Lowe,9f13f154,9ac49144-b,0.0,Vaughnton,8.91,In Transit
2022-08-20,Central,Technology,Machines,692.58,5.0,,Dylan Lane,4dc2f335,018a5f0d-3,0.0,Butlerburgh,36.16,In Transit
2023-05-03,Central,Technology,Machines,261.24,,65.54,Jacob Thompson,42d1463c,f28bea74-3,0.1,Aprilville,45.5,Cancelled
2023-06-30,West,Technology,Accessories,603.95,7.0,-39.96,Tiffany Peterson,dd603435,36b434b7-9,0.0,East Jordan,16.12,Delivered
2023-08-01,Central,Technology,Phones,852.42,5.0,49.39,Tyler Harris,bb27ecae,e3a5d391-e,0.2,New Ryan,11.67,Delivered
2025-01-21,East,Office Supplies,Paper,842.17,2.0,-16.79,James Chan,0f8555d1,2e346772-f,0.0,New Paula,36.43,In Transit
2024-01-28,Central,Furniture,Tables,161.73,2.0,4.34,Marcus Schultz,793f0275,1fa1c81d-e,0.1,Gonzalezfurt,33.74,In Transit
2023-10-23,South,Technology,Copiers,661.7,3.0,-13.22,Darrell Taylor,02c29494,7283f8c5-1,0.1,East Rebeccaland,15.19,In Transit
2025-01-17,South,Technology,Machines,921.13,10.0,-101.54,Rebecca Carlson,82b02e8a,030c7685-b,0.0,West Roberttown,12.48,Delivered
2024-01-30,West,Office Supplies,Binders,123.88,5.0,-22.89,Grace Davenport,e75dcbf3,e8a172fb-0,0.0,Kelleytown,48.52,Delivered
2025-03-24,West,Technology,Phones,103.8,10.0,17.23,Sharon Baker,37d7113a,2a3a7264-7,0.1,Hardingburgh,11.59,Cancelled
2023-03-20,East,Furniture,Furnishings,,2.0,45.02,Donna Davis,b766e421,8febbffb-2,0.0,North Briannaport,28.52,In Transit
2024-11-07,South,Office Supplies,Paper,,3.0,4.0,Dana Meyer,37d02e74,0530dd60-b,0.1,East Carmenside,20.95,In Transit
2023-06-08,South,Office Supplies,Paper,797.83,6.0,-2.69,Daniel Schroeder,3b80d5ee,d45dd1ec-9,0.1,Mcdanielport,48.54,Cancelled
2023-04-09,West,Furniture,Furnishings,694.08,,,Joshua Harrington,d1991cf8,c767f933-e,0.2,Velazquezland,28.29,Cancelled
2024-02-27,East,Technology,Machines,780.16,7.0,67.35,Christopher Allen,34703690,b4052553-1,,Port Daniellehaven,39.1,In Transit
2025-03-19,Central,Furniture,Furnishings,55.81,9.0,8.17,Jessica Barajas,dfee35ea,9e67ebb2-7,0.0,New Derrick,37.04,Cancelled
2023-09-04,West,Office Supplies,Labels,811.41,4.0,175.97,Sean Smith,40e380cb,0ab394f8-8,0.2,Christopherberg,13.75,Delivered
2023-09-06,South,Furniture,Tables,278.51,9.0,-53.92,Charles Guzman,f28770d8,01a90a06-f,,Lake Davidfort,19.21,Cancelled
2024-07-30,South,Furniture,Chairs,150.39,4.0,-6.27,Joseph Morales,0f9d6129,72d672d2-1,0.2,Mitchellfort,48.37,Delivered
2024-02-18,West,Office Supplies,Paper,750.78,7.0,-117.38,Jasmine Fisher,df152a21,69fc38fe-b,0.0,Karabury,28.8,Delivered
2025-03-30,South,Furniture,Bookcases,64.98,2.0,-2.9,Lisa Patel,d7bf7a23,922dbe57-c,0.0,North Dana,31.36,Delivered
2024-05-02,West,Technology,Machines,232.62,3.0,20.66,Jeffrey Roberts,9db12850,a731e298-5,0.0,Quinntown,32.72,Delivered
2023-12-30,East,Furniture,Tables,62.2,8.0,5.86,Gregory Nguyen,fe0fde22,907a2e41-1,0.1,Sierrachester,29.5,In Transit
2022-11-14,South,Furniture,Furnishings,635.62,7.0,32.23,Ryan Taylor,39060eb1,ecd29451-e,0.3,Lake Stacieburgh,41.2,Delivered
2024-01-26,Central,Office Supplies,Paper,301.76,3.0,-32.16,Francisco Carson,fcb7ed92,a4cce80c-1,0.0,Morrowfort,24.53,In Transit
2025-02-21,Central,Furniture,Bookcases,303.07,10.0,-27.94,Aaron Vargas,90f7d477,06d14933-1,0.1,Lake Kathrynstad,,Delivered
2023-01-26,Central,Furniture,Tables,156.93,1.0,3.08,Dave Morrison,812c91d3,9a06f96a-b,0.1,New Carlosport,32.41,In Transit
2025-02-09,West,Technology,Phones,871.72,9.0,19.07,Sean Hubbard,f3995c77,9f419f27-d,0.1,Latoyafort,34.41,In Transit
2023-02-22,South,Technology,Machines,247.45,5.0,-20.97,John Jackson,65b51234,6df00c47-8,0.1,Pennyton,47.14,In Transit
2023-07-08,South,Furniture,Furnishings,602.17,6.0,-119.09,Zachary Williams MD,4da2e36a,a2f51f4a-2,0.3,Mortonborough,11.76,Returned
2024-09-03,West,Furniture,Tables,327.29,9.0,21.74,Leslie Chavez,392044a8,f4380297-f,0.2,Michaelchester,8.22,Delivered
2025-01-03,Central,Technology,Machines,200.84,2.0,-14.76,Jesse Tucker,fbcd8d13,4b6a7ae5-3,0.2,North Leeshire,35.57,Delivered
2023-07-03,West,Technology,Machines,127.35,5.0,-5.17,Sheila Bartlett,9f0963b5,3ad26026-9,0.3,Cassandrahaven,36.44,Delivered
2022-09-28,West,Furniture,Bookcases,704.46,2.0,146.13,Jorge Rios Jr.,b5560eb5,4d5a79ed-5,0.3,West Sarahside,29.73,Returned
2025-05-23,West,Furniture,Furnishings,568.93,1.0,36.3,Sharon Evans,ae60326e,824e868e-e,0.0,Dorothychester,33.58,Delivered
2023-01-06,West,Furniture,Bookcases,694.87,1.0,54.02,Rebecca Simmons,ef698bd7,f5bcc995-c,0.2,Austinview,,Returned
2025-06-18,West,Furniture,Furnishings,357.69,6.0,-20.78,Andrew Johnson,38abc602,00492236-4,0.3,New Robertville,47.72,Delivered
2025-03-03,West,Office Supplies,Labels,209.94,4.0,8.27,Matthew Woods,49681eef,06d235c8-a,0.0,Port David,22.19,Cancelled
2023-04-08,West,Technology,Copiers,250.12,10.0,53.7,Dawn Scott,d4e85d44,df47bdfa-0,0.1,Brookeside,35.44,Cancelled
2024-09-16,Central,Office Supplies,Binders,923.73,9.0,-90.84,Savannah Bishop,3a035460,d7d12b94-e,0.0,North Scott,16.75,In Transit
2022-09-22,East,Furniture,Chairs,396.61,2.0,67.78,Ronald Spencer,5415ed4e,ed776147-e,0.0,Hughesfurt,26.84,In Transit
2023-09-22,East,Office Supplies,Art,344.99,,-32.4,David Carney,a202fbb0,d827d26a-5,0.0,West Davidberg,31.38,Delivered
2024-06-09,East,Office Supplies,Paper,352.87,9.0,-10.4,Sharon Anderson,2b546122,459136a5-f,0.0,Jonesport,11.3,Delivered
2025-02-25,South,Furniture,Tables,685.74,9.0,62.06,Shane Barber,392d403f,304abd89-a,0.3,Hernandezville,38.71,Cancelled
2025-07-08,East,Technology,Accessories,855.99,10.0,147.38,Parker Wiggins,a1e4dad9,bc867d7e-9,0.1,Jerrychester,36.53,Delivered
2023-09-30,East,Technology,Copiers,418.63,4.0,-50.01,Gabriela Gardner,7d9264a3,4ff0feae-b,0.0,Lake Christopher,38.73,In Transit
2024-09-19,Central,Technology,Copiers,309.69,1.0,50.51,Lisa Barnes,a108e874,d479b9db-4,0.0,East Mark,,Delivered
2024-07-19,South,Technology,Machines,456.46,1.0,21.39,Jason Vaughn,57433b13,2934cc5a-d,0.0,New Donnaview,38.09,In Transit
2024-08-05,East,Office Supplies,Binders,311.58,10.0,-43.41,Angela Reynolds MD,76febcbb,05b6edc6-e,0.2,Stewartstad,26.68,Delivered
2022-10-08,East,Technology,Machines,355.42,7.0,54.17,Thomas Robinson,d7365258,12a3bf9d-0,0.2,East Matthewhaven,28.09,Cancelled
2025-02-25,Central,Technology,Phones,46.43,6.0,3.54,Jeremy Mack,fd277946,cfb7fef7-c,0.0,Lisaberg,30.32,Delivered
2023-11-24,West,Technology,Copiers,448.09,4.0,88.2,Jesse Perry,e15f99d3,522ff6ec-2,0.1,Gilbertbury,17.51,Delivered
2025-06-30,East,Furniture,Furnishings,219.43,,-26.33,Gregory Bradley,9fdfcf41,f511df7c-c,0.0,Port Jennifer,30.98,Delivered
2024-10-24,Central,Office Supplies,Paper,31.57,10.0,1.07,Laura Jimenez,f1f58f48,c36c0691-0,0.0,Charlesmouth,38.51,Delivered
2022-11-08,South,Furniture,Tables,897.25,8.0,,Michael Cox,1ae66cf9,0426b8e5-0,0.1,East Maryside,28.46,In Transit
2024-04-11,South,Furniture,Bookcases,651.41,,-79.94,Jacqueline Sanchez,228934be,07fdc31e-8,0.0,Wilsonport,35.37,Delivered
2024-05-15,East,Technology,Phones,161.45,8.0,-10.46,Brent Cabrera,5b82b126,8923214b-a,0.3,Meganmouth,15.8,Delivered
2022-12-25,East,Furniture,Chairs,801.58,1.0,232.97,Crystal Schmitt,5085adab,92148b8b-4,0.0,East Sean,32.25,Delivered
2024-07-26,South,Technology,Phones,421.36,6.0,-46.87,Timothy Young,93c4716f,6aa95d62-2,0.2,West Alan,45.44,Delivered
2025-03-08,West,Furniture,Furnishings,933.22,10.0,-53.28,Jennifer Ellis,59bb89c4,c89828dc-e,0.0,East John,16.57,Delivered
2022-11-21,Central,Technology,Copiers,285.05,2.0,26.84,Brian Moore,280250b7,6823f227-a,0.0,Lake Robertburgh,5.4,Delivered
2024-01-24,East,Furniture,Bookcases,310.02,2.0,2.52,John Ramos MD,78dd060e,0f83c24f-b,0.3,Johnton,33.23,Delivered
2022-09-24,Central,Furniture,Chairs,804.5,8.0,-68.38,Kristin Harding,2613ea29,35431bd9-e,0.0,Lake Maryton,35.97,Delivered
2024-09-16,South,Technology,Phones,456.39,2.0,79.11,Amy Vazquez,e6538189,cdef80a1-5,0.1,North Molly,25.73,Delivered
2024-08-19,Central,Technology,Copiers,35.35,2.0,2.6,Jorge Blake,79eb8e7b,eac73528-4,0.0,Harperberg,18.18,In Transit
2024-09-23,West,Office Supplies,Labels,678.77,7.0,,Jacob Anderson,944146ea,0e02dec4-0,0.0,Bryanstad,5.47,In Transit
2025-03-20,West,Office Supplies,Binders,846.26,1.0,64.6,John Hunter,262bc62f,584c949a-e,0.0,Michelleland,21.29,In Transit
2022-10-30,West,Furniture,Furnishings,690.79,4.0,-11.94,Raymond Chavez,8ef39acd,04772a1d-2,0.0,Angelastad,48.95,Delivered
2024-02-23,East,Technology,Machines,179.62,2.0,2.85,Erin Vang,0b148c2a,2395c917-7,0.0,New Davidmouth,42.19,Delivered
2023-12-22,East,Technology,Copiers,804.21,5.0,15.67,Dale Vazquez,3850725e,88fb1a8b-1,0.0,Port Alan,17.52,Cancelled
2024-11-15,Central,Technology,Machines,203.89,8.0,-40.62,Claudia Lester,e31d2852,673a719d-8,0.0,,43.53,Cancelled
2024-08-28,East,Furniture,Furnishings,683.91,1.0,-70.56,Candace Farrell,c575f267,0f4c1578-8,0.3,Johnstonview,19.16,Delivered
2023-08-26,East,Technology,Machines,439.11,7.0,59.8,Gregory Gross,242497c2,36acc5b4-0,0.0,Johnsonstad,15.77,Delivered
2025-01-12,East,Technology,Machines,772.14,1.0,218.99,Gloria Brock,d3332ae5,547b1756-d,0.2,North Kellishire,12.14,Delivered
2022-07-26,South,Technology,Machines,180.13,3.0,-19.59,Beth Parks,a154f238,2a84be78-3,0.3,South Danielleberg,6.62,Delivered
2025-05-04,East,Office Supplies,Binders,757.98,5.0,-88.42,Erika Gordon,9364ba7e,2264cea5-f,0.0,Port Katherineland,9.96,Delivered
2023-10-11,Central,Technology,Accessories,489.81,,-50.07,Anthony Martin,d48addfc,4ea65769-9,0.0,Ericton,37.27,In Transit
2024-05-06,Central,Technology,Phones,851.31,,-139.32,William Briggs,b94fc33c,5df5bd25-1,0.1,Lake William,5.9,Delivered
2025-04-17,South,Technology,Phones,94.75,8.0,-7.64,Natalie Bell,50e390c8,2c4eea1f-6,0.0,Rodgersview,34.91,In Transit
2023-10-03,Central,Furniture,Chairs,675.92,5.0,23.66,Christopher Ford,6a865844,f5d9bdf4-f,0.0,West Wendy,31.88,Delivered
2025-01-31,South,Technology,Phones,323.32,,8.45,Keith Harrell,90e106d1,2c675e78-3,0.0,Port Timothyshire,46.9,Delivered
2023-10-27,West,Technology,Phones,779.44,6.0,-97.96,Sierra Watkins,26aca166,990f2f79-c,0.1,East Ashleychester,26.16,Delivered
2023-03-31,South,Furniture,Chairs,25.42,7.0,2.82,James Dunn,54185bac,6d2477f1-1,0.0,East Dawn,29.51,Delivered
2023-04-19,South,Office Supplies,Paper,886.39,,-0.4,Ashley Le,b35d0b89,30502f96-b,0.0,West Michaelchester,23.72,Delivered
2024-10-01,Central,Technology,Copiers,999.65,4.0,-54.83,Emily Holden,1ddddbed,0c4ea6b1-8,0.2,North Lisa,47.57,Delivered
2022-11-13,South,Technology,Phones,76.42,9.0,11.05,Bryan Meyers,94226e09,f8093636-3,0.2,Barnetthaven,5.23,In Transit
2024-07-22,Central,Furniture,Tables,838.55,3.0,58.77,Tyrone Alvarado,4133f682,248a5fdd-9,0.0,South Christopherbury,19.38,Delivered
2022-08-18,West,Office Supplies,Binders,433.69,2.0,34.04,Tiffany Henderson,cda505a2,39611826-a,0.1,East Alexanderside,5.76,Delivered
2023-05-03,West,Technology,Phones,243.38,1.0,-29.05,Alicia Hart,7c651c22,ab410a5c-6,0.0,Theresahaven,25.42,Delivered
2022-09-19,South,Technology,Accessories,696.21,3.0,-127.86,Lisa Lane,f1ad01d1,f7c5761f-4,0.1,East Nicole,41.87,Cancelled
2023-04-12,East,Technology,Machines,624.05,3.0,124.16,Michael Gilbert,fade0a17,005f8bec-4,0.3,Samanthatown,45.26,Delivered
2024-02-02,West,Office Supplies,Paper,983.91,8.0,-156.08,Michael Macdonald,f7aae548,5ed7e71b-5,0.0,New Sarahfort,13.68,Cancelled
2024-03-14,West,Technology,Accessories,32.41,3.0,0.87,Matthew Brown,8dc2cb02,59f0b58c-5,0.2,Christopherburgh,10.49,Delivered
2024-12-24,South,Furniture,Chairs,686.2,6.0,8.4,Mary Simpson,458631e0,7bd67909-e,0.0,Stephanieburgh,49.86,Delivered
2023-02-04,Central,Technology,Phones,263.6,4.0,24.74,Ann Wong,a45f7fe0,9ce5ac40-e,0.2,South Brian,,Cancelled
2023-11-18,West,Office Supplies,Paper,33.4,5.0,-5.94,Karen Short,e664a7cd,b27474fe-3,0.3,,48.17,Cancelled
2024-08-24,East,Technology,Accessories,257.33,6.0,69.01,Monica Hart,5884ce53,0b6ae9b5-2,0.2,North Danny,45.89,In Transit
2025-04-03,Central,Office Supplies,Binders,332.25,9.0,-28.47,Steven Caldwell,b404c1b2,5f83996c-d,0.2,Lake Kayla,33.03,In Transit
2023-03-08,West,Furniture,Furnishings,490.27,10.0,142.93,Trevor Washington,a87a4f77,399ff647-e,0.0,Justinfort,44.15,Delivered
2024-09-03,South,Technology,Accessories,650.31,9.0,-53.78,Kimberly Bishop,10e46f58,11dad676-1,0.0,Andersonmouth,7.61,In Transit
2024-11-17,West,Furniture,Bookcases,615.98,9.0,-100.29,Jon Strickland,9a569565,4aefc5d3-5,0.0,Port Nicole,30.67,Delivered
2022-08-02,West,Office Supplies,Art,744.74,3.0,-92.89,Timothy Woodard,4a5588e7,2c95e923-7,0.3,New Alexander,21.11,In Transit
2023-12-07,South,Technology,Machines,330.98,8.0,49.58,Roger Manning,948a9d2e,d2e48893-1,,Allisonfurt,42.84,Delivered
2025-05-15,East,Furniture,Furnishings,812.17,4.0,-136.39,David Wilkerson,1344281e,3b3f522c-5,,Port Karen,26.77,Delivered
2023-08-25,South,Office Supplies,Art,588.22,4.0,-16.51,James Cabrera,1e4ee4ac,d61ce7da-2,0.0,Lisahaven,47.79,Delivered
2025-02-24,East,Office Supplies,Art,713.08,1.0,97.81,Christopher Page,870c0452,05ef73db-2,0.0,Port Scottland,5.26,Delivered
2022-12-15,South,Furniture,Furnishings,418.3,4.0,79.71,Jill Allen,6e86f6bc,40f9e785-b,0.0,West Aaronbury,9.91,Delivered
2023-12-04,West,Furniture,Tables,822.59,5.0,-142.63,Beth Lane,843066b2,a24912bd-e,0.0,Brentside,28.39,Delivered
2024-05-22,East,Furniture,Furnishings,427.55,8.0,-33.23,Michael Prince,13cb9955,bde97b26-2,0.0,Port Robertmouth,24.97,Cancelled
2023-12-18,Central,Technology,Accessories,384.03,1.0,108.81,Scott Johnson,0ee3b141,aa436fd6-7,0.0,Millerland,28.39,Delivered
2022-08-24,West,Office Supplies,Labels,141.98,4.0,-15.19,Olivia Newman,2451508d,b95a5841-1,0.0,Stephentown,35.06,Delivered
2024-03-15,East,Furniture,Tables,841.98,6.0,52.69,Catherine Oneill,a522d489,3433a0e2-c,0.0,Sandyton,40.23,Cancelled
2023-10-07,West,Furniture,Chairs,970.28,4.0,-114.68,Michael Baxter,7542a8eb,4ef2ff93-4,0.0,Franktown,6.2,Delivered
2023-12-16,West,Furniture,Bookcases,530.57,3.0,34.1,Grace Gordon,1498e451,3443d72b-8,0.2,South Ashley,13.35,Delivered
2024-11-28,West,Furniture,Chairs,974.53,10.0,-64.48,Justin Smith,c58c5dcb,0d002827-d,0.0,South Tanya,39.85,
2022-09-25,South,Technology,Machines,632.87,1.0,-7.79,Barry Mack,97f6c38b,4dd1a13f-e,0.2,North Aaronstad,35.17,Delivered
2024-05-26,Central,Furniture,Tables,410.8,,89.45,Jessica Brewer,2214fd92,1673ddd9-e,0.2,Anthonyton,12.32,Delivered
2025-06-06,South,Technology,Machines,968.98,7.0,91.4,Mark Jones,05f8c03a,460f1378-6,0.2,Toddton,5.07,In Transit
2023-10-06,Central,Office Supplies,Binders,657.05,10.0,-117.38,Robert Mccullough,9b1b4314,68c8a23c-d,0.3,West Veronica,35.26,Delivered
2024-12-27,West,Technology,Machines,515.92,3.0,75.72,Tracey Nichols,d00f0747,8e44ebad-9,,Nancystad,28.11,In Transit
2024-04-23,East,Office Supplies,Labels,284.8,10.0,76.14,Frederick Hahn,ef618f19,1c1083a5-1,0.2,Kennethbury,22.79,Delivered
2024-01-21,Central,Office Supplies,Paper,626.25,8.0,104.22,Brooke Hull,fdf007e3,61f28b36-f,0.2,Port Meganmouth,18.85,Delivered
2024-12-25,West,Furniture,Tables,869.81,7.0,-139.65,Gregory Garcia,e3bbbf8f,6a181ddc-5,0.3,Port James,39.69,Delivered
2025-02-13,Central,Technology,Accessories,174.34,3.0,25.9,Denise Jones,7a093ad9,38de8f00-9,0.2,Jessicabury,20.22,Delivered
2024-06-10,West,Technology,Machines,53.17,,,Andrew Walker,dde75565,65f070ff-b,0.0,Jonesstad,49.04,In Transit
2024-06-11,East,Furniture,Tables,34.71,10.0,4.6,Ms. Frances Sanford,6aa64950,be60cd7d-0,0.0,Lake Melissa,29.56,Returned
2024-03-29,South,Technology,Accessories,876.69,5.0,168.56,Emily Garcia,38998735,e145e072-a,0.0,,30.15,Delivered
2023-05-26,South,Furniture,Chairs,950.33,7.0,-173.31,Angela Henson,0ce1deab,33d18231-a,0.0,Nguyenberg,30.05,Delivered
2022-12-02,South,Office Supplies,Labels,482.18,8.0,-94.9,Tanya Nguyen,7c961815,1068ca91-3,0.2,North Stephenborough,46.2,Delivered
2022-10-07,Central,Office Supplies,Paper,898.09,9.0,242.86,Lisa Cross,2554f23a,d9fb961b-0,0.0,Port Jasonberg,31.46,Delivered
2023-06-21,East,Technology,Accessories,382.2,10.0,-10.35,Matthew Green,cadf1dfb,1f6a2f1b-6,0.1,Johnsonhaven,21.24,Delivered
2025-02-15,South,Office Supplies,Paper,355.21,1.0,-36.09,Mr. David Porter,3e806382,1adc719b-b,0.0,Lake Travis,28.42,Delivered
2024-08-04,South,Furniture,Furnishings,,,-4.76,Brad Aguilar,90a699f2,66b5f6df-e,0.2,Grayside,42.53,Cancelled
2024-05-16,South,Office Supplies,Labels,471.31,10.0,36.71,Ronald Estes,78448203,0a8b1345-d,0.0,South Michele,21.87,Cancelled
2024-06-30,East,Technology,Accessories,442.92,5.0,59.38,Amanda Fox,f5afbf43,10e5cf51-0,0.2,Hectorland,19.98,Delivered
2022-11-18,South,Furniture,Bookcases,32.95,8.0,,Mark Webb,d73f7b49,4d4fca40-2,0.2,Jonesbury,35.29,Returned
2024-02-25,West,Technology,Phones,242.69,4.0,58.54,Annette Ward,2da0d70e,15c6373b-a,0.0,New Natalie,35.87,Delivered
2023-08-18,East,Technology,Phones,855.82,7.0,112.72,Cameron Hill,410a86be,4a89ae71-d,0.0,Port Timothyburgh,7.97,Delivered
2023-02-26,East,Furniture,Bookcases,770.16,4.0,212.83,John Clark,f1a22b9a,7f624bc5-c,0.0,East Austinton,36.95,Delivered
2023-06-09,West,Furniture,Furnishings,206.9,5.0,36.7,Ashley Lowe,9c4a8a0f,bb67db50-7,0.2,East Matthew,29.56,Delivered
2024-07-24,East,Technology,Phones,93.23,8.0,-13.41,Darlene Fisher,9f4ff120,7affcbdc-e,0.0,Lake Codyfort,31.35,In Transit
2023-09-11,West,Office Supplies,Labels,913.66,6.0,201.84,Christopher Booker,ae990618,e7d6bcbc-a,0.1,New Taylorville,,In Transit
2023-01-16,South,Technology,Phones,,5.0,15.5,Luis Bell,7e717e59,ddb68569-c,0.0,East Jeffrey,38.02,Delivered
2024-03-12,Central,Office Supplies,Art,774.97,8.0,119.62,David Bruce,4970073b,10e4e5e9-1,0.2,North Lisa,9.98,Delivered
2024-04-23,Central,Furniture,Chairs,921.1,4.0,144.74,Angelica Black,8514f7dc,f6f4df7f-e,0.2,Markchester,14.77,In Transit
2024-12-31,South,Technology,Copiers,374.88,8.0,,Robert Brandt,76f581c7,aa466af7-3,0.0,Arroyotown,22.98,In Transit
2023-04-27,Central,Technology,Copiers,720.51,7.0,55.77,Joshua Miller,9c6b1d0f,a50fd145-2,0.0,South Shanechester,37.7,Delivered
2023-05-01,East,Furniture,Chairs,71.61,10.0,1.77,Stephanie York,fded3482,0acae430-8,0.1,Port Morgan,31.27,In Transit
2024-04-17,Central,Furniture,Furnishings,683.96,2.0,164.55,Brian Payne,9c134fb9,3d9e44ad-5,0.0,Lake Jamieland,35.25,Delivered
2025-03-10,South,Furniture,Chairs,535.03,5.0,49.91,Kevin Dalton,36b3ca07,361b7d6d-0,0.2,Brownchester,35.26,Delivered
2024-02-07,West,Furniture,Furnishings,863.74,5.0,224.12,Marissa Johnson,23311bd2,15163212-0,0.1,Kellyberg,34.83,Delivered
2023-10-25,West,Office Supplies,Binders,436.57,8.0,-37.95,Kevin Nolan,79d66cb6,4cf5023a-8,0.0,Lake Kimberly,38.69,Delivered
2023-06-19,West,Furniture,Chairs,556.21,8.0,114.51,Kristi Mccarty,5fab8d0e,ef149990-6,0.3,Carrollshire,46.47,In Transit
2023-08-10,West,Furniture,Chairs,863.27,3.0,227.96,Joshua Hanna,8842853b,26c7cfa7-8,0.0,Port Geoffreyfurt,46.34,In Transit
2025-01-26,East,Furniture,Furnishings,,6.0,-6.57,Andrew Green,8d8e21e2,ea9f7363-1,0.2,Lake Jenna,40.45,In Transit
2024-07-09,East,Technology,Copiers,613.21,8.0,-2.64,Daniel Robertson,132fa5e9,b3110707-2,0.0,South Emma,35.32,Returned
2024-09-01,East,Office Supplies,Labels,145.57,10.0,37.58,Matthew Cohen,1f06f8d3,cae0e593-e,0.2,Port Nicholas,13.16,Cancelled
2022-09-28,Central,Office Supplies,Binders,615.74,3.0,182.63,Eric Clayton,e7d7c57d,3707e3ef-c,0.2,Craigville,33.71,Delivered
2023-01-10,Central,Office Supplies,Binders,567.16,6.0,163.18,Emily Young,4369eda4,1a136730-6,0.0,Taylorton,31.49,Delivered
2024-05-23,East,Furniture,Bookcases,110.08,10.0,7.42,Gregory Terry,ec628586,d38e5cea-e,0.0,New Lori,40.12,In Transit
2024-10-16,South,Furniture,Chairs,996.42,1.0,-145.93,Luke Woods,6a05aef7,5ffce74e-1,0.3,Rebeccaburgh,37.25,Delivered
2024-04-04,South,Office Supplies,Art,,5.0,-28.05,Ronald Woods,fcdfbb12,ffb4502d-8,0.1,Joeville,25.75,In Transit
2025-04-23,South,Furniture,Furnishings,754.79,8.0,19.81,Sonia Odonnell,8c5d53b1,0d6e9440-d,0.1,Dylanstad,10.27,Delivered
2022-12-19,East,Office Supplies,Paper,977.29,2.0,270.53,Karen Smith,a07dbde3,3ea88655-9,0.1,South Andrewbury,17.55,In Transit
2024-03-20,South,Office Supplies,Art,22.14,2.0,-1.83,Shane Hudson,820e541d,481a0fea-6,0.3,South Jeffery,33.79,In Transit
2023-05-19,West,Technology,Copiers,449.74,9.0,110.93,Shawn Mason,3bdfad97,dae52165-a,0.2,North Catherinefurt,33.62,In Transit
2025-01-11,West,Furniture,Chairs,641.83,8.0,-52.42,Julie Page,ad0eb189,d3a9a71e-c,0.2,East Todd,27.25,In Transit
2022-11-28,West,Technology,Phones,,10.0,1.96,Dr. Erik Chavez,be00531e,0880c0d1-5,0.0,West Derrick,41.53,Cancelled
2024-04-19,South,Technology,Phones,845.63,10.0,19.02,Christopher Bailey,b65745a2,7ec2ffc2-7,0.2,Lewisland,47.6,In Transit
2022-08-23,Central,Technology,Accessories,197.26,1.0,-38.24,Heidi Aguilar,f1d82bbb,b1e30fa7-8,0.0,North Melanie,8.21,Delivered
2022-10-31,West,Office Supplies,Paper,576.33,10.0,-3.08,Christina Murray,24bd0806,d5ad87cf-d,0.0,New Kimberly,32.83,Delivered
2024-06-10,East,Office Supplies,Paper,201.34,10.0,-23.28,Patrick Brown,e2fc025b,b0c61c16-3,0.0,Port Nicholas,16.58,Delivered
2023-04-17,Central,Office Supplies,Art,112.21,3.0,1.77,Megan Harris,0ee7828a,86813aaf-0,0.3,Lake Jasonchester,13.93,Delivered
2023-10-01,South,Office Supplies,Paper,180.13,6.0,-9.86,Dawn Cooper,51172b8a,f4193c3b-2,0.0,New Kevin,29.19,Cancelled
2024-03-16,Central,Furniture,Furnishings,507.34,6.0,-37.28,Fernando Sanchez,fba89cdd,de84b632-8,0.0,Webermouth,31.89,Delivered
2024-03-02,West,Technology,Accessories,36.01,5.0,4.95,Mark Patterson,e366d07e,0b8364df-a,0.1,Sarahburgh,44.91,Delivered
2023-03-08,West,Technology,Machines,,7.0,8.54,John Gregory,514436cd,9c9cfced-9,0.0,West Beth,26.23,In Transit
2023-08-21,East,Office Supplies,Labels,624.53,6.0,139.44,Melissa Perkins,953e8a6e,da966f59-8,0.0,Port Dianaton,36.38,Delivered
2023-05-03,West,Furniture,Tables,,5.0,6.2,Catherine Miller,d1ec38ff,c87e33a5-8,0.1,,36.78,Delivered
2024-06-26,West,Office Supplies,Paper,402.79,6.0,40.42,Amanda Hicks,408823b7,a275b7ac-1,0.1,Laneside,16.7,In Transit
2024-12-18,West,Technology,Copiers,726.55,9.0,-145.22,David Foster,ed03ad37,115c2359-c,0.1,West Richard,44.21,Delivered
2024-01-09,East,Office Supplies,Binders,247.65,10.0,-1.59,Richard Kelly,9226cffc,887ff2f7-7,0.0,Amystad,42.06,Cancelled
2024-05-31,West,Furniture,Furnishings,648.17,3.0,164.42,Steven Mathis,dab4c9b6,7d4457bf-e,0.2,North Omarfort,26.84,Delivered
2025-07-03,West,Office Supplies,Art,809.48,,154.84,Michael Howell,d6416d7b,f9c8194d-e,0.2,South Ethanmouth,36.25,Delivered
2024-01-11,West,Technology,Phones,559.35,1.0,161.04,Donna Vaughan,90dba1d6,f8d380d8-f,0.0,New Daniel,6.43,In Transit
2023-07-05,South,Office Supplies,Labels,483.72,,,Pamela Camacho,26959d81,7b0a70d5-5,0.0,North Sarahport,35.7,Delivered
2024-12-16,West,Furniture,Furnishings,571.29,3.0,104.89,James Cruz,15aef19c,feb0f6a1-e,0.1,Russellstad,21.04,In Transit
2023-12-01,East,Office Supplies,Labels,709.25,9.0,69.43,Jessica Smith,20bcf5f7,f516845f-0,,Lake Joseph,15.4,Delivered
2023-12-06,South,Technology,Copiers,877.12,7.0,131.67,Allison Mitchell,73db4e9b,bff2608e-6,0.2,West David,49.23,Cancelled
2024-06-27,West,Office Supplies,Art,13.86,6.0,-2.46,Brian Galvan,850edcfc,d29a003a-9,0.0,South Deborah,44.26,Cancelled
2023-11-30,South,Technology,Phones,577.56,4.0,44.02,William Werner,ad42e997,99cbc887-1,0.0,Deannabury,12.96,In Transit
2022-08-09,Central,Office Supplies,Binders,17.26,6.0,,Wendy Baker,119caa2a,fc3b2565-5,0.0,North Daleside,11.21,
2025-03-14,East,Technology,Accessories,295.85,4.0,25.15,Daniel Flores,ec7af734,ca924102-6,0.0,North Kimberlystad,27.01,Cancelled
2023-12-09,East,Technology,Machines,178.76,1.0,-32.9,Danielle Jensen,6445f121,9a421916-f,0.0,Port Tanyaborough,10.03,Cancelled
2025-06-06,East,Technology,Accessories,527.28,,45.14,Brian Murphy,a75f163f,b72ba262-c,0.0,Thomasland,24.64,Cancelled
2025-05-11,West,Furniture,Chairs,970.08,,135.44,Theodore Hamilton,5ad8cf5b,aa30ed84-0,0.0,South Andrea,26.8,Delivered
2025-07-13,Central,Technology,Accessories,714.87,10.0,-70.8,Samuel Harrington,6b00ea54,f84aaffe-4,0.0,Lake Jasonview,46.24,In Transit
2024-10-11,West,Technology,Copiers,317.92,,2.74,Javier Johnson,6ae7b69b,6ff54367-f,0.1,West Melissa,21.44,Delivered
2022-12-27,Central,Office Supplies,Paper,190.57,7.0,-13.77,Elizabeth Davis,b0287fdf,92c209d3-7,0.2,Robertschester,18.58,Delivered
2025-01-09,West,Office Supplies,Binders,762.11,10.0,7.61,Devin Ashley DVM,a0c7e66f,eada04ea-9,0.0,East Lisa,,Delivered
2023-01-06,East,Furniture,Chairs,279.76,1.0,-24.53,Rhonda Crosby,2a972347,a2490be5-a,0.0,Lake Janicemouth,18.34,In Transit
2024-07-17,East,Office Supplies,Binders,29.73,3.0,6.04,Julie Myers,347460ae,9909b6b9-b,0.0,New Matthewstad,45.41,Delivered
2024-06-26,South,Office Supplies,Labels,14.26,6.0,3.39,Mitchell Pham,b18f0fcc,b8377f9d-c,0.0,East Michael,14.12,Cancelled
2025-01-20,South,Office Supplies,Art,332.51,3.0,49.36,Jessica Wright,55af227f,71a56cf0-1,0.0,New Neilmouth,11.82,In Transit
2024-10-13,Central,Office Supplies,Labels,839.76,4.0,-118.85,Breanna Moreno,ac0368ea,10d861dd-f,0.0,North Jenna,35.97,Delivered
2024-10-26,East,Furniture,Chairs,906.78,5.0,210.7,Richard Walker,421e8c1f,ec9321ac-9,0.2,New Mollyport,43.72,In Transit
2023-04-03,Central,Furniture,Bookcases,155.25,7.0,-4.69,Sean Fox,7e40650f,366a7dd7-1,0.0,Danaville,7.67,Cancelled
2023-12-16,East,Office Supplies,Binders,876.01,5.0,177.51,Carolyn Ford,b733efbd,041c561e-5,0.3,South Daniel,28.34,Returned
2024-03-26,Central,Office Supplies,Art,182.8,10.0,-31.43,Patrick Holland,2684591c,74539f98-6,0.0,West Jessicaton,47.37,In Transit
2023-07-24,East,Furniture,Furnishings,126.68,9.0,-21.28,Xavier Meyers,67bd5a8b,9b49922e-2,0.3,Floresville,33.02,Returned
2024-02-16,West,Office Supplies,Labels,25.63,7.0,1.31,Stephanie Lowe,3543ac50,2d53497c-1,0.2,West Matthew,11.03,Returned
2023-12-25,South,Furniture,Tables,410.99,10.0,-71.97,David Lopez,760b1f70,8edb864a-c,0.0,Olsenton,49.86,Delivered
2022-12-23,South,Office Supplies,Binders,818.25,5.0,-88.6,Cassandra Jackson,1e174e7c,6a1f1b34-e,0.0,New Aaronberg,23.01,Delivered
2024-03-02,West,Technology,Machines,659.61,5.0,77.81,Jennifer Griffith,0ecdaf26,613bf72d-9,0.0,Fowlerchester,6.39,In Transit
2023-07-27,South,Office Supplies,Labels,623.8,,-12.53,Charles Hicks,451121fc,bc459da8-9,0.0,Stephaniehaven,,Delivered
2023-01-20,West,Office Supplies,Labels,124.86,2.0,24.24,Pam Coffey,9b7370b0,d3cb870b-2,0.0,East Chase,31.2,Delivered
2022-09-21,South,Technology,Accessories,933.72,1.0,114.8,Kelli Simmons,245c557d,5197e674-f,0.0,Franklinfort,20.24,In Transit
2024-04-13,Central,Office Supplies,Paper,248.93,7.0,41.05,Matthew Patterson,e1a81381,da88dd9f-f,0.0,New Dominic,17.44,Delivered
2023-07-05,South,Furniture,Furnishings,468.59,1.0,65.96,Alexandra Potts,5cd8638f,4a3861c2-5,0.0,Erinhaven,33.58,Delivered
2022-10-23,South,Technology,Accessories,390.3,7.0,112.79,Kaitlyn Chapman,de186f0b,d30d078b-c,0.2,Kellyville,38.15,Delivered
2024-11-14,South,Technology,Copiers,,,-74.63,Patrick Robinson,25b51643,c4bbbe73-e,0.0,Coryhaven,31.2,Cancelled
2024-01-22,West,Furniture,Furnishings,110.94,2.0,7.34,Jason Flores,dbd23f03,5379393a-c,0.0,Skinnerport,28.11,In Transit
2023-09-19,South,Office Supplies,Paper,,3.0,127.91,Adrienne Thornton,0d72cac0,b82b0218-4,0.1,Lake Brian,46.23,Cancelled
2025-03-01,Central,Office Supplies,Labels,714.85,4.0,-91.11,Angela Vargas,49633b82,e4e9d845-2,0.0,Lukeport,19.81,Cancelled
2023-10-21,Central,Furniture,Chairs,476.8,8.0,75.35,Gloria Roberts,fc4b8706,6b7a2da1-0,0.2,Thomasbury,,Delivered
2024-02-15,West,Technology,Accessories,926.9,8.0,61.39,Bonnie Ferrell,0e37d933,5ba28828-7,0.2,Alexisshire,45.55,Cancelled
2024-01-12,East,Office Supplies,Binders,450.71,6.0,120.17,Caleb Smith,cad58169,885f0ccc-9,0.0,Angelamouth,7.88,Delivered
2024-10-20,South,Technology,Accessories,505.84,3.0,37.49,Chris Jacobs,8314079e,52228305-2,0.1,Kristyfort,10.74,Delivered
2024-08-17,East,Office Supplies,Paper,607.23,1.0,-68.46,John Campbell,ec3cd610,53483279-f,,Kristinberg,46.29,Cancelled
2022-07-19,South,Technology,Phones,950.33,5.0,163.05,Joan Harris,6386a86f,20abd62a-c,,Avilaside,15.11,Delivered
2024-08-27,West,Furniture,Chairs,905.64,8.0,-153.93,Alison Forbes,814a65bb,a4f4d142-f,0.1,Lake Jason,25.25,Delivered
2024-04-26,East,Office Supplies,Binders,172.42,2.0,0.5,Luis Benitez,79be23b6,5eb81d19-f,0.0,West Katherine,35.25,Delivered
2023-09-15,Central,Office Supplies,Labels,193.94,5.0,49.36,Susan Cole,71af3916,12e1c708-5,0.1,Luisshire,13.8,Cancelled
2022-09-03,South,Furniture,Chairs,186.04,5.0,,Lisa Becker,ef6c4d92,e532fe9c-e,0.0,South Jacobview,37.78,Delivered
2024-07-07,East,Office Supplies,Paper,737.35,10.0,5.87,Kathleen Parker MD,cf0ccdbd,d8dcb532-1,0.0,Juanborough,7.73,Delivered
2023-07-02,East,Office Supplies,Binders,38.46,4.0,-5.66,Erika Anderson,71dd3359,863d67c9-b,0.0,Reedton,43.41,Delivered
2023-07-25,South,Office Supplies,Art,271.98,4.0,,Joseph Farmer,77527d7d,7ae4bdc0-9,0.0,West Thomas,15.21,Delivered
2023-01-06,West,Office Supplies,Paper,763.04,8.0,162.49,Patrick Mendoza,439e47e0,6bc4de57-0,0.2,Dawsonberg,6.44,Delivered
2024-03-13,West,Technology,Accessories,695.34,5.0,-3.65,William Branch,7ee38546,0d8c3343-7,0.3,East Kevin,10.97,
2024-11-30,West,Office Supplies,Art,414.96,9.0,-8.2,Mark Nelson,74b319b1,6cddeb02-0,0.0,Cynthiaview,5.49,Delivered
2024-08-24,East,Office Supplies,Labels,695.83,1.0,-71.17,Karen Jones,f0a55681,9ce85d98-d,0.0,Maryside,17.19,Delivered
2024-04-02,East,Office Supplies,Labels,195.68,8.0,-22.61,Michael Ramirez,aca96e63,baf6fc27-b,0.3,Stewartmouth,16.32,Returned
2023-03-30,South,Office Supplies,Labels,557.42,2.0,-66.41,Laura Malone,5524af64,9404d608-a,0.0,East James,6.18,Cancelled
2024-01-19,East,Office Supplies,Binders,564.8,4.0,80.91,Brianna Sampson,cfa7f873,96b315e3-0,0.0,Lake Teresachester,26.49,Delivered
2024-07-21,West,Office Supplies,Binders,745.68,9.0,12.53,David Guzman,4051c790,ada2e778-a,0.0,New Angelahaven,16.95,Delivered
2025-05-02,South,Technology,Accessories,758.58,8.0,219.85,Shannon Conway,ade1cb84,47d1eeab-0,0.2,East Gwendolyn,,Delivered
2024-03-18,South,Furniture,Bookcases,314.23,7.0,70.75,Margaret Mays,c71be11b,be2b3f4d-3,0.0,Patriciaton,26.0,In Transit
2025-06-26,East,Technology,Copiers,,1.0,191.07,Robin Mcbride,6f485e04,fd8beb87-2,0.0,West Ryan,14.17,Delivered
2022-07-21,West,Technology,Copiers,942.31,5.0,38.39,Amy Wong,8b972381,f400149e-f,0.0,Grahambury,32.28,Delivered
2024-08-09,West,Office Supplies,Art,273.63,7.0,27.52,Laura Aguilar,5d61b880,976cacf9-8,,Martinmouth,27.21,Delivered
2024-02-22,Central,Technology,Copiers,565.28,,155.59,Joshua Nichols,428775dc,0f8fc58a-1,0.0,Jamesland,24.82,In Transit
2023-03-08,West,Office Supplies,Labels,695.12,,204.18,Tracy Ward,f2074ff6,2e8f0b9d-9,0.0,Batesburgh,48.65,In Transit
2022-08-21,South,Office Supplies,Labels,947.55,1.0,204.07,Dr. Theodore Pruitt,4af200a6,691ec75a-b,0.0,New Peterview,39.62,In Transit
2024-02-13,South,Furniture,Bookcases,722.17,1.0,127.86,Robert Avila,01058133,33e19b69-8,0.1,North Andrew,23.45,In Transit
2023-04-15,West,Technology,Copiers,472.36,10.0,-12.22,Erica Torres,88a5739e,d03d45ad-5,0.2,East Stacyland,20.63,In Transit
2022-09-10,Central,Furniture,Furnishings,543.4,7.0,26.8,Sara Anderson,4d7c39c3,1afba984-e,0.2,North Sarahchester,13.43,In Transit
2023-11-28,Central,Technology,Accessories,359.86,10.0,59.92,Robert Weiss,a9fec362,d3650699-d,0.0,New Joseph,35.58,Delivered
2023-11-04,Central,Technology,Copiers,562.92,6.0,64.93,Aaron Robertson,adcf4971,b41808ab-2,0.1,Hernandezport,49.24,Delivered
2024-09-20,West,Technology,Phones,335.65,10.0,-66.06,Amanda Lawrence,40de43b8,8199c593-e,0.0,West Edward,10.26,Returned
2024-12-21,West,Office Supplies,Paper,433.39,2.0,-60.27,Christine Pena,b4850b0e,ab1631bf-d,0.0,Aaronview,14.16,Returned
2025-05-05,West,Technology,Accessories,587.42,7.0,12.02,Robert Welch,f4e97658,bf747b50-f,0.2,Bradton,,Delivered
2022-11-03,East,Furniture,Tables,615.05,10.0,3.95,Ashley Little MD,915c2aba,b688d99c-c,0.0,West Jamesbury,12.22,Delivered
2022-11-04,East,Office Supplies,Binders,88.42,3.0,8.45,Cassidy Hamilton,f717b1d1,174a9ea1-c,0.0,Jaredstad,41.7,Delivered
2023-09-25,East,Furniture,Furnishings,119.6,7.0,12.57,Sheryl Clarke,f4704bdc,e487b2c6-c,0.1,New Brian,7.33,Delivered
2023-12-12,West,Office Supplies,Paper,869.04,1.0,20.01,Jeffrey Taylor,c30588cf,dfe4affa-e,0.3,North Sharonside,35.95,Delivered
2024-07-01,West,Furniture,Tables,799.72,,,Kathy Diaz,7e47eef7,2a45b301-b,0.0,Melissafurt,,In Transit
2023-10-31,East,Office Supplies,Binders,456.79,7.0,73.89,Javier Brennan,58430eff,65f9f12b-0,0.0,Laneland,21.01,Delivered
2023-05-17,East,Technology,Phones,544.74,2.0,33.09,Eric Price,50d83538,a0e5923d-8,0.1,Weissbury,15.52,In Transit
2025-01-01,West,Furniture,Bookcases,178.55,1.0,5.05,Melinda Anderson,335535fd,6458d81b-1,0.2,Julieville,25.46,Delivered
2025-04-20,South,Technology,Copiers,500.71,6.0,140.68,David Williams DDS,2d4edaad,8eed6945-0,0.2,Robertstad,28.14,In Transit
2024-07-11,West,Office Supplies,Paper,743.25,8.0,142.19,Richard Smith,fef39c04,67dae541-c,0.0,East Amanda,26.6,Delivered
2022-08-24,East,Office Supplies,Binders,118.26,,11.86,Linda Rodriguez,303340fe,13008a73-8,0.0,East Sharonborough,37.22,Delivered
2024-11-11,South,Office Supplies,Paper,756.78,5.0,,Reginald Macdonald,e32de374,22c0bbee-a,0.0,Limouth,9.77,Delivered
2025-02-25,East,Office Supplies,Paper,347.27,9.0,13.05,Brian Perez,f2b79eb1,28a6d1cc-2,0.1,South Crystal,7.5,In Transit
2025-04-09,Central,Technology,Accessories,502.36,6.0,146.36,Heather Pugh,ec3230f8,d4727b0d-7,0.1,East Jennifer,46.23,In Transit
2023-11-22,East,Office Supplies,Binders,161.91,2.0,15.28,James English,04ff676b,27193e57-0,0.2,Aguirrefort,31.16,Delivered
2024-11-07,East,Technology,Phones,434.11,1.0,-41.21,Jonathan Taylor,1e74818c,7a2c75ec-4,0.2,Staceyview,40.48,Cancelled
2024-02-26,Central,Technology,Copiers,790.62,3.0,165.36,Megan Johnson,44713e6b,b3786e8b-f,0.1,Michaelborough,48.75,In Transit
2024-04-04,West,Technology,Accessories,204.47,6.0,58.68,Curtis Mccullough,da012162,53e21074-4,0.0,Port Julieland,32.11,In Transit
2022-12-09,East,Office Supplies,Art,715.26,2.0,107.55,Cynthia Sanders,d351296a,553632b6-9,0.0,West Michael,7.4,In Transit
2023-06-22,West,Technology,Copiers,685.1,7.0,170.02,Hannah Ramirez,a6c67cd8,a53ac9fc-e,0.1,New Kimberly,13.51,In Transit
2025-05-31,West,Office Supplies,Art,179.65,6.0,-17.17,Elizabeth Atkinson,c108bb70,19ab516d-9,0.0,Richardville,34.17,Returned
2024-08-05,South,Furniture,Tables,622.47,3.0,42.13,Kimberly Heath,74ed48e3,071623fe-9,0.3,North Natalieberg,47.9,In Transit
2023-09-04,Central,Office Supplies,Labels,764.75,6.0,36.76,Kenneth Wood,e7635075,79ace7c9-5,0.2,New John,41.06,In Transit
2024-03-23,Central,Furniture,Furnishings,600.49,5.0,-42.59,Michael Potter,7a88d4d1,9f8b7621-8,0.0,East Calvinborough,46.93,Delivered
2024-08-13,Central,Office Supplies,Art,,7.0,7.94,John Wallace,163f35a6,bfc1853d-2,0.0,Antonioton,6.75,Delivered
2023-09-14,West,Furniture,Tables,664.42,8.0,,Barry Montes,28da9eff,bfb9e1a6-2,0.2,Deanview,18.05,In Transit
2024-12-27,South,Technology,Machines,314.18,5.0,60.32,Joshua Anderson,533f4c5c,db2541e3-f,0.3,Port Brendabury,14.44,Delivered
2023-12-10,West,Technology,Accessories,700.0,5.0,104.59,Devon Parks,2c5838da,c843feb0-e,0.0,South Lindahaven,10.51,Delivered
2024-03-10,West,Technology,Copiers,,8.0,-37.53,Kimberly Rodriguez,ed9384cf,6b995170-a,0.0,Colemanbury,46.76,Delivered
2023-08-18,Central,Furniture,Bookcases,679.85,8.0,-115.18,Austin Lee,dcf5b9d5,85887308-8,0.0,East Jessicamouth,35.24,Delivered
2025-07-02,West,Technology,Phones,404.61,3.0,49.82,Joseph Andrade,b03efb66,4400fb8e-a,0.1,Liburgh,35.35,Cancelled
2024-10-28,Central,Furniture,Furnishings,444.59,9.0,128.11,Lindsey Robinson,18aa34b7,e043f6b1-a,0.0,Hicksshire,48.84,Delivered
2023-05-02,East,Technology,Machines,465.97,1.0,11.31,Brandy Edwards,e0546757,58b88aba-b,0.3,Maynardberg,32.93,Delivered
2022-10-01,West,Office Supplies,Paper,522.88,2.0,-67.91,Sharon Clark,98944831,4dcabaa4-5,0.0,Mariaton,33.6,In Transit
2025-06-14,East,Furniture,Chairs,156.19,5.0,39.82,Natalie Miller,1673f5e8,31712643-1,0.2,Brianchester,12.21,Delivered
2022-12-21,South,Technology,Machines,570.8,7.0,,Robert Shaw,3a825aca,85053a67-b,0.1,North Russell,6.25,Delivered
2024-02-26,East,Furniture,Furnishings,691.29,5.0,-57.65,Frank Neal,0649cc77,d12621d5-5,0.2,Port Shawnberg,34.25,Returned
2022-12-31,East,Furniture,Chairs,762.07,1.0,-147.75,Jeffrey Rivera,0f1c3ecf,abc1821e-9,0.0,Ramirezshire,47.11,Delivered
2025-05-25,West,Furniture,Tables,703.2,4.0,42.48,Elizabeth Williams,b6505d2a,58a02bd0-a,0.0,Melissaton,28.81,In Transit
2023-09-15,Central,Office Supplies,Art,268.32,,51.02,Deborah Parks,f4cb9415,e996e6a9-3,0.0,East Kylefort,48.23,Delivered
2024-03-28,West,Office Supplies,Labels,312.29,,-24.2,James Leblanc,e0aa7eae,ca71140a-8,0.1,Tiffanyport,47.37,Delivered
2024-10-03,East,Furniture,Bookcases,282.99,3.0,-20.05,Lauren Jefferson,44732d4b,c43a7d53-f,,North Valerie,48.08,In Transit
2022-10-11,West,Office Supplies,Art,100.0,10.0,13.43,Holly Torres,fcda169f,8852f95e-6,0.1,Myersland,24.58,In Transit
2022-09-28,Central,Furniture,Bookcases,791.94,2.0,-81.27,Joseph Rodriguez,821fb4b4,efb3a2c8-0,0.0,East Anitaberg,12.74,Delivered
2023-07-03,Central,Furniture,Furnishings,210.68,10.0,-17.16,Andrew Walton,739e3b61,6bd1d72b-e,0.1,Hernandezport,15.15,Delivered
2024-04-17,South,Office Supplies,Labels,199.86,3.0,-26.66,Alyssa Thomas,d971ca87,3a0b04a7-c,0.0,Lake Elizabethborough,21.16,In Transit
2024-03-16,Central,Furniture,Bookcases,501.41,3.0,31.78,Riley Fuentes,71a34aa0,5e1ffa92-9,0.0,Coxfort,22.32,Cancelled
2023-05-20,South,Furniture,Chairs,587.33,2.0,127.74,Timothy Miller,eebaf2be,0889678e-e,0.0,Warnershire,44.96,Delivered
2024-09-20,Central,Office Supplies,Binders,368.91,2.0,72.26,Michelle Davis,d460a5df,37d6b16b-c,0.1,Port Samuelmouth,46.52,In Transit
2023-03-10,West,Technology,Accessories,96.93,2.0,-6.65,David Caldwell,13057e8f,cd5f6eff-e,0.3,Kimberlyton,5.12,Cancelled
2024-04-20,West,Office Supplies,Art,461.71,9.0,107.5,Paul Hunter,4b895bb7,d13f4d1e-c,0.1,South Christina,29.66,In Transit
2025-01-02,East,Office Supplies,Binders,820.64,1.0,110.4,Michelle Rhodes,cd1d1334,ca03397f-5,0.2,New Joseph,45.68,Cancelled
2025-01-09,West,Office Supplies,Binders,374.95,,33.61,Cynthia Reyes,afbfe217,b2c68d35-6,0.1,Aaronborough,48.22,Delivered
2023-10-10,Central,Furniture,Chairs,931.56,9.0,53.84,Mrs. Catherine Hampton,365740db,8f5dc9b7-a,0.0,South Tiffanyfurt,35.38,Delivered
2022-08-28,South,Furniture,Chairs,594.16,2.0,159.79,Sean Rodriguez,2d453807,21756caf-b,0.1,East Jamieland,28.69,Delivered
2023-04-20,West,Office Supplies,Labels,383.95,6.0,17.51,Andrew Morris,0ced58e6,8c0ee13a-e,0.1,Johnsonmouth,6.01,Returned
2023-06-27,South,Furniture,Tables,983.19,8.0,-41.32,Frederick Ochoa,2f288b51,e7df2370-a,0.2,Jacobport,49.08,In Transit
2025-05-05,East,Office Supplies,Binders,134.4,10.0,,Carlos Johnson,6eb46cb3,f1e3e7cf-c,0.3,Thompsonmouth,33.67,Cancelled
2025-06-08,South,Office Supplies,Binders,700.67,,86.74,Brendan Hill,77ee243f,a807f341-c,0.2,Maureenbury,5.11,Cancelled
2024-02-24,Central,Furniture,Tables,141.04,8.0,-0.44,Christopher Maddox,9101101a,9ee9ee5e-3,0.0,West Patriciaton,12.61,Delivered
2024-03-24,Central,Furniture,Furnishings,956.65,5.0,-117.7,Peter Morrison,87489903,f1728808-1,0.0,Jasonberg,19.96,Cancelled
2025-01-10,East,Technology,Machines,566.54,9.0,145.63,Nicole Martin,ef341487,7e043f8c-c,0.1,Fischerfort,20.1,In Transit
2023-01-03,East,Technology,Copiers,203.42,5.0,-17.47,Todd Garrett,7ce1ab97,1e5446d7-6,0.2,Lake Sarafort,25.15,Delivered
2023-08-07,West,Office Supplies,Labels,441.04,5.0,-47.49,Rebecca Guzman,1dc34925,6e9fe06b-6,0.2,Liside,44.0,Returned
2024-07-05,West,Furniture,Bookcases,517.88,1.0,60.55,Nancy Hamilton,bffc188e,18de4029-a,0.0,Port Kenneth,26.45,Delivered
2024-04-01,West,Furniture,Bookcases,494.09,,,Bryan Wong,7bc720c1,075d05f0-8,0.1,South Jenny,40.69,Delivered
2023-09-22,West,Office Supplies,Labels,608.82,3.0,138.3,Katie Hill,e86774db,1259d702-6,0.2,Pittsburgh,11.86,Delivered
2023-07-30,East,Office Supplies,Paper,785.02,5.0,8.58,William Roy,d455cb18,a6a371f8-3,0.1,East Nicolehaven,12.52,Delivered
2023-12-09,West,Technology,Phones,436.08,1.0,18.8,Christopher Terry,5d718ea5,2817f845-0,0.0,Jacksonberg,48.53,In Transit
2022-07-27,Central,Office Supplies,Binders,390.49,2.0,-50.79,Matthew Pena,966ae74f,9da8c4e6-b,0.0,East Zacharyberg,35.91,Delivered
2024-06-20,West,Technology,Phones,734.75,9.0,35.98,Eileen Bryant,15cde208,b0fa0451-7,0.0,Hodgesbury,9.09,In Transit
2025-01-19,Central,Furniture,Furnishings,574.94,9.0,33.8,Jeremy Williams,613a56c8,0af604f4-0,0.1,Robertschester,44.03,Delivered
2022-08-24,East,Furniture,Tables,905.8,6.0,33.39,Anthony Flores,f4cad2c1,e3543be3-b,,Lake Michael,6.34,Delivered
2025-02-15,West,Furniture,Chairs,265.57,4.0,10.29,Sydney Farley,3f0bc458,cca004e0-3,0.0,Harristown,30.21,In Transit
2023-01-28,South,Furniture,Tables,660.35,10.0,161.1,Dr. Zachary Stokes DDS,5fcb468e,783f25f0-c,0.0,Gordonborough,14.77,Delivered
2022-09-05,South,Furniture,Tables,522.78,5.0,23.04,Gina Cox,f2a4732e,3b3ee5eb-9,0.2,West Maurice,13.99,In Transit
2024-04-05,East,Furniture,Tables,423.75,9.0,-20.35,William Jordan,62818b5b,f694ace3-3,0.0,Montoyaside,31.57,Delivered
2023-10-17,South,Furniture,Tables,720.4,9.0,120.71,Janice Young,31919ee9,10f1b4c5-4,0.0,Moorestad,20.97,In Transit
2023-11-02,South,Technology,Accessories,638.55,9.0,-118.84,Tammy Herring,ec7ebee4,9c1aa973-4,0.1,Stevenborough,42.27,Delivered
2023-02-16,South,Technology,Accessories,896.81,2.0,-34.88,Mr. James Davis,149b65f2,7a9c437c-7,0.2,Johnsonhaven,45.09,In Transit
2025-04-07,East,Office Supplies,Paper,,4.0,-16.03,Heather Chandler DDS,144b30be,a04a2222-b,0.2,West Erinhaven,19.41,In Transit
2025-07-06,East,Furniture,Chairs,849.82,3.0,37.75,Gregory Ramirez,981cb0ee,13347996-b,0.0,Lewisside,27.97,Returned
2025-01-21,East,Furniture,Chairs,586.66,4.0,167.84,Gabriela Joseph,a461a3c6,830c6941-9,0.1,East Jennifer,41.12,Delivered
2024-10-26,Central,Technology,Phones,320.93,9.0,0.33,Sarah Hill,6a4fa0a4,ed10dc59-2,0.1,Brendafurt,28.25,Delivered
2024-07-30,West,Furniture,Chairs,89.29,1.0,3.17,Pamela Malone,55c70e35,e0ec8352-0,0.1,Lake Hollyfort,34.84,In Transit
2025-06-26,Central,Technology,Phones,328.2,3.0,53.92,Jeffrey Saunders,37774d99,f06a9532-f,0.3,Alexishaven,43.43,Delivered
2023-10-24,East,Furniture,Tables,921.81,10.0,39.06,Jenna Malone,572798df,4e6050ef-3,0.1,South Danielle,6.67,In Transit
2023-05-11,West,Furniture,Furnishings,385.73,2.0,19.8,Jill Hart,b5cf1c57,a6dd227b-3,0.0,Hallfort,43.18,In Transit
2024-07-28,East,Technology,Accessories,716.41,9.0,-47.68,Louis Miller,9b46d5e7,8faa2633-3,0.0,Joannaton,20.74,Delivered
2025-03-07,Central,Technology,Phones,510.42,6.0,-77.85,Karen Burns,74ea8752,ff8d904e-b,0.0,Lake Margaret,30.36,Cancelled
2024-09-28,South,Technology,Phones,740.54,9.0,-147.27,Lori Schmidt,683909a9,2017b5f4-2,0.0,Port Jacob,32.44,Delivered
2024-07-22,East,Furniture,Tables,257.46,5.0,-19.23,Mary Nelson,ddab1297,7e603c98-2,0.1,South Ryanborough,39.58,In Transit
2025-04-10,East,Technology,Copiers,373.51,2.0,-17.18,Paula Patel,198dda75,0a8fbaff-d,,West Brittanyton,33.28,Delivered
2023-07-29,East,Office Supplies,Art,514.81,5.0,132.96,Barbara Hernandez,dee21c15,e20ef04c-d,0.0,Patriciaton,10.7,In Transit
2024-12-22,South,Office Supplies,Binders,576.95,10.0,112.89,Eric Anderson,e59356cc,85cbde20-8,0.0,Juliabury,36.14,Delivered
2024-12-12,South,Furniture,Chairs,225.88,10.0,2.8,Tracy Brooks,ac8d0042,5e916cec-7,0.2,West Laurahaven,13.16,Cancelled
2022-10-06,East,Furniture,Chairs,580.74,5.0,52.61,Albert Morgan,abbf1d6c,0ab04b92-b,0.2,Peterfurt,16.64,In Transit
2023-10-06,West,Furniture,Furnishings,852.77,6.0,66.68,Joseph Wells,3b31bc79,2641d498-8,0.2,South Malik,48.06,In Transit
2024-01-25,South,Technology,Phones,752.5,2.0,202.09,Sherri Miller,afa5fa07,bb915f45-b,0.0,Mauricebury,23.41,In Transit
2022-09-24,West,Furniture,Bookcases,593.51,,-55.67,Christopher Espinoza,dd2a9019,6316110a-8,0.3,West Christy,14.13,Delivered
2023-06-19,East,Furniture,Tables,,2.0,96.18,Benjamin Miller,a272f5d9,c00e3316-4,0.0,New Scottfort,49.07,Cancelled
2023-08-15,East,Furniture,Furnishings,645.62,5.0,-8.88,Shannon Cox,947adea5,a93f6ae0-b,0.1,North Robertshire,10.56,Delivered
2022-09-09,West,Furniture,Chairs,346.01,7.0,36.52,Kelly Willis,c2db712c,d78852db-3,0.1,Lake Renee,35.58,Delivered
2022-12-05,Central,Technology,Copiers,383.45,9.0,-33.0,Heather Pugh,219d4ba1,6e3393bd-2,0.3,West Shelbyshire,39.74,In Transit
2023-12-03,Central,Office Supplies,Labels,497.84,10.0,-7.02,Jessica Davenport,fc4380fc,a566b31c-8,0.0,Morrowberg,26.43,Cancelled
2022-10-20,South,Furniture,Tables,436.36,1.0,-49.14,Samantha Lee,0583d05e,98ecb6a6-1,0.0,West Carriestad,46.77,In Transit
2024-03-26,East,Office Supplies,Art,495.86,1.0,-94.44,Anthony Bailey,d67a4211,1a841b11-e,0.2,East Rachel,5.85,Delivered
2023-12-11,West,Furniture,Bookcases,438.4,7.0,-30.43,Maria Klein,de1c499a,10932f88-d,0.1,Dianaland,35.28,In Transit
2022-12-07,South,Technology,Accessories,47.93,10.0,6.05,Laura Jones,30025637,4a107d6f-c,0.0,Smithtown,38.88,In Transit
2022-12-30,East,Office Supplies,Labels,957.71,5.0,-149.03,Brittney Thomas,949a7d4b,51e85eab-1,0.3,Carrieborough,14.93,Delivered
2024-11-11,East,Furniture,Furnishings,99.75,4.0,-16.19,Kimberly Reynolds,b9acb5da,b28fc45c-7,0.3,East Douglas,29.97,Returned
2024-07-16,South,Furniture,Furnishings,534.25,,-75.25,Paul Drake,e7619f49,75820680-6,0.0,Port Jack,24.19,Delivered
2022-07-23,West,Furniture,Chairs,794.68,3.0,46.34,Ashley Hunt,9b218f6a,261f9fb7-d,0.0,New Joann,12.67,In Transit
2023-10-26,Central,Office Supplies,Labels,574.76,9.0,0.62,Courtney Walls,9f1ab7ea,a60089db-f,0.1,Cartermouth,19.74,In Transit
2023-10-16,East,Technology,Machines,797.77,8.0,91.24,Gregory Stephens,8e02df93,bb4b5487-7,0.0,West Deanhaven,24.75,Cancelled
2024-12-18,Central,Technology,Accessories,344.32,2.0,70.01,Denise Harris,defab6d1,cbd4e958-2,0.2,Lewistown,31.91,
2023-04-15,Central,Office Supplies,Binders,108.37,6.0,5.25,Richard Solomon,047b8521,4b799cc3-e,0.0,New Markstad,10.76,Delivered
2025-04-07,West,Office Supplies,Paper,915.3,8.0,37.86,Dr. Darrell Norris,f32f4029,d2697e1b-1,0.2,Port Angela,42.79,Delivered
2024-02-25,West,Technology,Copiers,187.39,1.0,29.73,Willie Donaldson,80258328,882f3c7c-e,0.2,Santiagoberg,19.01,In Transit
2022-10-04,West,Furniture,Furnishings,,6.0,59.58,Yesenia Rojas,aace49d8,b091d720-1,0.0,Matthewstown,49.93,Delivered
2023-12-05,South,Office Supplies,Labels,670.77,4.0,22.03,Martin Spencer,1b3a020d,d66be841-9,0.2,Lake Andrea,40.76,In Transit
2024-08-21,West,Technology,Accessories,204.71,7.0,47.2,Catherine Rios,3cf57319,b387ec41-5,0.2,North Christine,41.24,Delivered
2023-10-23,West,Furniture,Furnishings,399.42,5.0,-52.66,Amy Williams,822e336a,189f3684-1,0.0,South Kimberly,27.34,Delivered
2024-01-28,Central,Furniture,Bookcases,233.76,2.0,36.54,Reginald Olson,a009a237,ca371101-8,0.2,Teresafort,,In Transit
2023-08-06,West,Technology,Accessories,645.77,3.0,139.78,Kelly Price,593b826b,1495873f-5,0.0,Sandersburgh,5.26,In Transit
2023-01-19,West,Furniture,Chairs,752.46,6.0,207.48,Jessica Martin,a6cbb9d4,4fa85072-0,0.0,,35.01,In Transit
2024-10-16,East,Technology,Copiers,775.68,10.0,112.81,Patrick Miller,51f8dab4,fb11283c-5,0.0,Port Jonathan,35.17,Cancelled
2022-12-16,West,Technology,Phones,807.7,5.0,75.64,Joel Luna,fd224f74,fe2b0513-4,0.1,North David,14.37,In Transit
2024-02-16,South,Furniture,Chairs,49.76,1.0,-5.29,Raven Joseph,2d63300c,5d0aa56d-e,0.2,Katiefort,6.57,Delivered
2023-04-06,Central,Technology,Phones,668.57,6.0,41.13,Christopher Church,cfb4670d,049c6c37-7,0.0,South Robert,43.65,In Transit
2022-12-12,East,Furniture,Furnishings,736.17,7.0,-129.12,Kelsey Watson,cb16ef32,f763a436-1,0.3,Foxland,47.79,In Transit
2024-07-21,East,Office Supplies,Paper,761.3,4.0,40.53,Kayla Hull,24303dbe,ff282cf4-b,0.0,Jennamouth,35.66,In Transit
2023-11-15,Central,Technology,Machines,762.59,5.0,36.72,Kevin Hawkins,e17757e8,86389066-9,0.3,Ritterland,29.41,Delivered
2023-05-10,West,Technology,Accessories,557.09,4.0,,Anne Lewis,44992dda,d8822462-b,0.2,New Laura,49.89,
2024-05-12,East,Technology,Accessories,579.7,8.0,-57.32,William Garcia,66b153ae,cefc0e5a-e,0.0,Terrystad,45.05,Delivered
2025-06-17,East,Office Supplies,Labels,772.31,9.0,-6.93,Kimberly Mitchell,aa15a5c3,f985c623-7,0.1,East Theresa,35.92,In Transit
2023-09-29,West,Office Supplies,Art,706.98,1.0,16.54,John White,60b109a6,169c4d5d-7,0.0,South Emmaton,40.69,Delivered
2024-04-04,West,Office Supplies,Paper,881.98,2.0,-40.33,Kimberly Miller,4a8765ab,644db4e9-6,,Frazierfurt,46.78,Delivered
2022-12-20,East,Technology,Copiers,36.44,6.0,1.28,Nicholas Johnson,2dc03e1d,9a74224d-6,0.2,East Shane,31.22,In Transit
2022-07-23,East,Furniture,Bookcases,,1.0,59.41,Nicholas Perkins,5f4f5dfb,621f419b-3,0.0,North Nathanbury,5.42,Delivered
2025-06-21,South,Furniture,Tables,,6.0,-158.13,Christine Rogers,c6443fa6,90e758e8-9,0.0,Port Timothy,10.67,Delivered
2023-09-07,South,Technology,Accessories,417.25,10.0,16.08,Maria Singleton,85557af7,2acf4d5f-6,0.1,South Danielleberg,31.48,In Transit
2024-08-25,Central,Furniture,Bookcases,622.97,5.0,-90.28,Cindy Holmes,0543d049,d2fb4c3c-0,0.0,Kimside,49.25,Delivered
2023-07-14,East,Office Supplies,Paper,595.4,2.0,161.69,Andrea Compton,c55d31aa,ea2e5224-c,0.2,South Nathan,43.61,In Transit
2023-12-07,Central,Furniture,Bookcases,438.98,5.0,-76.94,Christine Anderson,70b9b7c8,14e6aca5-1,0.2,Eduardomouth,24.7,In Transit
2024-06-24,East,Technology,Copiers,255.9,6.0,58.05,Michael Vasquez,71d8178d,49343d2f-e,,Schroederport,5.25,In Transit
2025-02-14,South,Technology,Accessories,39.85,9.0,-4.21,Charles Munoz,2f01c0b5,5b93f65e-2,0.1,Ballbury,5.59,Delivered
2024-11-05,Central,Office Supplies,Labels,,1.0,3.71,Dustin Gomez,67e06ab6,410cf5dd-e,0.0,New Emilybury,27.58,Delivered
2024-09-28,Central,Office Supplies,Art,668.99,8.0,164.32,Seth Gilbert,b0ea6e6b,9d888d00-b,0.1,Steelefort,7.8,In Transit
2023-11-12,South,Office Supplies,Binders,490.87,7.0,-22.63,Maurice Kent,b0914fc0,6eb5170d-f,0.0,Garciafurt,7.41,In Transit
2023-04-15,South,Office Supplies,Paper,922.31,9.0,-133.71,Crystal Bishop,2086e077,dc6cc070-5,0.0,South Andrew,33.87,Delivered
2022-12-08,South,Office Supplies,Binders,65.13,3.0,14.26,Erin Finley,37b97f42,f7ebb7a1-c,0.2,Carrillomouth,24.0,Delivered
2024-08-03,South,Furniture,Tables,140.36,5.0,-15.05,Jared Duffy,c97717a7,93e5a74b-7,0.1,Whitehaven,28.68,Delivered
2023-03-03,West,Furniture,Bookcases,818.64,3.0,18.69,Angelica Mcdaniel,e2f255e7,03a03691-2,0.0,Odombury,46.84,Delivered
2024-07-07,East,Technology,Machines,680.62,7.0,-15.51,Sherri Stephens,2c7bec84,d4ccc346-e,0.0,Lake Shelley,41.53,Delivered
2023-09-09,East,Furniture,Furnishings,973.56,5.0,-86.01,David Nicholson,f87f2265,07d41f89-8,0.0,Caitlynburgh,41.06,Cancelled
2025-06-25,West,Office Supplies,Labels,78.22,3.0,17.15,Ashley Clark,f045b9e9,99ea6b8a-e,0.2,Foxland,11.85,Delivered
2024-07-21,East,Technology,Accessories,412.01,4.0,-60.01,Brittney Walker,6c8f5cb4,7d2747fa-4,0.2,East Nicoleshire,5.68,Delivered
2023-11-15,Central,Office Supplies,Paper,249.71,2.0,41.1,Michael Bishop,94a1f221,df295c1f-5,0.0,Port Joannmouth,22.12,Delivered
2023-07-29,South,Technology,Copiers,760.59,7.0,11.88,Benjamin Thompson Jr.,4aa55982,0d6f8e98-9,0.2,East Rachelland,13.06,Delivered
2024-08-06,Central,Technology,Accessories,179.81,9.0,40.72,Robert Morrow,d9c4c8e2,664be734-2,0.2,Lake Matthewland,35.09,Delivered
2024-04-12,East,Technology,Accessories,709.95,8.0,-108.82,Keith Santiago,aca5c7b3,b7a78974-a,0.1,Diazfurt,41.71,In Transit
2023-10-03,South,Office Supplies,Paper,138.35,7.0,-7.51,Denise Walters,cb89e852,18a24328-5,0.2,Garciatown,15.91,Delivered
2024-04-09,South,Furniture,Furnishings,755.82,10.0,-102.23,Michelle Wall,236fdf64,dfb67054-c,0.0,Johnsonberg,44.41,Delivered
2022-11-23,South,Office Supplies,Labels,211.42,5.0,-21.51,Robert Castro,93fda52c,8b20fe96-f,0.1,Port Richard,24.3,Delivered
2024-03-14,West,Furniture,Furnishings,36.43,8.0,9.86,Jason Peterson,546fc733,02fa6a16-6,0.2,Shawnport,32.62,Delivered
2024-04-18,East,Office Supplies,Labels,364.94,8.0,18.58,Kayla Gonzales,7957c072,771a3fa4-f,0.0,West Breanna,23.97,Returned
2024-07-06,Central,Furniture,Furnishings,176.16,2.0,-30.52,Jorge Smith,446d0829,f49ca9ab-6,0.0,Anthonyshire,43.96,Delivered
2023-03-29,South,Technology,Machines,51.88,9.0,,William Gardner,5b96b4de,fbefe2cc-b,0.2,North Judy,11.67,Delivered
2023-06-27,East,Technology,Accessories,748.06,1.0,22.41,Theresa Foster,d0ab2b56,6be2a9ff-b,0.0,East Jenniferstad,37.75,In Transit
2022-10-27,West,Technology,Accessories,335.66,2.0,36.09,Alan Martinez,9e5672eb,424ef811-c,0.2,,39.58,Delivered
2024-04-10,Central,Technology,Machines,882.86,1.0,172.9,Trevor Payne,eeddc695,c8afb44b-b,0.0,Tonyfurt,23.57,Delivered
2024-10-03,West,Furniture,Furnishings,87.47,9.0,-7.27,Angela Hood,e168a7af,768797da-d,0.1,Lake Shannon,26.6,Delivered
2023-02-09,East,Office Supplies,Paper,339.48,10.0,35.66,Peggy Blankenship,4d371f70,81f8d379-2,0.0,Deborahhaven,21.59,Cancelled
2025-05-07,West,Technology,Phones,432.65,3.0,118.24,Makayla Baker,287b7635,e95c124f-8,0.1,Lake Joelfort,37.49,In Transit
2025-03-18,East,Office Supplies,Paper,465.68,2.0,108.83,Donna Sexton,5645fbae,05f4cba7-a,0.1,Port Rachel,,In Transit
2024-03-31,South,Technology,Machines,480.69,8.0,-14.53,Steven Allen,3ce4f694,a319e432-f,0.2,Port Brittanyborough,24.52,Delivered
2022-10-25,West,Office Supplies,Art,509.23,1.0,39.04,Joe Adams,71e78640,ad122301-2,0.0,New Joanna,27.77,Delivered
2025-01-13,South,Office Supplies,Paper,646.78,1.0,-34.21,Cheryl Dunlap,763e3648,62fb16cd-a,0.1,Vasquezland,45.72,Delivered
2025-05-12,South,Technology,Phones,689.62,3.0,182.14,Tonya Johnson,f04aaa15,f0374221-3,0.2,East Gabrielmouth,45.74,Delivered
2023-04-24,South,Office Supplies,Art,394.7,10.0,-75.25,Allison Johnson,3322a0f0,35f0cd01-9,0.2,South Amymouth,48.57,Delivered
2024-11-11,Central,Technology,Machines,416.45,6.0,37.74,Ivan Meyer,ccd12e06,09a5e5ee-e,0.2,Lake Dianaton,11.7,Returned
2023-07-22,East,Technology,Machines,480.63,5.0,103.35,Michael George,5bf83d17,4f72aa6a-5,0.1,East Alan,38.79,In Transit
2024-10-09,East,Furniture,Furnishings,278.7,9.0,68.8,Kathryn Lane,2950e037,5639c5d4-3,0.2,Drakeburgh,46.49,Cancelled
2023-03-31,East,Technology,Machines,943.49,,-40.71,Diana Chen,4c7dd36d,452cec66-a,0.1,Nicolefort,25.27,Delivered
2024-02-01,East,Furniture,Bookcases,791.73,8.0,,Kevin Campbell,cc029f23,2e12ae83-4,0.3,East Patriciaberg,39.92,In Transit
2025-02-14,Central,Technology,Phones,58.9,9.0,2.04,Jacob Stone,f7dcf7e9,0c21ad69-a,0.0,Housefurt,22.42,Cancelled
2023-04-19,West,Office Supplies,Binders,371.31,2.0,52.49,Mark Lewis,9682d520,d2831207-d,0.0,West Robertstad,27.13,Delivered
2023-01-28,South,Office Supplies,Labels,182.52,2.0,38.84,Shelby Gonzalez,7924c0a5,8277e203-c,0.1,Kellybury,12.84,Delivered
2025-03-26,East,Office Supplies,Binders,171.18,1.0,49.65,Kimberly Martinez,34ac42eb,9df07ba1-7,0.0,West Karen,31.95,Delivered
2022-11-20,East,Technology,Accessories,50.65,5.0,6.52,Tara Harvey,5b508cd1,4dc4acaf-e,0.0,Pittmanhaven,28.55,
2022-11-19,Central,Office Supplies,Labels,52.32,9.0,-5.11,Jonathan Reyes,880c7103,1faf929c-d,0.1,Mendozamouth,24.41,Cancelled
2023-01-30,Central,Office Supplies,Labels,509.8,6.0,79.17,Dustin Smith,b84c0454,58ba4ef2-9,0.1,Webbbury,13.39,Delivered
2022-12-29,West,Furniture,Tables,75.91,5.0,5.45,Robert Rogers,bc2637cb,81c593d3-f,0.0,Michaelland,49.36,Cancelled
2025-02-27,South,Office Supplies,Art,988.82,,-186.69,Alexander Johnson,0a7f046e,7f2ecd21-f,0.2,West Anthony,29.11,In Transit
2023-01-25,Central,Furniture,Chairs,197.02,5.0,49.49,Robert Mcconnell,7625ed71,e93ff434-2,0.3,Hopkinsland,28.52,Delivered
2024-11-24,East,Furniture,Bookcases,665.04,4.0,-120.62,Lauren Davis,dff73d37,7fad9f54-8,0.0,North Victoriaborough,26.65,Delivered
2022-08-11,East,Office Supplies,Binders,297.95,5.0,47.99,Tracy Lee,ce2a6456,6856175c-6,0.2,Joton,34.52,Delivered
2022-11-18,West,Technology,Copiers,101.48,4.0,-15.35,Tammy Kelly,8f9a864a,ae04ec22-8,0.0,North Deborahfurt,30.22,In Transit
2023-04-04,Central,Technology,Machines,502.09,,-31.87,Joseph Diaz,8b106613,e9bb0d14-b,0.0,New Adam,14.3,Cancelled
2024-01-15,West,Furniture,Bookcases,405.29,7.0,29.9,George Aguirre,ddf6b84c,38eab4f8-2,0.2,Davidburgh,15.0,In Transit
2023-01-07,South,Technology,Phones,642.31,2.0,-89.8,Ms. Ann Moss DVM,09faeb15,d6d436a8-8,0.0,Aliciafort,37.62,In Transit
2023-05-07,West,Technology,Copiers,446.76,7.0,5.91,Mark Goodwin,b0876a09,a3e8467a-1,0.0,North Rebeccastad,7.8,In Transit
2022-11-20,West,Office Supplies,Paper,210.09,10.0,19.95,Rebecca Ortega,010a31d3,6b90253f-c,0.0,Gloriaburgh,29.63,Delivered
2024-03-15,Central,Office Supplies,Binders,71.29,3.0,9.03,Madeline Macdonald,e41d923a,fd7752b9-a,0.2,South Yvonneburgh,38.54,Cancelled
2025-06-07,South,Furniture,Tables,442.01,7.0,0.7,Trevor Anderson,48b0d7e7,a881c419-7,0.0,Miguelstad,6.16,In Transit
2025-01-16,West,Office Supplies,Art,971.24,3.0,,Jessica Gomez,0c224924,fa30401d-f,0.1,North Maria,46.36,In Transit
2023-07-28,West,Technology,Phones,121.46,5.0,35.0,Laurie Taylor,06b66944,b29f3044-b,0.0,New Daniel,49.31,Cancelled
2025-06-12,West,Technology,Phones,694.12,10.0,126.13,Penny Walter,26be93a7,3681b0b3-0,,South Cheryl,12.2,Delivered
2024-09-28,East,Office Supplies,Binders,,3.0,17.19,Amber Ward,c552ff61,f59ddf3e-1,0.0,Kevinberg,9.71,Delivered
2023-11-09,South,Furniture,Furnishings,628.05,4.0,111.91,Gregory Thomas,ce8fc06d,838d25cd-c,0.0,Davisfort,9.98,Delivered
2023-04-21,Central,Furniture,Chairs,,1.0,-4.89,Casey Wilson,9e4b9854,ff22b52d-f,0.2,Lake Josephmouth,9.81,In Transit
2022-12-22,South,Technology,Copiers,,6.0,,Edwin Hardy,8f91baac,c56f2acf-b,0.0,Cantuton,31.36,Delivered
2024-03-11,East,Technology,Accessories,657.96,6.0,116.9,Dawn Lopez,8af2a7f2,bd959298-d,0.0,Pattonside,25.14,Delivered
2024-10-19,East,Office Supplies,Art,59.23,5.0,6.32,Daniel Ellis,96002826,e3353f12-6,0.0,Port Samantha,47.0,In Transit
2023-12-29,East,Furniture,Furnishings,386.67,7.0,108.48,Karen Smith,25194f43,482c9555-1,0.0,Mitchellland,44.69,Delivered
2024-03-18,East,Technology,Copiers,993.16,5.0,76.02,Christopher Larson,4ded5a2b,62473cea-5,0.0,East Joseph,38.53,In Transit
2022-09-11,West,Technology,Accessories,783.35,1.0,228.46,Spencer Garcia,0ff8f533,2ee71ebc-a,0.0,Port Joseph,48.26,Delivered
2023-07-17,West,Office Supplies,Art,916.88,2.0,252.35,Michelle Lloyd,3a25f8c9,b664fe34-a,0.0,Youngchester,19.63,Delivered
2022-11-14,West,Office Supplies,Labels,224.91,10.0,-7.07,Edward Mendoza,d87495ac,398d7690-8,0.2,Aprilborough,26.14,Delivered
2024-01-08,Central,Furniture,Furnishings,965.74,6.0,140.63,Christopher Price,ef22f02a,3acb2844-a,0.0,Fritzborough,6.91,In Transit
2023-10-08,West,Furniture,Chairs,127.79,3.0,7.03,Alicia Taylor,99f1b1ae,feadafa4-1,0.2,North Jasmineland,23.27,Cancelled
2025-04-04,Central,Technology,Phones,989.07,2.0,-113.36,Christopher Lawson,ae893828,4e5f0a48-3,0.2,Rileyshire,35.08,In Transit
2023-03-03,West,Furniture,Bookcases,227.38,3.0,-9.39,Jesus Johnson,e4719f12,a7a580e9-c,0.1,South Andrewview,7.9,In Transit
2024-11-26,Central,Furniture,Bookcases,173.53,3.0,37.54,Steven Powell,db9c3a73,e9a7c4c7-7,0.1,East Thomas,40.23,In Transit
2022-11-04,Central,Office Supplies,Labels,162.1,6.0,-23.22,Timothy Benton,c9a80b4b,7c61d9bf-e,0.3,Port Richardton,38.86,In Transit
2024-02-07,South,Office Supplies,Art,901.44,5.0,242.12,Evan Miller,e81b1b1a,388d9619-9,0.0,Lake Steven,20.11,Delivered
2024-08-23,East,Office Supplies,Paper,,4.0,-75.41,Kelli Graves,98bf474f,c6ff45e2-9,0.0,Matthewstad,33.35,Delivered
2023-11-17,East,Technology,Copiers,340.69,7.0,26.14,Jeff Lopez,f2b3ae5b,4cf0e2c7-3,0.0,East Lindaborough,16.77,Cancelled
2023-06-12,Central,Technology,Phones,597.37,9.0,141.49,Kelly James,6206b432,b2856c96-1,,Turnerport,10.89,Cancelled
2025-06-01,East,Office Supplies,Binders,581.42,5.0,10.0,Alex Alvarez,6725d8ab,79c030c2-3,0.0,Martinhaven,38.26,Delivered
2023-08-08,West,Furniture,Furnishings,31.37,3.0,0.13,Renee Hall,e4d93126,73501e64-b,0.0,Williamsonside,16.61,Cancelled
2024-06-05,South,Technology,Phones,602.3,7.0,39.6,Sara Taylor,535f851c,7ae60a5b-5,0.1,East Austin,31.32,Delivered
2023-11-01,South,Office Supplies,Binders,,10.0,-14.04,Mary Morse,6eb07b91,224ce665-1,0.1,Port Bianca,49.79,Returned
2023-10-02,East,Technology,Accessories,666.95,9.0,19.28,Mario Collins,8eb7ef90,0b640636-6,0.3,Collinsburgh,11.17,In Transit
2023-05-04,South,Technology,Copiers,968.82,3.0,40.76,Jennifer Holder,d7a5b0e4,b9ec6048-8,0.0,New Cindyville,20.91,Returned
2025-03-27,Central,Technology,Machines,807.35,9.0,-78.16,Lisa Jenkins,0345c1bf,44132ff5-7,0.0,South Karenport,17.89,Cancelled
2025-02-25,Central,Technology,Copiers,488.17,4.0,33.29,Michele Jones,59c6241d,b952d40f-4,0.0,New Kathrynview,43.43,Delivered
2023-08-20,South,Furniture,Tables,907.36,1.0,-26.34,Alisha Adams,deb4b06d,09cb56c9-e,0.0,Port Gordonland,35.55,In Transit
2024-09-07,East,Office Supplies,Binders,696.34,4.0,144.19,Deborah Johnson,9ec8756e,65b1840d-b,0.0,Yvettefurt,27.73,In Transit
2023-10-22,Central,Furniture,Bookcases,533.13,4.0,-11.02,Dana Eaton,5c56bc42,01d1f1fa-a,0.0,Cobbville,43.14,Delivered
2024-01-16,Central,Furniture,Furnishings,366.63,2.0,-10.44,Andrew Gonzalez,18face3f,2f9e8526-c,0.2,Port Mark,39.53,Delivered
2024-01-29,East,Furniture,Furnishings,160.4,8.0,-0.88,Aaron Williams,b3e9b932,b6af76fd-6,0.1,Saraland,27.03,Delivered
2025-04-29,Central,Furniture,Tables,703.55,2.0,162.58,Matthew Love,04294bf0,d987edc6-c,0.2,West Megan,25.81,Delivered
2022-11-02,South,Technology,Copiers,848.98,7.0,26.53,Tina Johnson,5b26fdbd,d20c05ad-2,0.2,Jenningsville,16.14,Delivered
2024-06-14,South,Office Supplies,Paper,415.69,9.0,-33.84,Annette Patterson,feaa43f4,c7a2ee3f-f,0.0,New Daniellefort,47.25,Delivered
2024-10-17,Central,Furniture,Furnishings,214.33,10.0,7.46,Danielle Logan,9531c940,52544fd0-4,0.0,North Sydney,27.12,In Transit
2025-07-01,West,Furniture,Furnishings,391.1,9.0,-2.33,Crystal Sandoval,f84dfa4d,5e98af2f-3,0.1,West Jamesside,34.76,Delivered
2022-12-27,East,Office Supplies,Labels,312.86,9.0,37.9,Alison Reynolds,402acd02,e5e39399-2,0.0,West Luisland,48.67,Delivered
2025-04-18,West,Furniture,Furnishings,523.12,,32.36,Amanda Martinez,a729d9f7,4bd9de12-5,0.2,Port Robert,29.01,Delivered
2022-09-19,West,Furniture,Chairs,940.46,9.0,235.61,Christopher Thomas,8c548d7f,0cf8e8ec-e,0.0,North Daniel,12.84,Delivered
2024-11-27,West,Office Supplies,Art,503.48,10.0,-45.65,Patty Martinez,7c0475ef,1f5ed300-5,0.2,Lake Cristina,42.16,
2024-12-12,East,Technology,Machines,662.66,2.0,70.46,Cameron Dunn,083bbcaf,242c6e6a-2,0.2,West Samuelville,15.42,Delivered
2024-02-07,Central,Technology,Machines,612.09,9.0,142.4,Roger Newton,fe99c713,84eb41b7-4,0.0,Wilkinsberg,12.8,Delivered
2025-04-16,West,Furniture,Bookcases,612.7,3.0,74.76,Sylvia Meza,899be8bf,fb9cc80f-d,0.0,East Amyview,22.77,Cancelled
2025-05-24,South,Furniture,Bookcases,770.43,5.0,-97.96,Andrea Glenn,860cc74e,0fc32c86-d,0.1,Johnsonport,46.41,Delivered
2022-09-07,Central,Office Supplies,Labels,,10.0,-5.91,Victor Perkins,6ce59a9d,740e94f6-5,0.0,South Kristi,15.27,Delivered
2024-03-20,East,Office Supplies,Paper,48.64,4.0,10.82,John Contreras,e9c0e46e,bfc56637-2,0.0,Evanside,35.59,
2024-01-27,West,Office Supplies,Paper,513.39,5.0,-73.5,Molly Sanders,cc929981,2ef34da2-7,0.1,North Sarahland,22.84,Delivered
2025-05-15,East,Technology,Copiers,859.67,8.0,-9.08,Danielle Harris,4ca0c804,b6ca4881-9,0.1,Josephchester,23.56,Delivered
2024-01-20,Central,Office Supplies,Labels,492.88,9.0,88.52,Cory Dodson,1d1459fe,bba37bc1-9,0.3,North Michaelshire,19.8,In Transit
2024-05-11,Central,Furniture,Furnishings,448.4,6.0,-38.7,Jennifer Ayers,a9e0f6d0,19728266-8,0.1,North Jeremyton,19.88,Delivered
2023-06-02,Central,Technology,Phones,901.47,2.0,,Paula Thomas,c7304635,94af6b99-9,0.1,Juanmouth,17.09,Delivered
2022-10-28,East,Office Supplies,Labels,861.56,7.0,-48.24,Julie Johnson,93e3be6e,dfc85403-8,0.0,Alanville,30.15,In Transit
2023-08-31,South,Office Supplies,Art,25.15,2.0,7.46,Patricia Davis,82e232d5,6fdb6df6-0,0.0,Lake Matthewtown,9.56,Cancelled
2022-08-03,East,Technology,Copiers,591.99,10.0,-98.69,Molly Duncan,da2c3dc9,3dc7b910-0,0.1,East Nicoleville,44.54,Returned
2024-04-15,West,Technology,Machines,408.08,9.0,35.22,Timothy Carlson,12c3b0a5,7baad41d-9,0.0,Avilastad,6.48,Delivered
2022-07-30,Central,Furniture,Chairs,295.68,9.0,-27.1,Deborah Anderson,128f17d3,13a8fccc-4,0.0,East Charles,35.17,In Transit
2024-05-06,West,Technology,Accessories,933.07,8.0,-74.55,Sarah Brandt,498879fb,f77ca502-6,0.1,Meganborough,24.21,Delivered
2024-02-29,East,Technology,Machines,655.77,10.0,132.78,Sara Reynolds,d7bce401,0d9bb687-a,0.2,West Kristie,47.94,Returned
2024-04-17,Central,Technology,Accessories,327.23,3.0,36.92,Elizabeth Sanders,3e3420fd,48988b0e-9,,Gambleborough,,In Transit
2023-01-09,West,Technology,Machines,351.63,9.0,90.2,Darius Russell,926f1447,a4bdde7d-b,0.0,Hillland,40.42,Delivered
2024-05-07,East,Technology,Accessories,193.76,7.0,28.16,Jennifer Martinez,ee465845,f5c8e2af-4,0.1,Jesseshire,48.85,Delivered
2023-06-04,East,Technology,Accessories,814.25,4.0,210.25,Joseph Wilson,afadfd07,933ed14f-d,0.0,,39.77,In Transit
2024-07-27,East,Technology,Machines,957.57,5.0,213.78,Larry Hartman,0b5350b4,df0b7c1f-a,0.1,Brandonbury,11.29,Cancelled
2024-08-23,East,Office Supplies,Art,629.24,10.0,37.46,Mrs. Kelly Chapman MD,d08b1dc6,0d53d4bc-a,0.1,Marcusfurt,24.44,Delivered
2024-06-08,West,Furniture,Tables,396.88,1.0,85.21,Sherry Sanchez,afd53a4b,6e05e981-e,0.0,West Brett,24.25,Delivered
2024-12-10,East,Furniture,Furnishings,391.06,2.0,75.76,Spencer Conner,857320f1,21d846d1-d,0.2,Port Monicafort,43.65,Cancelled
2024-03-13,East,Technology,Copiers,662.36,4.0,10.47,Tiffany Cochran,04f7399c,6c752a24-6,0.2,Jeanettefort,38.15,Delivered
2023-01-20,South,Technology,Copiers,169.93,9.0,11.12,Alexander Garcia,8998802b,36374f26-6,0.0,South Calvinstad,46.18,In Transit
2023-12-07,West,Technology,Copiers,826.98,2.0,132.5,Jessica Santos,ae7c8867,1dcdd3d2-e,0.0,Woodhaven,15.0,In Transit
2023-12-01,South,Office Supplies,Paper,557.82,3.0,47.63,Harry Lawrence,af963725,9e8b7545-9,0.0,New Graceport,,In Transit
2023-05-09,West,Office Supplies,Binders,116.56,8.0,5.98,Jamie Brown,074efd0a,100502e3-a,0.0,Lake Cynthia,,Cancelled
2023-09-25,West,Office Supplies,Binders,815.17,5.0,-30.19,Brittany Jenkins,745f753e,4f7d3888-e,0.3,Ashleyville,39.25,In Transit
2024-04-19,Central,Office Supplies,Paper,,2.0,-13.79,Casey Wang,ee97f1d3,c9fff173-5,0.0,Hillport,31.77,In Transit
2025-06-04,Central,Technology,Machines,382.0,5.0,-3.77,Cindy Shea,9daae614,df7517bb-0,0.1,Lake Lynn,23.42,In Transit
2024-04-28,East,Furniture,Bookcases,499.85,9.0,27.49,Louis Harris,7630f073,0dbceacd-9,0.1,Smithside,19.58,Cancelled
2022-10-12,South,Furniture,Tables,787.83,3.0,84.82,John Brown,bafb1e91,581a7b3b-6,0.0,Lake Julieview,43.53,Delivered
2022-09-15,East,Technology,Machines,400.66,5.0,87.71,Kevin Love,09392741,ff96ae48-3,0.0,New Elizabeth,30.73,In Transit
2024-05-22,South,Office Supplies,Art,22.11,10.0,-2.39,Gail Byrd,4c54032b,8a06a833-d,0.3,East Cathychester,49.48,Delivered
2024-12-01,Central,Furniture,Chairs,603.52,6.0,53.6,Cody Smith,7abf0dbf,bfad561a-e,0.3,South David,9.7,Delivered
2024-10-07,Central,Office Supplies,Binders,187.33,10.0,-12.82,Jessica Lee,748996e5,904848cf-d,0.1,Lake Stanleyview,12.99,In Transit
2022-09-11,West,Furniture,Chairs,800.11,9.0,-99.75,Jason Washington,4145617f,104526e5-3,0.1,Lynnport,25.65,Delivered
2023-06-30,West,Furniture,Chairs,192.65,8.0,-13.86,Richard Gordon,51577311,cfd541dc-6,0.2,Perezberg,42.57,Delivered
2023-12-11,West,Furniture,Chairs,792.65,9.0,96.56,Dana Franklin,0dc3f8c0,37eab520-b,0.1,Osbornfort,49.24,In Transit
2024-04-05,East,Furniture,Chairs,334.9,2.0,3.33,Jesse Morris,14831be9,e5fe8869-7,0.3,East Angelaport,,Delivered
2025-01-18,West,Furniture,Tables,935.88,7.0,-39.79,Amanda Harrison,0e89fb97,8f51a643-7,0.0,South Greggburgh,34.75,Delivered
2023-08-20,West,Technology,Machines,859.32,4.0,223.49,John Fisher,2e9470ad,f86a9a4d-6,0.0,North Jeremiahborough,34.37,Delivered
2023-02-18,South,Technology,Accessories,526.83,9.0,4.66,Jordan Jones,653a236d,def4deb6-a,0.0,Port Johnny,39.9,Cancelled
2023-05-19,East,Furniture,Tables,,3.0,22.18,Jacob Norman,d559e4e5,35e0f760-f,0.1,West Eugene,19.15,Cancelled
2024-08-05,South,Office Supplies,Binders,82.88,1.0,-4.28,Amy Hamilton,491cd4e5,32d89cd6-0,0.2,East Crystal,32.78,Delivered
2022-07-19,South,Furniture,Chairs,314.0,8.0,-40.99,Brian Nelson,ad506629,d8b67b4f-a,0.2,Lake David,40.84,In Transit
2022-11-01,South,Office Supplies,Art,,2.0,-41.65,Robin Boone,1f918d81,ef2471ff-1,0.1,Walkerfort,20.47,Delivered
2025-04-06,South,Office Supplies,Binders,303.96,3.0,-49.76,Natalie Patterson,8a47d13f,200dd55a-a,0.0,South Michelle,34.45,Delivered
2023-08-18,West,Furniture,Bookcases,362.26,4.0,45.58,John Mitchell,c39ebd22,70630342-a,0.0,Port Jose,47.83,Delivered
2022-10-20,East,Furniture,Tables,173.67,4.0,28.9,Tonya Hubbard,169ae6d6,1f29a00f-8,0.2,Murilloborough,36.77,In Transit
2023-07-27,West,Office Supplies,Labels,750.41,7.0,44.58,Isaiah Velasquez,08f38212,8f092d03-8,0.2,Bethanymouth,44.99,Delivered
2024-08-01,West,Office Supplies,Paper,235.75,5.0,10.03,Lorraine Allen,ecefed1a,bc3f49ae-9,0.1,Kendraport,46.64,Delivered
2022-08-11,Central,Office Supplies,Art,927.19,5.0,37.54,Samantha Arnold,0ad3ea6c,418e5fc5-f,0.0,Daltonside,12.99,In Transit
2023-01-14,West,Furniture,Bookcases,197.15,2.0,-5.9,Paul Combs,a731c881,baaaf3fd-9,0.0,Bowenstad,23.3,In Transit
2024-04-13,East,Office Supplies,Art,218.12,8.0,,Chris Lee,d94fe177,69dbecbc-a,0.3,Jenningsstad,43.8,In Transit
2023-02-08,East,Office Supplies,Paper,839.42,4.0,47.23,Amy Dixon,75535987,11a94a7b-6,0.1,West Chad,43.93,In Transit
2022-12-02,West,Furniture,Furnishings,797.95,9.0,40.73,Amanda Rodriguez,bbbb5f7c,81b0331e-8,0.0,West Jaredburgh,7.49,Delivered
2024-07-28,East,Furniture,Tables,661.68,6.0,138.08,Kenneth Torres,3dec26af,79daacf8-3,0.0,Nguyenside,14.97,Delivered
2022-10-02,East,Technology,Phones,887.54,5.0,219.51,Sherry Newman,d98c7ed7,78c0331d-0,0.0,Port Amanda,20.83,Returned
2022-07-19,South,Furniture,Tables,,2.0,-23.27,Stephanie Branch,7f54fe4e,f5cd8c44-4,0.0,Lake Marcia,35.06,Delivered
2023-05-07,West,Office Supplies,Art,410.85,3.0,123.11,Cody Lane,a7cd8ab4,dfe487a2-6,0.1,Port Amy,31.18,Delivered
2024-08-21,East,Furniture,Chairs,813.85,10.0,187.29,Daniel Thompson,e5d5484f,b3befeb1-f,0.2,Lake Michael,11.08,Delivered
2022-09-23,East,Office Supplies,Labels,94.24,3.0,26.3,Leslie Marsh,4d46f7c1,8e5dad40-2,0.3,Jonesfort,19.84,Delivered
2022-09-23,West,Furniture,Bookcases,49.8,1.0,-3.52,Mary Valdez,dd8df58b,ea5d4eb8-1,0.1,Jacquelineburgh,43.37,Delivered
2025-01-29,South,Furniture,Bookcases,134.2,,-17.21,Lorraine Singleton,8c6bbfc4,64f4ae27-f,0.0,Muellerbury,32.39,Delivered
2024-09-15,East,Technology,Copiers,43.7,4.0,-1.55,Kathleen Jones,ba6d25f3,6839adb4-c,0.0,Gregoryview,18.4,Delivered
2022-12-08,Central,Technology,Accessories,,2.0,-175.12,Jennifer Harvey,d6ff8b5b,468f0c1f-4,0.0,Kathleenborough,7.89,Returned
2023-10-09,East,Technology,Copiers,887.59,2.0,-36.13,Tammy Garza,9af5af77,5834dc4e-e,0.0,Turnerstad,,Delivered
2025-06-03,Central,Furniture,Furnishings,152.02,7.0,12.66,Natalie Beltran,38cf6403,7793c465-9,0.0,Darleneville,39.07,Delivered
2022-08-02,South,Office Supplies,Paper,787.2,6.0,,Jeffrey Miller,090e1395,27d0f3e8-7,0.1,Gordonborough,16.73,Cancelled
2025-05-19,East,Technology,Accessories,990.59,7.0,115.14,Stephanie Jenkins,b47b095f,fc956751-8,0.1,Ericaville,42.15,In Transit
2023-09-07,West,Technology,Copiers,953.49,6.0,-73.23,Kristin Rowe,b8b6826a,8bd6428a-2,0.0,South Tracyside,6.31,Delivered
2025-04-25,West,Technology,Copiers,927.09,4.0,54.33,Stefanie Warren,08f9e11f,19829231-d,0.2,West Jasonton,11.46,Delivered
2022-12-31,East,Technology,Accessories,13.82,6.0,-1.47,Tammy Rice,1341e867,4afd4a76-5,0.0,Brianhaven,9.12,Returned
2025-01-22,Central,Technology,Phones,733.96,4.0,48.77,Colleen Clark,20e7e37f,e7713c8a-f,0.0,Port Gregoryfurt,11.58,Delivered
2023-12-29,East,Office Supplies,Paper,971.51,,161.81,Monique Martinez,96796844,69353964-3,0.1,Deantown,37.69,Delivered
2025-05-05,Central,Technology,Copiers,962.24,9.0,-120.01,Angela Robertson,f792e751,2930506f-9,0.0,Wintersshire,14.04,Delivered
2024-01-16,East,Office Supplies,Binders,545.45,10.0,-33.95,Holly Kramer,06cf4926,dfac23dc-7,0.1,New Yvettefort,33.52,Delivered
2024-12-28,East,Furniture,Tables,,4.0,-1.2,Cindy Williams,0eed3e2c,f072f417-3,0.0,Terrellton,46.47,Delivered
2025-02-05,South,Technology,Machines,473.79,4.0,37.9,Ashley Ball,49b1ec18,cbe4065d-7,0.0,Mistychester,35.92,In Transit
2024-09-23,East,Technology,Accessories,689.63,7.0,36.61,Ronnie Butler,0af5732b,e6110613-e,0.3,North Martinmouth,30.75,Delivered
2023-08-06,South,Furniture,Chairs,37.54,7.0,-4.21,Sheila Wolfe,a0034113,ec8418ec-3,0.0,Lake Latoyaside,31.94,In Transit
2024-05-30,West,Technology,Accessories,220.61,6.0,-8.24,Lisa Ford,0b9b8128,4ab5d73c-e,0.0,Chasebury,42.9,Delivered
2024-07-10,South,Furniture,Chairs,260.61,9.0,72.86,Crystal Mitchell,d9d6fc3d,72b1744e-a,0.0,Blackbury,24.81,Delivered
2023-09-01,South,Technology,Phones,317.06,1.0,69.17,Victoria James,0998f9ee,237d56ad-5,0.1,South Jenniferstad,34.52,Delivered
2023-05-10,West,Technology,Accessories,617.69,3.0,51.27,Laura Lambert,e4f08587,b78d2a02-0,0.2,Acostaport,42.0,Delivered
2023-09-29,East,Furniture,Chairs,147.72,6.0,-24.94,Crystal Todd,84fb43c2,c048e6d8-1,0.1,Davidland,47.31,Delivered
2024-07-23,West,Office Supplies,Paper,787.38,3.0,180.32,Lisa Watts,5a5d10df,ef4997c0-3,0.0,East Brett,45.97,Delivered
2025-01-30,West,Technology,Copiers,918.57,6.0,55.81,James Johnson,529bfd74,735cf8a3-8,0.1,Rioston,46.97,Delivered
2025-01-26,Central,Technology,Phones,303.22,8.0,-10.63,Kimberly James,09f7d34d,39fb7f35-e,0.0,Millertown,22.96,In Transit
2023-09-03,West,Office Supplies,Art,543.27,10.0,,Peter Hayes,05e55887,4069a873-7,0.2,Lake Melissa,23.47,Delivered
2023-09-14,South,Office Supplies,Labels,51.76,1.0,-0.81,Carly Lawson,477d4481,4411626e-6,0.2,South Bethany,30.52,Delivered
2024-10-25,East,Technology,Phones,902.22,2.0,-44.14,Richard Hoffman,87464652,b8af29f7-b,0.0,South Clayton,40.49,Delivered
2022-09-15,East,Office Supplies,Binders,486.08,4.0,112.34,Stefanie Cordova,9790848b,351a0e32-3,0.1,Myersstad,48.08,In Transit
2022-07-31,Central,Office Supplies,Paper,110.57,1.0,-15.93,Brenda Wilson,aa3d923e,518a5409-4,0.2,New Stephenmouth,32.04,Delivered
2025-01-04,East,Technology,Copiers,16.52,5.0,-3.17,Jeffrey Carpenter,fc1efb3c,a14bef0b-1,0.1,East Arthur,18.22,Delivered
2023-04-21,Central,Furniture,Furnishings,559.67,2.0,105.13,Jessica Ortega,22c3b06a,7865acde-c,0.1,Jamesshire,17.64,Delivered
2022-10-23,East,Technology,Accessories,677.86,,58.81,Michelle Baker,72783422,7d7732d9-3,0.2,New Randy,48.0,Cancelled
2024-07-04,East,Technology,Phones,311.94,10.0,-13.5,Elizabeth Henry,b9fda65d,393efd0a-c,0.0,South Davidport,23.9,In Transit
2023-09-04,West,Furniture,Tables,285.78,8.0,34.96,Cindy Huber,13638799,3d728a37-8,0.0,North Barbaraview,20.01,Delivered
2024-06-05,East,Technology,Accessories,135.6,5.0,-20.55,Jeffrey Lewis,e828971f,f2f4b870-1,0.0,Joelhaven,37.57,Delivered
2025-03-16,South,Office Supplies,Labels,108.64,1.0,-18.2,Laura Clarke,527a3fa5,3ea58e17-2,0.3,Kingchester,35.26,In Transit
2022-12-21,West,Furniture,Chairs,14.53,4.0,3.54,Taylor Lewis,dcf73411,b6560317-2,0.1,Angelaland,37.42,In Transit
2024-06-21,South,Furniture,Bookcases,122.41,1.0,15.84,Bryce Martinez,7fdbcf0c,2811b31e-1,0.0,Douglasburgh,24.5,In Transit
2024-07-09,West,Furniture,Chairs,224.46,6.0,42.95,Craig Parker,c9abb2d6,f535e3d6-5,0.1,Davishaven,9.36,Delivered
2025-02-07,East,Technology,Accessories,664.15,7.0,-83.97,Sandra Thompson,f8346a16,7ebdd856-b,0.0,North Eric,7.09,Returned
2023-09-20,Central,Furniture,Tables,333.56,2.0,-8.02,Jacob Williams,fd378d1c,f79b2201-9,0.1,Frenchside,5.68,In Transit
2023-02-15,Central,Furniture,Bookcases,951.43,3.0,43.24,Dr. Daniel Fitzgerald,c1a67e2f,f4679673-f,0.0,North Saramouth,35.47,Returned
2022-09-02,West,Technology,Phones,669.19,5.0,-92.4,Gina Morgan,c6b1a5f8,e5d3cab9-8,0.0,Royberg,29.98,Cancelled
2023-01-22,West,Technology,Accessories,461.31,9.0,96.46,Matthew Delgado,6341fa9c,b8bfc131-d,0.0,Kristihaven,9.82,In Transit
2023-05-10,East,Furniture,Furnishings,526.67,9.0,-5.4,David Fernandez,a17b9d4a,dbb107b1-5,0.0,North Marilynville,49.37,Delivered
2022-11-04,East,Technology,Machines,368.73,5.0,-16.54,Karen Sanchez,2c684973,a2abc238-3,0.0,Lake Angelaview,10.27,Delivered
2023-01-07,Central,Technology,Phones,675.96,6.0,-80.16,Sheri Hall,8b0ed2f3,d82e6e42-e,0.0,West Brendaland,26.58,Delivered
2025-05-09,South,Furniture,Tables,996.46,2.0,,Randy Berger,b6f4ee96,932ca3e9-5,0.1,Angelicabury,,Delivered
2023-11-21,West,Office Supplies,Binders,968.24,4.0,59.74,April Barnett,611a3bdf,bf7f16f7-b,0.1,New Victoria,11.54,Cancelled
2022-10-26,West,Furniture,Chairs,249.76,2.0,62.74,Kevin Edwards,5d1a84db,42973361-7,0.2,East Michaelberg,27.0,In Transit
2022-08-03,South,Technology,Accessories,128.13,7.0,-17.75,Randy Weaver,af341da2,5f6f46f3-1,0.1,Diazhaven,30.7,In Transit
2025-02-05,Central,Furniture,Tables,106.51,6.0,-9.83,George Roberts,ce9aa546,6e388fb9-f,0.2,North Annburgh,31.51,In Transit
2023-10-01,East,Technology,Copiers,946.97,1.0,-155.11,Brittney Davila,f3a6e5f5,f9eace4c-6,0.0,West Kimberlytown,19.6,Delivered
2024-11-25,South,Furniture,Furnishings,744.82,9.0,184.05,Terry Taylor,8d628360,d126b32e-6,0.1,Taylormouth,46.97,Returned
2022-12-24,South,Office Supplies,Paper,658.98,6.0,4.23,Kristi Ellis,473a0339,8c1681fd-f,0.0,West Shelby,,In Transit
2023-08-23,West,Office Supplies,Paper,701.41,4.0,105.92,Robert Wright,aea6126d,819f62a9-a,,East Michaelberg,44.7,Delivered
2022-11-02,Central,Office Supplies,Art,177.21,4.0,12.86,Megan Warren,e530ac01,a3fc3961-a,0.0,South Christineville,36.41,Delivered
2025-06-27,Central,Furniture,Chairs,712.28,1.0,191.93,Beverly Cruz,6a271298,b5c99a84-4,0.1,Richardmouth,33.65,In Transit
2025-02-22,East,Technology,Accessories,,2.0,50.84,Misty Gomez,749e1956,532e548c-a,0.0,Allenfort,16.39,Delivered
2024-04-29,Central,Furniture,Tables,954.67,,204.61,Chad Clark,f0da4d20,157192f9-e,0.1,Bartonmouth,,Delivered
2022-09-29,South,Office Supplies,Paper,881.43,6.0,207.77,Madison Carter,7d340f4f,4bffc3bc-c,0.1,Port Miabury,44.64,In Transit
2024-08-21,Central,Technology,Copiers,749.84,4.0,178.6,Holly Doyle,611390f2,3bda814e-d,0.2,Rebeccaberg,41.28,In Transit
2022-08-19,West,Technology,Accessories,207.3,1.0,26.27,Cindy Mcdaniel,76d92533,e41a5fa5-2,0.0,South Susan,17.49,Delivered
2024-03-03,East,Office Supplies,Labels,602.82,4.0,69.27,Joseph Phillips,15b518ff,0b6e5320-a,0.1,South Jeremy,26.06,Delivered
2023-03-20,Central,Office Supplies,Paper,855.7,9.0,24.92,Patricia Dawson,8d3d74a7,796d7b2a-4,0.1,Billyfort,45.16,Delivered
2025-06-29,East,Furniture,Tables,473.14,10.0,-51.98,Matthew Kelly,98b699a7,a793f3e2-1,0.0,South Ericahaven,22.81,Delivered
2022-09-01,East,Furniture,Chairs,756.79,1.0,196.06,Brandon Moore MD,b8de5bbf,22a9004a-d,0.0,Garciahaven,14.09,In Transit
2022-07-24,South,Furniture,Tables,102.84,8.0,23.07,Rebecca Nguyen,d9b314cb,42b9c656-1,0.2,East Tracybury,38.97,Delivered
2025-01-04,East,Furniture,Furnishings,538.94,4.0,38.5,Kimberly Hinton,24c1dcf2,8a268e54-a,0.2,Port Donald,10.34,Delivered
2023-06-03,Central,Office Supplies,Binders,191.36,8.0,2.83,Jeffrey Richards,421cca26,f8e26eec-9,0.1,Hensonport,22.32,Cancelled
2024-08-12,East,Technology,Copiers,77.87,10.0,-3.62,Anna Green,0b8929f2,3061a74a-0,0.1,Petersview,23.41,Cancelled
2023-06-24,East,Furniture,Bookcases,875.2,3.0,-56.29,Elizabeth Wheeler,996e7fef,ec3b9361-8,0.0,New Jeremy,5.58,In Transit
2022-07-29,West,Technology,Copiers,930.02,10.0,-119.66,Mark Oliver,e230db37,fca640aa-4,0.1,New Gregoryton,36.57,Delivered
2023-09-05,East,Technology,Machines,663.42,2.0,-1.25,Cody Rodgers,733a9a82,92748fc9-9,0.2,Davisland,5.8,Delivered
2025-06-06,Central,Technology,Copiers,793.61,5.0,-96.8,Zachary Saunders,239db76f,9d805143-8,0.2,Brownmouth,18.47,In Transit
2022-08-28,South,Technology,Phones,63.36,5.0,9.7,Christopher Guerra,37858828,9116d283-5,0.0,West Kristinport,46.16,In Transit
2024-02-11,West,Technology,Machines,913.05,5.0,-17.56,Ryan Schneider,f6996020,f484741e-a,0.0,Mccarthymouth,24.37,In Transit
2022-10-16,East,Furniture,Tables,166.1,2.0,-23.93,Deborah Lawrence,014a5ab6,e497caed-3,0.0,Lake Juan,10.16,Delivered
2023-07-16,South,Office Supplies,Paper,821.75,7.0,-106.51,Thomas Cox,4e5a4bf7,842373ca-a,0.3,Johnstonhaven,17.95,Delivered
2024-11-05,South,Technology,Machines,805.01,7.0,-13.04,Teresa Brooks,d5e5bab5,10b04044-8,0.0,Jeremymouth,13.39,In Transit
2023-06-01,East,Furniture,Bookcases,545.81,9.0,-13.21,Ms. Amber Ward,2f02e2d7,01f2206a-c,,Kellyhaven,44.85,In Transit
2022-09-13,Central,Office Supplies,Labels,292.46,1.0,27.08,John Tapia,ca829928,f5f84b46-0,0.1,South Ashley,34.76,Delivered
2025-06-19,West,Furniture,Bookcases,345.42,5.0,79.78,Andrea Jensen,d0a36a3d,f01eaed2-f,0.3,Carterberg,11.63,Delivered
2022-09-11,South,Technology,Phones,310.0,8.0,45.12,Michael Moore,04eca1e6,63bb5458-f,0.2,West Christopherburgh,47.97,Delivered
2024-05-27,South,Technology,Copiers,71.92,7.0,-13.69,Timothy Reese,191eef51,99d5f680-f,0.0,Petersonmouth,22.97,Delivered
2023-07-22,Central,Office Supplies,Art,761.1,5.0,158.05,Daniel Hudson,cebc5d81,c3d14703-b,0.1,Ethanland,16.65,Delivered
2023-08-19,Central,Furniture,Furnishings,331.32,4.0,-28.11,Sara Stewart,cbfc888a,baacb681-f,0.0,East Scott,38.7,Delivered
2023-02-01,Central,Furniture,Bookcases,355.57,10.0,-69.43,Melissa Phillips,c304555a,2712f5af-9,,West Tracymouth,10.42,Delivered
2023-08-15,South,Furniture,Tables,220.16,1.0,-16.01,Christopher Oliver,30637bc9,d7712cbd-f,0.2,Scottfort,19.07,Cancelled
2024-03-08,Central,Furniture,Tables,99.75,4.0,,Todd Vaughn,cbc90f8e,5387bc7a-0,0.2,Moodychester,10.11,Cancelled
2024-12-23,South,Furniture,Tables,202.47,7.0,-36.78,Jason Wilcox,483c19d4,379d68ac-c,0.2,South Jacob,29.61,Delivered
2025-03-06,Central,Office Supplies,Labels,999.06,3.0,-59.12,Zachary Singh,f94dca07,4978e91e-6,0.0,West Deannaport,11.5,In Transit
2023-05-04,East,Office Supplies,Labels,88.51,10.0,6.02,Michelle Bonilla,837cf9cd,4b14daba-9,0.2,South Rhondaland,27.05,Cancelled
2024-10-09,East,Technology,Copiers,,6.0,,Barry Warren,f2b6023e,56b6ce38-4,0.0,Andersonmouth,32.34,Cancelled
2024-05-26,Central,Technology,Copiers,386.23,4.0,21.24,Heather Brennan,92f63ee2,799734d0-7,0.0,Morrisonfurt,24.22,In Transit
2022-12-07,West,Technology,Phones,207.57,4.0,56.76,Jordan Bernard,51cbe579,41a1725b-1,0.0,Robertbury,11.93,Returned
2024-06-30,South,Office Supplies,Art,275.73,3.0,-27.72,Meredith Sutton,82b152e4,e3fb859e-7,0.0,New Deborah,34.47,In Transit
2024-09-24,South,Technology,Accessories,,8.0,-2.68,Joshua Howard,7a51e0a6,3ba63b27-9,0.2,Juarezshire,22.75,In Transit
2024-12-21,Central,Furniture,Bookcases,349.42,1.0,2.77,Michael Cross,05c636ee,87ff5c4e-f,0.1,Margaretton,12.49,Cancelled
2023-04-01,West,Technology,Accessories,467.41,,82.17,Todd Callahan,2be610c0,74c9521a-e,0.2,Amyville,41.84,Delivered
2024-06-14,Central,Furniture,Bookcases,,2.0,-28.6,Tracey Medina,426dcd74,d8e6e2e1-b,0.0,South Andreaside,8.9,Cancelled
2023-06-26,Central,Technology,Phones,768.5,1.0,-59.03,Donna Morrison,45ff77a3,b529b5ce-3,0.2,Brandystad,50.0,Cancelled
2023-03-06,Central,Technology,Copiers,,8.0,-21.5,Paul Fowler,c1dd221d,399851ff-d,0.3,North Ericchester,21.44,Delivered
2024-01-26,Central,Office Supplies,Art,280.59,6.0,-18.3,Tammy Walls,1b414101,229fe6f9-e,0.1,Susanmouth,48.73,Delivered
2023-01-10,Central,Furniture,Furnishings,483.56,3.0,,David Le,4f04bb57,31c0ce72-2,0.0,New Tracey,36.26,Delivered
2025-06-12,West,Office Supplies,Binders,510.83,9.0,72.14,Tamara Carter,9719d4d7,d08d193a-1,0.0,South Jameshaven,45.47,Delivered
2022-08-26,West,Technology,Phones,814.34,7.0,-157.2,Jamie Huffman,24b3ba17,d2c6a7e3-0,0.0,North Autumnville,26.03,Delivered
2024-03-06,Central,Office Supplies,Art,393.61,8.0,,Sara Dominguez,113be8b2,84d90c3d-0,0.2,Rossborough,26.24,Cancelled
2024-03-20,Central,Furniture,Chairs,982.53,4.0,59.63,William Proctor,8f4cfe46,714df438-1,0.1,New Martinland,,In Transit
2023-08-24,East,Technology,Phones,107.3,,22.39,Robert Ali,c799c5bb,8d56a204-8,0.0,East Michael,48.83,Returned
2023-11-27,Central,Technology,Accessories,86.54,1.0,19.69,Holly Arnold,821d709f,82249ecf-3,0.3,Williamton,45.67,Cancelled
2022-11-19,West,Technology,Copiers,263.31,10.0,-47.5,Jessica Chan,0ccb38b0,9d0de0e4-c,0.2,Martinstad,37.99,Delivered
2025-04-20,Central,Office Supplies,Paper,626.97,6.0,-36.51,Charles Jenkins,caf31c97,b8cf8eb9-8,0.2,North Heather,29.9,In Transit
2023-09-11,Central,Office Supplies,Art,601.59,4.0,173.14,Eric Lee,49d9a779,59900e91-f,0.0,East Kevin,17.5,Delivered
2022-07-28,Central,Furniture,Bookcases,802.95,5.0,,Andrea Russell,45d8b60f,72f4ed85-d,0.0,Lake Paigeport,15.22,In Transit
2024-08-17,Central,Technology,Copiers,366.62,2.0,-50.26,Eric Richardson,4b98e77c,d2dc2fea-d,0.0,Victoriaview,22.86,Delivered
2025-02-24,West,Furniture,Furnishings,291.21,7.0,-6.17,Charles Galvan,7c9da9c5,4d0b4c1b-3,0.3,Oconnellstad,9.38,Cancelled
2024-07-12,Central,Furniture,Bookcases,274.97,2.0,-16.89,Michelle Johnson,e75b1ed0,a92dcdc8-e,0.1,North Michael,17.6,In Transit
2023-05-28,West,Office Supplies,Labels,609.87,2.0,132.13,Antonio Macdonald,45306060,d6bbea7e-c,0.1,Lindastad,42.06,Delivered
2024-07-14,Central,Office Supplies,Labels,394.44,,-66.64,Larry Ferguson,2154c2f5,41401563-2,0.0,New Rachelshire,10.69,Delivered
2024-06-08,South,Office Supplies,Art,979.05,4.0,110.83,Rebecca Wright,2f58cb37,1a1f03f5-2,0.0,Simsstad,28.26,Delivered
2024-10-14,Central,Office Supplies,Art,320.8,8.0,,Tina Elliott,7d2b5d0e,d118087a-e,0.3,Roseberg,25.99,Returned
2024-02-22,South,Office Supplies,Binders,861.87,2.0,175.79,Garrett Johnson,49f5feb7,003efc97-6,0.1,New Rachel,39.74,Delivered
2025-05-12,West,Furniture,Chairs,145.86,5.0,33.85,Thomas Mills,bc7461e7,b3623804-7,0.0,East Christopherfurt,26.33,In Transit
2023-01-02,West,Furniture,Chairs,879.87,2.0,-50.66,Adam Hines,47b71ca5,88535f2b-4,0.1,Port Andreafort,,Delivered
2024-04-27,South,Office Supplies,Binders,765.8,7.0,188.52,Garrett Mcconnell,66c9887e,4c1de88f-d,0.2,West Joseph,45.5,In Transit
2024-11-21,South,Technology,Machines,66.01,8.0,12.14,Jenna English,b0df1bb4,82e8a37b-7,0.0,South Jason,28.03,Delivered
2025-06-15,Central,Furniture,Chairs,305.61,3.0,-9.36,Sarah Keller,74dbaea3,50a6832c-d,0.0,Palmerview,39.77,Delivered
2025-01-28,West,Office Supplies,Labels,242.72,6.0,33.13,John Haley,f8dc38f9,dbba28cf-0,0.1,Vanessashire,15.36,Delivered
2023-07-22,East,Technology,Phones,697.68,6.0,172.79,Joshua Simon,ff171a95,d311ef7f-0,0.0,Port Robertmouth,5.33,Delivered
2023-07-17,East,Technology,Accessories,402.94,6.0,2.25,Catherine Dunn,c84652a5,1a17508a-8,0.1,Madisonfort,26.16,Delivered
2024-10-01,East,Technology,Machines,759.46,10.0,-6.26,Angela Moore,7c0447de,64648f49-7,0.0,West Robert,25.33,Delivered
2024-04-09,East,Office Supplies,Labels,805.96,9.0,120.08,Kaitlyn Tucker,28b73238,82123914-e,0.0,Richardsonfurt,5.77,In Transit
2025-03-14,South,Furniture,Chairs,549.36,1.0,132.06,Lindsey Mcpherson,1520d484,a46ee6a0-e,0.0,West Geraldville,33.66,Delivered
2023-08-11,East,Furniture,Furnishings,659.74,6.0,75.45,Megan Jackson,e8f1bc15,612a60f2-d,0.0,West Kirkland,40.8,Cancelled
2022-12-10,South,Office Supplies,Art,62.34,5.0,-6.53,Darryl Scott,5f981cfa,88d0631c-2,0.0,Jacksonton,34.16,Delivered
2023-11-01,West,Technology,Phones,,9.0,-74.6,Stephanie Brooks,1223051d,cbdd81c4-c,0.1,Thompsonton,10.11,Delivered
2025-01-08,East,Furniture,Furnishings,487.4,8.0,124.76,Lisa Harris,f2e1bf56,71d27125-a,0.0,New Brandon,44.55,Delivered
2024-04-27,West,Office Supplies,Art,129.16,10.0,-0.28,Nathan Torres,9c20222b,4dc165bd-f,0.3,New Candaceside,10.5,Delivered
2023-04-26,Central,Technology,Accessories,547.91,3.0,14.83,Kimberly Bishop,16c9e06c,f63e0c6f-4,0.0,Bushville,16.88,Cancelled
2025-04-17,West,Furniture,Chairs,844.47,10.0,221.19,David Simmons,9595f9ec,74826fee-8,0.1,Port Jessebury,8.94,Delivered
2025-05-16,South,Technology,Phones,821.81,4.0,160.93,Ronald West,a6d2568f,bde7bac1-c,0.0,Mccarthyview,18.45,Delivered
2024-03-05,South,Technology,Copiers,229.36,10.0,45.34,Chad Webb,6f3435c3,701b763b-0,0.0,East Phillip,19.55,Delivered
2023-09-29,East,Furniture,Chairs,762.77,10.0,32.24,Richard Johnson,c9893ed9,00318b65-9,0.1,Victormouth,44.64,Delivered
2022-09-17,East,Technology,Accessories,790.23,3.0,43.33,Teresa George,fd0d437f,e2c239ec-4,0.0,Lake Jessica,20.24,Delivered
2023-02-01,East,Office Supplies,Binders,919.99,7.0,268.93,John Logan,9dab207a,35e87448-4,0.0,North Jenniferberg,5.07,Delivered
2025-07-03,East,Technology,Phones,471.01,7.0,118.77,Charles Anderson,25c40a00,fdbe5609-7,0.2,Cainville,19.61,Delivered
2023-05-07,South,Office Supplies,Paper,376.71,3.0,-12.59,Kelly Jenkins,b87fedbc,9f77a755-4,0.3,Wilkinsonchester,34.95,In Transit
2022-10-23,South,Furniture,Tables,,3.0,-56.05,Connie Ruiz,f857928b,4acaa69f-f,0.1,North Timothy,,Delivered
2023-01-21,South,Furniture,Chairs,552.95,2.0,14.95,Calvin Flores,29f83a1d,344b3267-8,0.2,South Denisetown,27.21,Delivered
2024-04-04,West,Furniture,Bookcases,100.95,7.0,-7.9,Matthew Stephens Jr.,306ca514,9a532bc3-a,0.2,Brandonview,44.09,In Transit
2023-11-26,East,Technology,Machines,263.08,3.0,22.91,Dr. Kimberly Meyer,b862b2a6,4e633abc-f,0.2,Kathyton,34.72,In Transit
2023-12-15,West,Office Supplies,Binders,383.1,6.0,8.97,Robert Woods,b1995fcd,c5217f7f-8,,Allisonside,35.62,Delivered
2023-11-25,Central,Technology,Accessories,748.29,5.0,102.13,Jonathon Myers,3a603349,3458e288-1,0.0,East Andrew,29.3,Delivered
2023-10-10,West,Office Supplies,Art,864.43,10.0,-120.41,Michael Cardenas,faf9c909,5b808fe8-4,0.1,Newmanstad,20.32,Delivered
2024-08-23,South,Office Supplies,Paper,972.34,2.0,-93.16,Tina Maldonado,9b086c7b,f7283e4f-f,0.0,Annaberg,18.69,Returned
2023-06-22,West,Office Supplies,Labels,230.83,9.0,56.99,Richard Benson,4c6535fe,d79a0824-2,0.0,Port Hollyland,37.44,In Transit
2025-04-30,East,Furniture,Bookcases,827.59,2.0,29.18,Zachary Acevedo,5d741fe7,918760e7-a,0.0,Robertmouth,,Delivered
2024-05-20,Central,Technology,Phones,347.06,,61.22,Nicole Clark,59c0877e,5b12f9db-5,,North Katelynland,5.94,In Transit
2024-02-02,West,Office Supplies,Labels,21.04,2.0,-0.38,Erika Montes,3fd9db96,e0dbc862-6,0.0,Port Nicole,17.94,Delivered
2023-01-11,South,Furniture,Tables,,,-64.0,Paul Barry,993aa59a,3d7212b7-3,0.0,Donnaton,8.13,In Transit
2023-09-19,East,Furniture,Bookcases,249.04,10.0,53.09,Michael Conley,dcb8fe34,b6355723-b,0.1,Rhondafort,35.66,Delivered
2025-02-21,Central,Technology,Copiers,106.68,3.0,28.85,Darryl Davis,7e928c7d,1d1c06d0-6,0.1,South Aprilton,48.12,In Transit
2022-12-30,Central,Office Supplies,Labels,328.04,6.0,10.66,Devon Young,ede5f2a1,20fb8d7f-2,0.0,Sheilachester,17.33,Delivered
2023-09-27,West,Furniture,Bookcases,436.58,7.0,-4.51,Zachary Hamilton Jr.,048c3093,da2aeef6-f,0.0,Louistown,49.04,Delivered
2023-05-30,Central,Technology,Machines,928.14,9.0,104.8,Samantha Thomas,b8ed933e,5d22133a-9,0.2,West Mary,28.83,Cancelled
2022-10-19,East,Technology,Phones,807.32,7.0,130.9,Michelle Guzman,90d8db58,8c3a484e-8,0.0,Port Julia,15.68,Delivered
2023-01-10,East,Technology,Copiers,772.09,6.0,-93.76,Luke Lester,7bf1f454,7a910444-d,0.0,Port Tiffany,29.12,Delivered
2024-12-07,South,Office Supplies,Labels,930.72,,180.68,Emily Carlson,be34ff37,3ed04497-d,0.0,Port Darren,21.37,In Transit
2022-09-20,South,Technology,Accessories,320.15,10.0,24.88,Phillip Herrera,10503288,07aae420-1,0.0,Zhangton,44.85,Delivered
2024-09-19,South,Office Supplies,Labels,589.66,7.0,-13.96,Tonya Harrison,5fb116de,bca6a328-2,0.2,Port Josemouth,45.44,Returned
2023-10-25,West,Furniture,Bookcases,749.52,4.0,-20.5,Kristin Austin,cca16646,e642c7be-f,0.0,North Michelletown,20.33,Delivered
2024-04-01,East,Furniture,Tables,345.41,4.0,55.59,Brandon Beltran,36b42503,4f4d6100-9,0.2,East Tinamouth,8.21,Delivered
2024-06-24,East,Technology,Phones,100.31,,,Jennifer Hart,24b37ebd,c370de45-b,0.1,Rebeccaburgh,31.44,Returned
2024-08-02,East,Technology,Accessories,128.67,10.0,-5.06,Andrew Brooks,048b634a,47960ac9-f,0.0,East Michaelville,43.24,Delivered
2023-08-03,South,Technology,Copiers,144.3,1.0,4.41,Brittany Lopez,604ec290,ccb82b42-f,0.2,Michaelberg,,Returned
2023-09-06,West,Technology,Machines,312.86,4.0,91.45,Steven Green,567dc6c3,339063c6-f,0.2,Amandahaven,34.33,Delivered
2024-11-03,West,Office Supplies,Labels,398.63,9.0,80.57,Jonathan Mills,5a05b7f5,4efe66d7-3,0.0,East Sherri,18.74,Delivered
2025-05-07,South,Office Supplies,Paper,63.31,3.0,3.38,Kenneth Martinez,c6836643,17dd9e01-9,0.0,South Kayla,47.46,Delivered
2024-08-10,South,Office Supplies,Art,615.19,3.0,55.23,Thomas Newton,058aa02f,069a280d-f,0.0,North Kristin,26.03,In Transit
2022-10-13,West,Technology,Phones,933.29,2.0,-36.29,Christopher Galloway,5db1b6d6,0d550bd8-3,0.3,Nancyburgh,34.31,Delivered
2025-05-20,Central,Technology,Phones,951.21,,92.27,Sandra Huynh,5f372ae5,50c6cc2d-d,0.0,Grantside,14.06,In Transit
2025-01-03,West,Furniture,Tables,116.97,4.0,1.55,Alan Collins,8dd1b51d,41f695da-5,0.3,Danafurt,18.72,Delivered
2023-05-06,South,Technology,Phones,786.13,7.0,-27.67,Andrea Daugherty MD,f72278ba,52652690-f,0.2,Amyview,17.57,In Transit
2023-12-22,East,Office Supplies,Labels,24.74,4.0,-2.3,Victor Stewart,ba6baaa9,6a7bd150-5,0.1,North Jacob,39.26,Delivered
2022-10-30,South,Furniture,Furnishings,799.43,1.0,-108.99,Gregory Mclean,d2ca5804,e8dee4d6-a,0.0,Tinaton,46.38,Cancelled
2023-11-30,East,Furniture,Bookcases,867.11,6.0,-94.65,Deanna Hoffman,ea6c53eb,6d100e2c-d,0.2,Sylviahaven,7.85,Cancelled
2025-05-05,West,Furniture,Furnishings,809.98,6.0,86.43,Ashley Grant,62765cec,bfb2d8cb-7,0.1,Annefurt,8.04,Delivered
2022-08-08,Central,Office Supplies,Labels,33.06,2.0,-5.69,Ashley Joyce,8933715b,48287bd3-f,0.0,Lake Bradleyshire,8.28,Delivered
2024-07-15,South,Office Supplies,Paper,635.61,4.0,,Jacqueline Garcia,f0b01b68,d1f3b8e9-e,0.1,Roberttown,13.17,Delivered
2024-12-10,East,Technology,Machines,87.19,9.0,-5.73,Anthony Forbes,cfb96dd7,8e1c3e61-a,0.1,Dennismouth,18.97,Returned
2024-01-23,West,Furniture,Tables,810.14,2.0,159.61,Paul Rosales,6f7f2a10,e21de554-f,0.1,South Andrewborough,47.22,Cancelled
2022-10-17,Central,Furniture,Chairs,550.59,3.0,41.85,Trevor Schmidt,bd00a4da,0450d9c2-a,0.2,Sandramouth,31.27,Delivered
2024-11-03,West,Technology,Accessories,793.58,3.0,-47.02,Jacob Collins,d51d1f00,be14a56b-0,0.0,Sarahchester,36.88,Delivered
2025-03-11,West,Office Supplies,Paper,149.45,7.0,32.2,Dominic Howe,aa1feba2,e984ec8b-7,0.0,Smithview,35.73,Delivered
2023-02-18,East,Furniture,Chairs,219.81,7.0,-20.55,Nicholas Meyer,675385a4,34e67c53-5,0.1,Christineberg,5.11,In Transit
2024-01-01,Central,Furniture,Bookcases,695.31,8.0,-114.29,Anthony Stevenson,176e5879,f119f8d3-0,0.3,Emilystad,22.05,Delivered
2024-04-01,South,Office Supplies,Paper,622.33,1.0,-111.69,Tara Fox,9e29e103,96c70a0c-f,0.0,South Williamfort,21.52,Returned
2024-02-08,East,Furniture,Chairs,388.34,2.0,55.61,Amanda Mcintosh,91d0af07,cdc38160-0,0.0,West Brandi,9.1,Delivered
2022-07-18,East,Office Supplies,Paper,139.22,,4.74,Steven Wells,eeff0329,b05a133f-2,0.0,Leeburgh,13.63,In Transit
2024-04-12,South,Technology,Machines,58.32,2.0,17.01,Anna Sanders,b80a7917,cc88b0ea-f,0.2,New Haleyport,27.9,In Transit
2022-11-16,South,Technology,Machines,556.02,7.0,,Walter Peterson,823ade7c,ea6ba45c-f,0.0,Bensonberg,32.77,Delivered
2023-07-21,Central,Office Supplies,Paper,334.94,5.0,53.28,Scott Hill,7cd8a32f,fcba56b2-8,0.2,Ellisport,38.41,Delivered
2023-01-12,Central,Office Supplies,Paper,159.08,7.0,16.96,Jonathan Miller,a4170246,44e4118e-d,0.1,Lake Margaret,26.81,In Transit
2022-10-29,Central,Furniture,Furnishings,260.76,1.0,58.13,Jonathan Sims,9baca773,a96af68e-f,0.3,West Jose,18.64,Cancelled
2024-06-01,West,Technology,Phones,736.93,10.0,122.62,Patricia Harper,6cbc9daf,29ab08ac-2,0.0,West Greg,16.85,Delivered
2024-12-14,East,Furniture,Bookcases,940.58,10.0,-77.15,Erica Waller,11d03d48,79237b7e-8,0.3,East Alexborough,22.27,Delivered
2023-07-03,West,Office Supplies,Paper,445.39,4.0,-15.54,Stacey Evans,d0afd383,5ad859c3-d,0.0,West Elizabeth,31.69,Delivered
2025-06-16,West,Technology,Copiers,925.0,2.0,-36.52,Christopher Martinez,7b926de3,5fd09b77-8,,Glorialand,13.12,In Transit
2023-01-04,South,Furniture,Furnishings,880.67,1.0,,Rachel Guerrero,79ad0ce7,983b4095-f,0.0,Lake Tonimouth,21.72,Delivered
2023-12-04,East,Office Supplies,Binders,586.5,2.0,7.75,Linda Mejia,89742c2a,3adf35c1-1,0.1,Sarahburgh,20.95,In Transit
2022-12-10,South,Office Supplies,Paper,100.8,7.0,-2.93,Natasha Cochran,de39ab73,ce37ba2f-e,0.0,Tammybury,28.86,In Transit
2022-12-31,West,Office Supplies,Labels,570.7,,-29.98,Kyle Jackson,83c340e7,2df706e0-c,0.0,Johnsonberg,5.0,Delivered
2023-10-28,West,Office Supplies,Binders,,4.0,106.79,Kathleen Decker,9bbca3fe,739fa071-a,0.0,Lake Jackland,10.84,Delivered
2023-10-26,Central,Technology,Accessories,892.61,4.0,188.97,Sarah Petersen,7b9267d2,99350854-9,0.0,South Robert,47.98,Delivered
2023-05-15,East,Office Supplies,Paper,733.34,3.0,14.89,Regina White,f5c37a5b,efcb33a7-c,0.2,Nealfurt,43.7,Delivered
2024-10-19,South,Office Supplies,Labels,51.35,1.0,-10.25,Tyler Peterson,2a7d2328,a533e245-a,0.0,South Christopherport,18.54,Delivered
2025-06-30,East,Furniture,Tables,131.17,3.0,-16.0,Sherry Fuentes,facc34db,ee0f7123-3,0.2,North Brandontown,17.92,Delivered
2023-11-19,South,Furniture,Chairs,33.77,7.0,1.03,Amy Turner,66567359,37f8bf90-c,0.3,East Sandraview,6.07,Delivered
2022-12-26,Central,Furniture,Furnishings,16.58,2.0,0.71,Donna Daugherty,054704e2,66d91a59-9,0.1,Walkerton,44.82,In Transit
2024-06-07,East,Furniture,Tables,303.74,2.0,81.86,Brendan Evans,b7a5654d,4b6adc9b-f,0.2,West Christineburgh,26.4,In Transit
2024-12-13,East,Technology,Machines,,5.0,-16.14,Donald Quinn,e699cd1a,33d29805-e,0.0,South Susanborough,41.53,In Transit
2023-07-01,South,Furniture,Furnishings,20.76,,4.58,Kathleen Lindsey,46722ad6,a55c44c8-d,0.0,West Amanda,42.14,In Transit
2022-10-28,South,Furniture,Tables,802.71,3.0,-143.13,Sara Carlson,feb33625,9de150d0-5,0.0,Westside,25.76,In Transit
2025-02-04,East,Office Supplies,Art,459.98,4.0,21.83,Catherine Parks,d641ed1d,f8a27430-9,0.1,North Anthonystad,5.35,In Transit
2025-06-04,West,Office Supplies,Labels,123.11,1.0,-7.18,Kayla Wiggins,fb91a4ce,0ed15c71-5,0.0,Cordovafurt,11.76,Delivered
2022-10-10,Central,Furniture,Bookcases,87.33,10.0,-4.45,William Tran,3ccb9710,8a40e9d2-6,0.0,Petersenborough,13.68,Delivered
2024-04-25,West,Furniture,Bookcases,229.63,7.0,20.12,Jennifer Rodriguez,ffcaad30,0d29d31e-8,0.0,West Emily,7.83,Delivered
2025-04-09,West,Technology,Accessories,756.68,,12.59,Emily Cruz,1f4f796c,1729e21a-0,0.0,Burnsberg,49.92,In Transit
2024-04-11,East,Office Supplies,Labels,12.01,8.0,-0.61,Emily Blackburn,04d7fd19,33501437-3,0.2,Codyfurt,6.9,Delivered
2025-01-03,East,Technology,Machines,428.78,8.0,0.75,John Garcia,a385518a,f69ddafc-e,0.2,Lake Ryanfurt,18.18,Delivered
2023-04-19,Central,Technology,Machines,455.73,10.0,25.02,Philip Knight,3dc677ce,8f9cf7eb-3,0.0,Jordanbury,17.11,Delivered
2022-11-07,South,Technology,Machines,232.07,2.0,-23.04,Carla Shaw,1aaf5d8a,53241415-0,0.0,Ruizchester,45.39,Delivered
2024-01-09,South,Furniture,Chairs,608.9,7.0,-7.9,Mary English,6e5cd3c7,5437643d-5,0.0,Gonzalesborough,14.49,Cancelled
2023-05-11,West,Office Supplies,Labels,561.13,9.0,-90.59,Kenneth Olson,0cdfb363,7a586048-3,0.0,Nicholemouth,9.19,Delivered
2023-03-23,South,Office Supplies,Paper,970.95,5.0,248.84,Leah Esparza,ff8eff1a,0fb27bb1-c,0.0,West Ashleymouth,22.91,Delivered
2023-01-21,Central,Office Supplies,Paper,198.57,2.0,33.32,Tara Fowler,3bebd59d,01abd806-e,0.2,Murphyport,43.64,Cancelled
2022-12-07,Central,Technology,Machines,227.04,10.0,,Yolanda Jackson,10444bf0,48b26eb6-4,0.1,East Cynthiaburgh,14.89,Delivered
2023-01-12,South,Office Supplies,Paper,899.07,7.0,163.48,Kelly Sanchez,5860e3fc,9de1d513-7,0.0,South Billy,13.18,Delivered
2023-05-20,West,Furniture,Furnishings,596.39,2.0,-43.79,Natasha Curtis,5e2ce150,ffc22c1a-3,0.3,Campbellborough,10.04,Cancelled
2025-01-25,East,Furniture,Bookcases,325.25,6.0,34.58,John Jackson,2a4a0578,51807fcd-3,0.0,East Jeffreyport,46.93,Delivered
2025-01-11,East,Office Supplies,Paper,211.5,1.0,7.33,Paul Grant,de6fa065,9e4636b3-0,0.1,Goodwinbury,29.61,In Transit
2022-10-10,South,Office Supplies,Paper,76.81,,-9.33,Shirley Macdonald,7c1db00f,50ea1f08-8,0.1,South Rebecca,13.44,Delivered
2025-03-15,South,Furniture,Chairs,947.54,8.0,-115.17,Christopher Harrell,4d8378a0,99a37438-e,0.0,Davidburgh,27.06,Delivered
2024-11-16,South,Office Supplies,Binders,814.97,9.0,-88.11,Brian Wood,08ca0610,93750106-d,0.0,North Charlesborough,13.08,Delivered
2023-12-04,South,Office Supplies,Labels,637.27,4.0,151.65,Mark Ferguson,369ffe1d,8d779cc7-c,0.0,Lake Veronica,45.35,Delivered
2024-12-15,Central,Technology,Accessories,594.21,10.0,-34.79,Wesley Day,288d8490,ec45070a-0,0.0,New Jennifer,35.61,Delivered
2025-05-01,East,Furniture,Furnishings,851.79,1.0,156.62,Patricia Morrow,9bc08d1a,5aa208bd-c,0.0,New Cindyshire,40.84,Cancelled
2023-05-24,East,Office Supplies,Art,,6.0,-151.49,Laurie Hahn,4bfe9b8b,1db8f334-9,0.1,Blakechester,47.62,Delivered
2024-06-04,East,Furniture,Bookcases,921.57,2.0,-14.45,Wyatt Wood,c140c002,de7d3b44-3,,East Andrew,26.77,Delivered
2024-05-22,West,Office Supplies,Binders,65.56,3.0,-3.56,Jeremy Smith,346355c8,9d9e00be-2,0.0,Sandersside,15.12,In Transit
2023-11-05,West,Furniture,Chairs,425.91,3.0,36.45,Rickey Parks,5760fd42,114a9b12-2,0.1,Wrighttown,8.95,
2023-06-29,East,Office Supplies,Labels,920.48,7.0,216.13,Bethany Bell,4b6cf8fd,57afe360-f,0.0,Kennethview,36.83,In Transit
2024-01-23,West,Office Supplies,Labels,198.86,9.0,,Ann Hayes,c0609cc1,0da79294-6,0.3,Jeffreychester,10.06,Delivered
2023-02-01,Central,Technology,Phones,722.98,10.0,5.54,Richard Hopkins,ba8e4fcc,9cbf693a-2,0.2,Anthonystad,17.2,In Transit
2025-06-22,South,Office Supplies,Binders,476.18,4.0,-54.76,Barbara Smith,79ca2da3,ac31115b-1,0.3,South Carmenhaven,36.02,Delivered
2024-10-06,South,Furniture,Tables,896.6,10.0,35.4,Luis Clark,640ee061,78d8a40d-8,0.1,Micheleton,46.74,Delivered
2022-12-25,West,Office Supplies,Art,820.99,1.0,-66.56,David Roberts,188be721,7986ad6b-4,0.0,Rachaelhaven,49.66,In Transit
2022-11-03,West,Furniture,Tables,108.68,3.0,9.96,Diana Burke,d6f2bd3a,33eb9163-a,0.0,New Lisa,,Cancelled
2024-03-27,West,Technology,Accessories,235.28,10.0,67.21,Brian Allen DDS,47bbc538,3f6db247-4,0.0,Jessicashire,42.99,Delivered
2024-11-06,East,Office Supplies,Paper,578.55,4.0,11.07,Mrs. Jessica Mullen MD,589359aa,4b1098fb-a,0.0,Smithview,26.42,Delivered
2025-02-05,West,Furniture,Tables,111.35,9.0,16.22,Samantha Taylor,8e25c8e2,4969f0eb-6,,Port Carl,32.94,Delivered
2023-11-20,South,Furniture,Chairs,56.86,6.0,-5.57,Emily Bell,71584200,7a04046a-c,0.2,West Heidi,45.01,Delivered
2023-01-20,South,Office Supplies,Art,892.67,7.0,162.02,Mike Cameron,cb609ccf,b505f4d8-7,0.0,Melissaberg,19.62,Returned
2023-08-31,South,Technology,Accessories,564.18,8.0,-109.28,Katie Gray,ccf18671,bfb45668-d,0.2,Alexanderland,27.5,Cancelled
2023-01-15,South,Technology,Machines,,8.0,-0.45,Kristin Glover,64b7eb4c,9824d99a-e,,Frankland,46.74,Delivered
2025-06-14,Central,Technology,Copiers,989.94,1.0,51.06,Theresa Baker,b2037a99,794b58b5-a,0.1,Richardsonfurt,9.13,Delivered
2022-10-24,South,Furniture,Furnishings,612.99,9.0,,Patrick Garcia,66ae6621,957926e0-1,0.1,South Christopherview,31.78,Delivered
2024-05-07,Central,Office Supplies,Binders,874.72,2.0,181.43,Joanna Smith,8d8d9cb1,4c0ae365-1,0.0,North Felicia,36.44,Delivered
2023-11-26,East,Technology,Machines,462.67,7.0,-29.22,Daniel Harvey,858748e4,b7fa6118-2,0.1,North Emilymouth,48.2,Delivered
2023-12-28,Central,Furniture,Tables,876.55,7.0,-120.41,Nicole Spencer,f570ff84,bb4df58d-1,0.1,New Curtis,17.91,Delivered
2024-12-19,South,Technology,Machines,698.56,8.0,176.87,Isaac Porter,d8e011c9,5a77607a-3,0.0,South Josephside,19.31,Delivered
2022-11-14,Central,Technology,Accessories,52.97,2.0,-1.05,Micheal Howard,83db0599,8771b287-f,0.0,Susanmouth,17.97,In Transit
2024-08-16,East,Office Supplies,Binders,564.48,10.0,53.72,Melanie Davis,e8ad2b45,aed42bb8-5,0.3,North Robert,12.84,Cancelled
2024-09-29,Central,Furniture,Furnishings,358.99,9.0,-12.31,Teresa Williams,d056e8c9,53a5e137-2,0.1,Lake Veronica,38.99,In Transit
2025-06-07,South,Technology,Accessories,189.87,5.0,49.54,Tracy Baker,d1706bfa,3bb635f3-a,0.0,East Brandi,41.47,Cancelled
2022-08-05,South,Technology,Phones,620.32,2.0,-112.94,Veronica Roman,22531af2,cfb73209-8,0.0,Mercadochester,10.03,In Transit
2024-07-20,West,Technology,Machines,848.96,2.0,210.32,Brittney Dunn,b4c18361,b7f0a085-9,0.0,Aguilarmouth,32.76,Delivered
2022-07-27,South,Furniture,Tables,58.63,3.0,-6.05,Joshua Ross,ff14b4e8,d28f0c00-3,0.1,East Melissamouth,7.39,Delivered
2023-04-14,West,Furniture,Furnishings,702.17,,72.95,Mark Anderson,ead28232,b0ec139d-f,0.0,Andreaville,46.13,Delivered
2024-05-13,Central,Technology,Phones,12.28,10.0,0.48,Cindy Meyer,1103f6db,bd39ac48-c,0.0,Harperchester,15.29,Cancelled
2023-01-07,West,Technology,Accessories,,1.0,-131.35,Nathan Anderson,789a4806,4ebb6229-f,0.0,Raymondhaven,36.88,Delivered
2025-01-29,East,Furniture,Furnishings,513.58,9.0,124.24,Stephen Fisher,512a48e9,c63babba-1,0.0,Taylorland,10.88,Delivered
2024-04-08,Central,Technology,Phones,31.62,8.0,-2.94,Samantha Graham,f359a4d9,7147e5b7-f,0.0,Josephburgh,36.93,In Transit
2022-09-04,Central,Furniture,Tables,998.11,3.0,187.2,Gerald Davis,862a0e27,0fe16412-e,0.3,East Samanthafurt,6.87,In Transit
2023-08-03,Central,Technology,Phones,998.06,2.0,81.03,Paige Mckinney,b162108f,f63688f8-2,0.0,West Catherineview,48.38,In Transit
2024-04-06,West,Furniture,Chairs,621.47,1.0,-56.68,Robert Campbell,1f5482f9,0a770cf8-9,0.0,North Scott,44.66,Delivered
2023-02-26,West,Technology,Accessories,741.38,1.0,11.85,Tara Holmes,d485dc73,3d4f3ee0-e,0.0,West Jeffrey,8.89,Delivered
2024-06-26,East,Office Supplies,Binders,598.38,1.0,132.45,Alyssa Ruiz,f3d8cca9,53baa682-b,0.3,Kristenbury,18.54,In Transit
2025-01-02,Central,Furniture,Chairs,574.16,2.0,66.49,Danielle Perez,66350f8c,d08eef60-7,0.1,North Coreyburgh,9.86,In Transit
2023-08-07,Central,Technology,Accessories,808.9,6.0,-119.63,Michelle Cook,de0386b9,47fb6704-a,0.2,Marissaberg,29.27,Delivered
2024-07-09,East,Office Supplies,Labels,767.16,6.0,122.01,Cody Castro,aa2721d1,5cbd5286-e,0.2,Danielland,38.59,Delivered
2025-06-30,South,Office Supplies,Binders,730.41,10.0,-129.86,Nathan Garcia,441da331,3dcac84d-9,0.1,New Mark,48.17,Delivered
2023-12-20,West,Technology,Machines,673.44,10.0,-99.85,Andrew Rowland,e698b682,ed07460d-a,0.0,Smithport,,Delivered
2024-10-25,Central,Technology,Machines,127.4,8.0,4.63,Christina Small,47d4ec3e,5182c9e4-8,0.2,Lake Kelsey,11.83,Cancelled
2022-12-10,West,Office Supplies,Labels,280.97,5.0,-44.54,Rebecca Hunt,6fe2b115,e30e65c9-6,0.2,West Arthurchester,47.06,Delivered
2025-07-05,Central,Furniture,Furnishings,394.97,10.0,11.87,Karen Webster,40ec5ccc,60e8ef73-7,0.0,Lake Cody,26.49,Cancelled
2024-02-20,West,Furniture,Tables,743.55,7.0,-58.53,Joy Wu DDS,d684bf13,194c919e-2,0.0,East Ronald,33.89,Delivered
2024-01-05,Central,Technology,Copiers,914.16,2.0,184.88,Robert Adams,b5dce358,d8d2dd3a-b,0.2,Stephenhaven,43.29,In Transit
2024-11-23,West,Technology,Accessories,512.46,5.0,76.04,Kevin Rogers,c6a1480d,1824969b-7,0.0,North Kellyview,14.74,Cancelled
2023-12-19,South,Furniture,Bookcases,558.47,10.0,76.49,Jacqueline Hall,05211a56,5ba7bb6d-e,0.2,Wanghaven,44.19,Delivered
2024-03-24,East,Office Supplies,Art,810.29,3.0,80.37,Mrs. Susan Martinez,f303ce58,8002e72d-e,0.0,Stevenchester,30.64,Returned
2024-10-13,West,Technology,Machines,951.45,7.0,231.09,Whitney Smith,293b552d,cb9da378-3,0.0,West Elizabethmouth,49.75,Delivered
2023-06-01,West,Furniture,Bookcases,741.21,3.0,-4.26,Sandra Johnson,bf335cf9,c63131ee-a,0.1,Port Joshuaview,14.8,Cancelled
2022-10-12,East,Furniture,Tables,768.77,7.0,27.54,Jennifer Wilson,a12c4b84,97f9ac4e-2,0.2,Nancymouth,45.78,Returned
2023-04-12,East,Furniture,Chairs,396.39,3.0,-63.41,Bradley Brown,8030a690,20dc5c8a-0,0.0,West Cynthiaview,,Returned
2024-06-17,East,Office Supplies,Binders,855.62,10.0,19.89,Margaret Ortiz,f8800778,67f20de4-1,0.1,Lake Andrew,47.14,Delivered
2025-06-27,Central,Technology,Phones,101.14,,23.19,Devin Brown,9fb75a33,8abcf939-0,0.0,Guzmanfurt,10.69,In Transit
2024-09-17,South,Furniture,Furnishings,371.74,5.0,101.35,Sarah Leonard,341edacb,4d5322cb-2,0.0,Rubenfurt,34.78,Cancelled
2023-03-07,South,Furniture,Furnishings,355.23,5.0,33.75,Jerry Perry,616e0df8,6fc90d98-8,0.1,Robertton,18.21,Delivered
2022-10-09,East,Office Supplies,Labels,632.78,5.0,55.59,Dr. Robert Phillips,3f43b084,14284d3b-7,0.2,Morrisfort,35.05,Delivered
2024-10-24,East,Technology,Machines,398.64,2.0,-41.24,Wendy Taylor,d7eff146,e157e308-d,0.2,New Tracybury,27.29,Delivered
2024-07-29,Central,Furniture,Bookcases,130.18,2.0,28.34,Jon Rodriguez,0692945b,ddfa3b97-3,0.2,Gallagherstad,41.43,Delivered
2024-12-21,South,Office Supplies,Binders,905.61,1.0,210.55,Kathryn Garcia,97f4a472,8301b1fe-4,0.3,North Kevinburgh,5.99,Delivered
2025-01-31,Central,Technology,Accessories,517.84,1.0,-69.7,Rhonda Jarvis,f6680e57,64279689-2,0.0,Jacobside,43.0,In Transit
2022-09-16,South,Furniture,Bookcases,912.1,10.0,3.93,Rhonda Morrison,7f600f3c,9a8f739e-b,0.0,Frankfort,42.54,Delivered
2023-08-23,East,Technology,Phones,169.66,1.0,31.13,Margaret Shields,5611eaf5,03bb7634-4,,Ashleytown,44.0,Delivered
2024-01-31,East,Furniture,Bookcases,,,4.21,Andrea Lester,c1d476ac,22bd1e20-1,0.0,Darrenside,9.65,Delivered
2025-02-07,South,Office Supplies,Binders,839.35,10.0,-8.45,Jason Meyer,6591e761,5dc7d28f-b,0.0,Lake Sandraview,36.73,Delivered
2025-04-08,East,Furniture,Furnishings,151.06,1.0,5.93,Paul Clark,51627017,4be605a7-5,0.0,Lake Lisa,13.0,In Transit
2023-10-14,Central,Furniture,Tables,827.24,1.0,-102.4,Christine Sanchez,6d8d990a,0eec2ac3-b,0.2,Joshuaborough,6.0,Delivered
2023-09-15,East,Technology,Machines,895.12,2.0,250.79,Ana Johnson,cbb1cddd,d4f102fe-d,0.0,Johnsonhaven,27.91,Delivered
2022-08-14,West,Office Supplies,Art,37.24,3.0,-3.98,Julie Yang,72659499,336f9a81-9,0.2,,38.36,Delivered
2023-01-19,South,Furniture,Furnishings,848.52,3.0,-155.84,Gabriel Simmons,dcef1865,b02f3167-9,0.0,Thomasside,49.0,Delivered
2025-01-11,South,Furniture,Tables,824.4,8.0,131.18,Marvin Combs,8d693635,ba492c48-d,0.0,Lake Anthony,14.69,Delivered
2024-09-04,Central,Office Supplies,Art,445.49,1.0,18.52,Bobby Norman,0b4cc084,76f739f3-5,0.0,South Lisaton,15.92,Delivered
2023-08-21,Central,Office Supplies,Paper,458.56,3.0,40.65,Mr. Jason Mason Jr.,cfa49fb2,7a636349-e,0.0,Port Robertfurt,36.81,Returned
2024-08-01,West,Furniture,Chairs,177.33,8.0,-25.86,Lucas Williams,93a81ecf,8b9fbfa0-8,0.2,Maysberg,21.82,In Transit
2024-02-27,Central,Office Supplies,Art,855.01,5.0,-136.41,Katrina Jensen,eb933d64,9d3464ba-1,0.0,Nguyenland,30.0,In Transit
2023-07-13,South,Office Supplies,Paper,37.12,,1.83,Travis Andrews,5a819225,8c91737b-b,0.1,Shawnville,20.39,Delivered
2022-12-23,Central,Technology,Copiers,954.93,7.0,,Tyler Jordan,d71ef197,0b3e3af7-d,0.0,West Briannachester,38.48,Delivered
2025-04-19,West,Furniture,Furnishings,,2.0,62.44,George Cox,a4cac3c7,229e1fb2-0,0.2,Haysside,44.07,Returned
2024-02-23,Central,Office Supplies,Art,971.67,5.0,-107.88,Robert Smith,430238f4,66cbf7df-a,0.3,Ninaton,48.43,In Transit
2024-04-17,West,Office Supplies,Paper,633.44,10.0,-69.79,Travis Greene,6cbe5edb,639eb2dc-b,0.2,Port Stevenville,17.26,Cancelled
2022-08-09,Central,Furniture,Tables,503.48,4.0,68.18,Rodney Garza III,6df86d9e,a56ffad4-2,0.2,Port Joan,17.77,Delivered
2024-01-08,South,Office Supplies,Binders,184.92,9.0,20.95,Lindsey Kim,9e426469,8c4c0ac1-5,0.0,South Nicoleberg,10.93,Delivered
2023-03-29,South,Furniture,Bookcases,543.46,1.0,45.5,James Henry,76d0c042,01a66361-3,0.0,West Douglasport,24.11,Delivered
2022-11-14,Central,Technology,Phones,777.27,3.0,181.38,Jessica Vance,1d73adfb,c1a25815-9,0.1,Laurenland,42.46,Delivered
2023-08-07,Central,Furniture,Bookcases,865.81,8.0,-135.59,John Reynolds,5f046851,8859254b-7,0.0,New Michelemouth,19.77,Delivered
2023-09-04,South,Office Supplies,Art,901.13,5.0,20.66,Johnathan Walter,c316493e,99445c20-3,0.1,Peterschester,21.29,Cancelled
2024-04-27,East,Technology,Machines,891.57,9.0,-84.21,Paul Goodman,3184f556,9bcda1aa-4,0.0,Bradfordfort,35.41,Delivered
2023-04-18,East,Office Supplies,Labels,741.96,9.0,-87.34,Michael Turner,189a0c03,8dab5b44-2,0.1,Christopherhaven,5.99,Returned
2024-07-25,Central,Technology,Copiers,663.57,7.0,184.91,David Mejia,ca7cd4a3,dc45b5cc-2,0.0,North Catherine,27.12,In Transit
2025-02-15,Central,Office Supplies,Labels,289.32,9.0,43.21,Jamie Woods,995948b9,2cc6c50a-9,0.2,Matthewburgh,8.33,Delivered
2025-01-22,Central,Office Supplies,Paper,752.08,5.0,,Derek Mccormick,db218fbc,6944b2e2-c,0.0,Sarahton,17.83,Delivered
2024-07-09,West,Technology,Machines,747.84,7.0,3.55,Curtis Newton,40e78a59,d304a41f-b,0.1,,29.14,Delivered
2024-04-02,South,Furniture,Chairs,678.3,9.0,93.39,Sherry Brown,82f8e252,76de6798-6,0.0,Toddstad,20.27,In Transit
2022-12-16,West,Office Supplies,Paper,417.34,6.0,10.41,Aaron Sanchez,0655fb3e,67d8bc6b-a,0.1,Beckerside,12.51,Delivered
2023-04-08,West,Office Supplies,Paper,400.98,7.0,-54.61,Emily Kirk,6920297b,73d0f402-3,0.0,New Noahfurt,14.18,Returned
2024-10-30,East,Technology,Copiers,570.51,6.0,107.64,Julie Caldwell,14c6c014,dd14e304-7,0.1,Angelaville,13.86,In Transit
2023-04-15,South,Furniture,Chairs,41.88,10.0,-6.31,Tyler Norton,04eef22a,674645ca-e,0.1,Tracyville,28.49,In Transit
2023-05-31,Central,Technology,Accessories,209.84,7.0,-40.66,Anna Bell,aed41a24,d2eb7335-1,0.0,Michelebury,14.33,Delivered
2024-10-26,South,Office Supplies,Paper,285.85,2.0,61.2,Bryan Hays,70cf9bf2,918ff0e1-d,0.0,North Danny,11.33,Delivered
2023-06-05,West,Technology,Copiers,54.51,3.0,-1.78,Emily Garcia,cbda54bc,b0eaf5c3-4,0.3,New Nicole,15.84,In Transit
2024-02-19,Central,Office Supplies,Paper,,5.0,96.03,Jamie Hall,f44cc79f,6ab9e136-5,0.0,Simpsonview,44.41,Delivered
2025-02-23,South,Office Supplies,Art,984.83,9.0,170.05,Cheryl Mcintyre,50f05097,6636072a-4,0.0,Gordonhaven,37.95,Returned
2025-06-26,South,Office Supplies,Art,591.52,2.0,16.52,Nathan Harmon,e5490a6c,8922ed0c-b,0.2,New Jenniferfort,38.22,In Transit
2023-02-20,South,Technology,Phones,393.83,,-66.94,Joshua Jones,8965ab17,309bffdb-9,0.0,South Ricardo,19.85,Delivered
2024-05-25,South,Office Supplies,Labels,427.11,4.0,127.69,Felicia Hancock,8a43ddde,d3e04ac9-d,0.0,Lake Marc,41.97,Delivered
2023-10-25,South,Office Supplies,Paper,508.01,6.0,,John Cortez,1d13dd1d,1d07e96a-9,0.2,Salazarshire,31.17,Delivered
2023-03-17,South,Technology,Phones,907.14,1.0,177.2,Mindy Brown,dd3c3706,9b0befd3-b,0.0,Port Kathrynshire,44.54,In Transit
2023-07-15,West,Technology,Accessories,72.67,8.0,,Nicholas Archer,7ffa2b0d,c2deb753-6,0.2,Alexanderfurt,29.28,Delivered
2024-08-14,South,Office Supplies,Labels,797.4,5.0,66.78,David Crawford,9437368a,e6e742d6-a,0.0,West Heidi,27.46,In Transit
2024-07-20,East,Office Supplies,Binders,213.47,1.0,44.89,Alison Martinez,c22f865a,dfb05000-5,0.2,North Kayleeport,36.82,Delivered
2023-10-17,West,Furniture,Bookcases,818.78,10.0,190.39,Melinda Jones,9a27d593,dc7d66a9-a,0.0,New Ryanhaven,11.59,Delivered
2025-06-04,Central,Furniture,Bookcases,157.29,2.0,-15.82,Deborah Williams,7a2851b2,b347991f-0,0.0,East Alexander,39.42,In Transit
2023-04-10,East,Technology,Accessories,711.23,5.0,-8.85,Richard Mckee,3018e52d,0eb4c9c3-c,0.0,North Patriciafurt,21.07,Delivered
2023-10-06,West,Technology,Phones,525.58,,127.29,James Munoz,a501ba31,a080fd93-4,0.3,Port Lori,35.98,
2023-04-03,East,Technology,Phones,289.86,6.0,-40.87,Jason Dean,2bf53613,19edf9a0-1,0.1,Williamtown,10.87,Delivered
2024-01-02,West,Technology,Phones,868.08,9.0,2.69,Ryan Smith,b3c1acdb,571066af-f,0.2,Teresachester,45.62,In Transit
2023-03-08,West,Technology,Machines,329.39,8.0,32.73,Anthony Sosa,28dc1ac2,3842630e-4,0.3,Markchester,23.25,In Transit
2024-11-28,Central,Technology,Machines,568.0,3.0,-104.22,Caitlyn Novak,b7da13d8,e96c96b4-3,0.0,South Kerri,13.89,Delivered
2024-07-30,West,Furniture,Bookcases,340.29,7.0,8.82,Hannah Burns,d304436b,f86f1b93-7,0.2,North Matthewview,10.55,Delivered
2025-02-14,Central,Furniture,Chairs,937.89,2.0,226.17,Shawn Wallace,493c63e4,089aa3c7-3,0.0,East Joshua,21.51,Returned
2024-01-30,West,Office Supplies,Art,784.49,6.0,42.74,Michael Williams,69fd7a08,b1d654d5-d,0.1,North Josephton,,Returned
2024-11-12,East,Furniture,Tables,57.6,1.0,2.6,Logan Ortiz,ebba1705,71bf303a-b,0.0,Stephanieberg,8.65,Cancelled
2024-03-03,West,Technology,Phones,550.25,8.0,-27.6,Adrian Chambers,87b713e7,4ecbf19e-1,0.1,Williamshaven,14.0,In Transit
2025-01-31,East,Office Supplies,Labels,784.54,3.0,-27.94,David Willis,f84ffcd0,cf5810fc-6,0.0,North Meghan,42.42,In Transit
2024-10-29,West,Technology,Phones,493.69,5.0,-27.58,Sarah Davis,b8079eb6,1742128a-f,0.2,North Clifford,25.11,Delivered
2023-05-01,West,Furniture,Furnishings,680.61,4.0,21.58,Rhonda White,fdfdd4b3,683231e2-c,0.1,Port David,47.66,Cancelled
2025-04-07,West,Furniture,Chairs,854.67,4.0,231.06,Cindy Herring,970f60e2,8b1e5887-a,0.0,Garzabury,39.34,In Transit
2025-03-08,South,Technology,Phones,602.41,9.0,15.62,Kyle Lucas,c56bbf08,4ce2d585-0,0.2,New Victoriachester,34.36,Delivered
2023-05-26,Central,Furniture,Bookcases,11.25,5.0,1.85,Heidi Conway,a185b753,40872d66-d,0.0,Cooperstad,15.37,Delivered
2022-11-17,South,Technology,Phones,386.49,2.0,50.01,Phillip Ellis,01b0ef36,b70a4e7c-a,0.0,Shannonbury,9.31,Delivered
2023-07-28,Central,Furniture,Chairs,325.13,4.0,11.06,Roy Davis,889d4366,8048b9fd-5,0.2,New Howardfort,23.92,Cancelled
2022-10-25,South,Office Supplies,Binders,784.34,8.0,47.53,Jose Valentine,1f3d646e,40cbf518-4,0.3,Lake William,45.22,In Transit
2024-04-16,Central,Furniture,Tables,496.31,7.0,21.58,Miguel Cortez,0d2303c7,50da5af9-3,0.2,Bellbury,40.66,In Transit
2022-09-27,Central,Technology,Phones,70.85,1.0,-0.91,Brittney Webster,010e592d,387f4019-d,0.1,North Jenniferburgh,39.23,In Transit
2022-08-31,West,Furniture,Furnishings,260.48,6.0,-34.78,Carla Houston,2951dc1a,9d79e703-e,0.2,Port Jeremyside,18.36,Delivered
2023-01-13,East,Office Supplies,Art,439.33,2.0,86.51,Zachary Fisher,4afd5d3e,6e632dd3-f,0.2,Tranland,41.78,Delivered
2024-11-27,West,Furniture,Bookcases,747.73,6.0,-16.52,Ryan Baker MD,5d7a9fbf,fac2e6da-3,0.2,Port Willie,41.16,Delivered
2023-07-28,West,Furniture,Chairs,907.06,6.0,27.6,Mr. Michael Mullen,683dd400,af69a2e5-3,0.0,Port John,10.82,Delivered
2022-07-26,West,Technology,Phones,,5.0,8.17,Peter Perez,c30fed4a,84ec1e6d-2,0.0,Danielsberg,18.02,Delivered
2022-10-28,Central,Technology,Copiers,623.73,6.0,-69.22,Juan King,16ea2445,30dcfcd9-2,0.2,Deanborough,32.28,Delivered
2024-01-15,South,Technology,Copiers,301.57,9.0,83.92,Sophia Evans,b432254d,f990dcd9-8,0.0,Robinsonchester,35.0,In Transit
2022-12-04,South,Technology,Copiers,265.41,5.0,35.51,Maureen Robbins,90827db6,53c772a7-d,0.3,Gordonmouth,13.54,Delivered
2024-06-07,West,Office Supplies,Binders,135.29,6.0,-24.51,Cindy Park,481fdefa,80a42903-a,0.0,Roystad,40.07,Delivered
2024-01-04,East,Furniture,Furnishings,236.62,6.0,58.66,Jacqueline Reed,90834662,7eac215b-1,0.0,Olsenmouth,40.06,Delivered
2025-04-12,West,Office Supplies,Paper,563.86,4.0,69.51,Donald Livingston,8ebbd6a7,114227ee-1,0.0,Nunezside,16.78,In Transit
2023-11-25,Central,Technology,Copiers,558.23,3.0,120.19,Mary Contreras,a70b9ce2,91fa40bf-4,0.1,,15.13,Delivered
2023-05-10,East,Technology,Machines,754.7,5.0,18.34,Robert Martin,206755be,d8cb5894-b,0.0,New Lisa,14.65,Delivered
2023-07-26,East,Furniture,Furnishings,239.02,8.0,29.13,Shelly White,653539bf,1996f4c4-b,0.2,Jefferyborough,32.92,Delivered
2025-01-11,East,Furniture,Bookcases,663.83,9.0,24.75,Mark Ashley,a27443c0,5f270ac7-c,0.0,Daleville,33.36,Delivered
2023-03-08,West,Office Supplies,Art,786.61,5.0,-64.66,Michaela Obrien,b1142afb,b67b73be-5,0.1,Anthonymouth,25.92,Returned
2024-06-27,Central,Office Supplies,Art,54.03,7.0,7.6,Travis Brown,4850b921,e7dfd4af-f,0.2,Martinburgh,16.74,In Transit
2022-12-18,Central,Furniture,Tables,72.67,3.0,5.0,Joshua Rios,01b769a9,d59503a6-1,0.0,Wongside,26.53,Delivered
2025-02-15,West,Furniture,Bookcases,71.02,9.0,2.04,Heather Wu,fcbabc06,f5f66ab5-e,0.0,North Jimmymouth,30.68,Delivered
2024-12-11,Central,Furniture,Bookcases,694.24,6.0,68.8,Kristine Sheppard,579f40bd,b68cb03c-5,0.0,Stricklandburgh,10.94,Delivered
2023-02-25,East,Office Supplies,Binders,944.71,6.0,248.0,Jennifer Wyatt,fc0b9efc,76623765-7,0.3,South Victoria,,In Transit
2024-11-21,East,Technology,Phones,799.89,4.0,201.97,Jeffrey Morgan PhD,c6a8cd5e,f881926c-a,0.0,West Ralphfort,,Delivered
2023-05-26,Central,Furniture,Furnishings,,8.0,-2.12,Samuel Park,8b41453e,9d5338a7-2,0.2,Katelynberg,8.29,Delivered
2022-12-12,Central,Office Supplies,Art,973.64,,194.68,Thomas Mccormick,3d41c19b,cb85dd5c-f,0.1,Lewisberg,30.76,Delivered
2024-06-30,West,Furniture,Chairs,679.84,,105.56,Julia Cardenas,5393afd5,36cf7b08-f,0.0,Port Scottside,39.02,Returned
2024-01-28,East,Furniture,Tables,448.2,9.0,-40.51,Laurie Maldonado,03ba9c92,e371c557-1,0.0,Hillbury,9.46,Delivered
2023-03-18,West,Furniture,Chairs,905.99,2.0,85.66,Tanner Carr,33e790ea,d9f2ef2f-c,0.2,Garrettborough,15.15,In Transit
2024-06-13,West,Technology,Accessories,516.0,8.0,107.27,Jessica Cook,2ccef76d,98d373f4-d,0.1,East Christopher,33.67,Delivered
2025-01-16,South,Technology,Accessories,,6.0,155.05,Charles Curry,bc93c9fa,8af457b3-3,0.3,Port April,40.18,Cancelled
2024-07-05,Central,Furniture,Bookcases,27.43,,-2.75,Cindy Page,f25fb1e1,372e7aef-1,0.2,Ashleyside,,In Transit
2022-12-14,West,Technology,Accessories,401.42,10.0,-3.5,Juan Washington,1b43e2ea,7d3f0991-9,0.2,Tuckerfort,14.03,Returned
2022-10-03,West,Furniture,Chairs,159.95,9.0,-31.13,Frank Williams,f3493bf0,84e54536-2,0.1,Robertmouth,46.05,Delivered
2024-11-27,South,Technology,Machines,674.2,6.0,186.26,Michael Johnson,34425d84,4ac40edb-5,0.3,East Garyborough,6.62,Delivered
2023-11-23,South,Furniture,Tables,245.75,5.0,23.33,Kerry Dominguez,6ede1640,5a669e5d-c,0.2,South Tonyafurt,27.96,In Transit
2022-12-21,East,Office Supplies,Art,912.04,6.0,102.86,Paula Carrillo,7354c77c,8497eac7-e,0.0,Lisamouth,46.69,Delivered
2024-04-23,West,Technology,Machines,283.86,4.0,-34.47,Christopher Warner,a1b63c26,1ded31ec-e,0.2,,46.48,Cancelled
2024-01-20,Central,Technology,Phones,6.73,9.0,0.65,Fred Clark,48a719d9,c2b46bf1-2,0.1,Schmittstad,9.97,Delivered
2024-12-02,West,Technology,Phones,127.97,5.0,10.23,Becky Wise,4c0d82d1,65b9397b-a,0.0,East Nicholasshire,34.74,Delivered
2025-06-01,East,Office Supplies,Labels,476.31,10.0,-52.69,Tara Brown,d89e8cb8,00b57936-6,0.0,Port Jacobstad,14.65,Delivered
2024-08-15,Central,Technology,Accessories,657.91,4.0,-33.39,Gabriel Dillon,e0c32342,ca41613c-f,0.0,Robinsonbury,20.17,Delivered
2024-04-15,West,Office Supplies,Paper,,1.0,,Kerry Liu,5f76f061,de1679d2-5,0.0,South Devin,6.2,Delivered
2024-07-08,South,Furniture,Chairs,502.59,5.0,8.7,Christopher Stone,033b2dc2,853b7ec5-b,0.0,New Kylie,40.8,Delivered
2023-02-13,South,Technology,Accessories,863.39,8.0,38.23,Ryan Butler,4334ce30,22521314-3,0.0,Spencermouth,37.93,Delivered
2022-08-12,East,Furniture,Furnishings,453.15,4.0,-9.55,James Vasquez,39c9961f,7429cca2-b,0.1,Lake Jane,48.48,Delivered
2024-06-22,Central,Technology,Machines,21.08,3.0,-4.01,Cameron Lopez,884015ab,52f1f6a9-1,0.3,Bellshire,26.73,Delivered
2022-08-04,Central,Technology,Machines,246.09,2.0,35.5,Julia Mcdonald,8efdcdd0,596cdd8a-9,,Walterfort,19.71,Delivered
2025-02-16,Central,Furniture,Tables,691.8,9.0,127.68,Diana Buchanan,38b3fdd9,8f94b122-4,0.1,South Melissatown,19.68,Delivered
2024-03-08,Central,Furniture,Tables,317.22,6.0,-60.97,Brandy Mejia,d6129f45,c83c01d7-9,0.1,North Annamouth,37.32,Delivered
2025-04-05,South,Technology,Copiers,928.97,1.0,-129.51,Mark Griffin,e1fb8d40,89d8b07d-d,0.0,Whitefort,26.1,Delivered
2025-06-25,East,Office Supplies,Binders,900.85,2.0,172.89,Stephanie Smith,febb724a,8255723a-0,0.0,Davisfurt,37.44,Delivered
2022-07-16,East,Furniture,Bookcases,901.38,,-54.95,Ann Logan,2c877f41,d5fdc37b-5,0.0,East Rebecca,32.74,Delivered
2024-12-29,West,Furniture,Tables,48.04,10.0,6.38,Evan Moreno,d616f0e5,730686d8-b,0.3,North Jennifer,14.23,Delivered
2023-03-16,East,Office Supplies,Art,335.13,7.0,-23.32,Michael Flores,da866220,919c95af-8,0.0,Lake Eric,29.79,Cancelled
2022-10-29,East,Office Supplies,Paper,782.99,9.0,-49.04,Heather Mitchell,d697a5f7,4403ca5c-6,0.0,Paynetown,19.58,Delivered
2024-09-01,West,Furniture,Chairs,866.15,8.0,161.4,Alexandra Owen,d1a2a532,afc18f64-e,0.0,Salasland,,Delivered
2025-05-31,East,Furniture,Bookcases,480.29,2.0,-2.63,Donna Herring,6d851a46,8b9af773-5,0.1,South Jenniferbury,14.36,Delivered
2023-07-23,East,Furniture,Chairs,494.75,10.0,131.3,Jeremy Vaughn,0b824dd6,96ba3f6e-d,0.0,Lake Jonathan,28.94,Delivered
2022-12-16,West,Furniture,Chairs,369.23,7.0,8.02,Nathan Parks,62e19ea3,86fb1b62-0,0.2,Mitchellmouth,42.87,In Transit
2025-02-25,South,Furniture,Chairs,761.26,3.0,-105.71,Sherry Armstrong,8099a3ab,1f7bb37e-9,0.0,Jenniferbury,14.86,In Transit
2023-07-07,Central,Technology,Machines,847.57,5.0,-13.38,Daniel Pratt,c36b1228,b13dae35-7,0.1,New Sarahton,25.55,Delivered
2024-07-28,East,Office Supplies,Binders,14.79,5.0,2.62,Michael Lewis,e04e21d4,62dba035-5,0.0,Port Emilyville,24.85,Delivered
2024-02-12,West,Technology,Accessories,921.83,6.0,-105.07,Kara Schneider,d9f5d50c,13e7c330-f,0.0,Loganshire,39.04,Delivered
2025-05-06,Central,Furniture,Chairs,11.9,,1.34,Margaret Davis,a85b6adc,4dfe6054-b,0.1,Lake Caroline,31.7,Cancelled
2024-01-30,South,Furniture,Furnishings,847.55,9.0,50.5,Jessica Diaz,06bec285,1099d200-c,0.1,Lauraland,15.32,Delivered
2024-07-18,East,Office Supplies,Labels,414.53,6.0,-68.11,Jennifer Haynes,9652fa04,e86a879d-8,0.0,New Brandon,29.2,Delivered
2024-12-16,South,Technology,Accessories,367.71,4.0,46.5,Shawn Greene,b808f3cd,4ace104a-1,0.0,Nancychester,12.53,Delivered
2022-10-16,Central,Furniture,Tables,643.71,6.0,158.07,Sierra Patton MD,cf20ec03,671c2acc-7,0.2,North Danielport,37.29,Cancelled
2023-01-19,Central,Office Supplies,Art,821.8,9.0,45.2,Stephanie Diaz,7f7cc074,41fea0bf-f,0.2,Port Alishaview,16.57,Delivered
2025-02-10,South,Office Supplies,Binders,763.1,6.0,46.69,Margaret Miller,f0b8533e,28708b27-c,0.1,West Stephen,42.52,Delivered
2023-12-10,South,Furniture,Chairs,193.18,3.0,43.81,Jody Solis,07b23651,b4eac42a-d,0.0,West Victor,34.54,In Transit
2023-12-05,South,Office Supplies,Art,963.83,7.0,64.96,Richard Johnson,0395c21d,07ad88f0-4,0.0,Clarkfurt,25.99,Delivered
2024-04-16,East,Technology,Machines,885.8,9.0,162.22,Lauren Simpson,946900f3,dd2b3073-b,0.0,North Michael,8.82,Delivered
2023-08-31,South,Technology,Machines,798.7,7.0,-69.48,Zachary Reese,bc702d1b,820f7e2e-e,0.3,Lyonston,49.49,In Transit
2024-02-15,East,Furniture,Bookcases,242.3,2.0,54.98,Christopher Martin,ab8c64ed,2e315868-1,0.2,Markstad,35.58,In Transit
2024-07-07,South,Office Supplies,Labels,967.62,6.0,12.45,Mercedes Ortega,d77da482,ddc5b1ff-c,0.0,Marquezfort,35.36,Returned
2024-01-08,South,Office Supplies,Paper,348.84,3.0,-24.54,Edward Jenkins,d5f4d9ee,1668b60b-d,0.0,Brookeport,33.83,Delivered
2024-05-19,South,Technology,Accessories,919.9,5.0,-162.0,William Villanueva,9c9e2933,eb9cd2f5-4,0.1,Lake Peter,12.78,Delivered
2023-08-30,East,Office Supplies,Paper,866.89,5.0,251.17,Debra Ferrell,b0b465e5,fa30eea4-a,0.1,Maddoxmouth,7.04,Delivered
2025-05-17,Central,Furniture,Furnishings,536.61,7.0,-105.22,Nicholas Mcdonald,bb85e693,5db9ae08-a,0.0,Jennifertown,37.68,In Transit
2023-03-13,East,Furniture,Furnishings,314.31,8.0,54.53,Ashley Weaver,2daa3ef3,c56abe98-7,0.0,Floresfort,30.34,Delivered
2024-03-06,West,Technology,Machines,757.16,10.0,77.44,Donald Shaffer,d2a47344,6208770a-e,0.0,New Jeremy,20.1,Delivered
2024-08-22,West,Furniture,Bookcases,363.16,,53.65,April Diaz,039a3d11,f7d06866-5,0.0,South Wendy,42.9,Cancelled
2022-11-23,East,Office Supplies,Labels,913.73,9.0,54.25,Andrea Hodges,4c103818,9b4dff9b-e,0.0,Larryville,45.5,Delivered
2024-07-28,Central,Technology,Phones,664.15,9.0,26.6,Kyle Roberts,aa14e576,9c32c54b-5,0.1,Mooremouth,25.44,In Transit
2023-03-24,West,Office Supplies,Art,846.59,2.0,74.21,Victoria Chapman,1472dc06,e2e0390d-e,0.3,South Edwin,8.12,In Transit
2025-06-13,West,Furniture,Chairs,418.69,3.0,62.47,Dawn Andrews,c50bae79,289a268d-0,0.2,East Garyburgh,26.66,Delivered
2024-06-22,South,Office Supplies,Labels,646.91,5.0,31.18,Elijah Conner,6005891f,6c4165b0-a,0.3,Gutierrezton,45.44,Delivered
2025-03-03,West,Furniture,Bookcases,778.4,5.0,18.54,Candace Roberts,14a0868b,d1159717-d,0.3,South Ryan,16.36,In Transit
2022-11-29,South,Furniture,Chairs,700.84,4.0,-102.23,Natasha Martin,b716251e,616e4d6f-3,0.0,Hernandezmouth,,
2023-09-25,South,Furniture,Furnishings,563.96,7.0,-104.31,Joel Ford,6d6e32d4,610931cf-c,0.0,New Jennifer,30.05,Delivered
2022-09-12,Central,Technology,Copiers,667.63,2.0,65.71,Sandra Hernandez,474462d0,99a67ecc-2,0.0,Burnsfort,23.55,Delivered
2022-10-08,West,Office Supplies,Art,965.58,9.0,30.47,Sandra Dawson,ac1c099a,5bf4ea0d-c,0.0,Port Thomas,41.23,Cancelled
2024-04-25,Central,Office Supplies,Binders,257.93,6.0,-32.57,Tamara Payne,2259ad07,07738e8c-c,0.2,West Victoriamouth,30.64,Delivered
2024-06-16,West,Furniture,Bookcases,178.58,5.0,-17.62,Angela Baker,154ae987,7f3834d0-1,0.1,Rachelchester,40.53,Delivered
2025-01-03,East,Technology,Copiers,809.35,4.0,183.88,Linda Wood,7b58868b,e2515da8-a,0.1,Andrewport,43.8,Delivered
2025-07-10,South,Furniture,Chairs,371.06,1.0,-14.32,Jeffrey Abbott,a657a03a,5e116ae2-2,0.0,Lamberttown,33.27,Returned
2025-04-16,West,Furniture,Tables,471.7,6.0,41.49,Dr. Michael Murphy,81318187,82981920-2,0.1,Fosterport,35.88,Delivered
2024-01-08,West,Technology,Copiers,153.1,3.0,34.2,Patrick Petersen,b4edbdb8,22ec450e-f,0.0,Davisview,39.92,Delivered
2024-09-29,Central,Office Supplies,Paper,412.86,1.0,,Kevin Andersen,abaf55f7,c694d1c3-3,0.0,North Willie,42.35,Delivered
2023-11-02,East,Furniture,Furnishings,,1.0,-128.94,Dominic King,c4d807b0,bf8b42a5-e,0.3,West Paulmouth,35.59,In Transit
2023-03-05,West,Furniture,Furnishings,476.51,7.0,-47.63,Robert Henson,e0a33bc9,1248545a-b,0.2,Brownmouth,23.22,Delivered
2023-08-14,West,Technology,Phones,837.46,3.0,159.36,Kathryn Weaver,ab455a09,467f792b-6,0.1,Blakeville,43.3,Delivered
2023-02-27,West,Technology,Machines,710.87,8.0,185.68,Donna Fuller,50b7f622,998e923b-8,0.1,Andersonfort,32.05,Delivered
2022-12-26,South,Technology,Phones,642.26,7.0,157.51,Anthony Hernandez,d90ed6db,5fadcf5c-5,0.0,North Jennifermouth,31.11,Delivered
2025-05-28,South,Technology,Machines,675.83,9.0,91.15,Joshua Colon,10ec398e,a26c34e3-3,0.3,East Shannonside,31.88,Cancelled
2023-08-20,West,Furniture,Chairs,919.9,1.0,-120.98,Rebecca Tran,6ffd847e,10e18f56-f,0.1,New Laurenberg,47.78,In Transit
2023-08-11,South,Furniture,Bookcases,987.14,7.0,-104.5,Michele Welch,29d30c96,d1b0899a-f,0.2,Dustinland,26.04,Delivered
2023-05-01,East,Furniture,Bookcases,75.4,6.0,10.94,Victor Vincent,44c8315a,ede2c681-6,0.0,East Michelle,12.68,Delivered
2025-04-05,South,Furniture,Chairs,922.57,2.0,42.91,Deanna Hill,a57a8172,9f570bb1-4,0.0,Paynehaven,29.59,Delivered
2024-03-29,West,Technology,Phones,492.34,9.0,104.86,Taylor Riddle,3de3e763,339adf60-7,0.1,East Rebeccaton,22.64,Cancelled
2025-05-29,South,Technology,Phones,777.16,,113.83,Paul Thornton,b6ec0a55,1d2f3589-1,0.0,Port Victorialand,31.06,Delivered
2025-03-15,South,Technology,Copiers,949.07,7.0,268.85,Edward Allen,28fec79a,5923ac13-0,0.2,East Christopherfort,6.81,In Transit
2024-08-14,East,Furniture,Tables,29.48,1.0,-2.01,Tara Odonnell,0c8bd0db,fccdb11f-b,0.0,Rojasmouth,28.79,Delivered
2023-10-17,West,Office Supplies,Binders,410.81,9.0,107.02,Peter Rios,9676b3ca,004faad8-5,0.2,Juanmouth,40.81,Cancelled
2024-10-26,Central,Furniture,Tables,470.92,5.0,8.38,Donald Harris,a130121b,eff7bade-8,0.2,Barbertown,47.52,In Transit
2025-02-25,South,Furniture,Tables,996.21,7.0,,Nancy Torres,76297f87,6e063f7d-3,0.0,Lake Michelleview,21.64,Delivered
2023-09-01,South,Office Supplies,Binders,799.63,1.0,-52.48,Leah Harris,73f6de90,9031706f-6,0.3,Lindaburgh,37.07,Delivered
2023-06-04,South,Furniture,Bookcases,245.46,9.0,-36.27,Andrea Bell,903b9478,c8f8c74c-2,0.0,Jonesfort,28.7,Delivered
2024-08-07,Central,Technology,Copiers,924.2,9.0,92.58,Carol Hanson,58cd5b7e,7edbef3b-5,0.2,Herringfort,22.45,Delivered
2024-05-18,West,Furniture,Bookcases,598.3,9.0,-58.69,Connie Jensen,7db2d468,18383b7d-e,0.1,Tateside,22.38,Delivered
2025-05-27,East,Office Supplies,Art,439.99,10.0,-50.52,Laura Evans,6b31aea8,62b3468b-e,0.0,East Frankstad,48.85,In Transit
2023-01-04,Central,Office Supplies,Art,257.57,8.0,32.28,Mrs. Susan Holt DDS,32cefb3b,30bc97a6-0,0.1,West Heatherburgh,29.39,In Transit
2024-01-05,West,Office Supplies,Art,771.16,7.0,-112.19,Vanessa Bradley,d358472b,57c30642-9,0.1,New Douglasstad,,Delivered
2025-04-27,South,Furniture,Tables,682.53,1.0,51.13,Michael Guzman,e98dd5f4,9b80fadc-f,,North Keithton,25.19,Delivered
2025-01-30,East,Furniture,Bookcases,,5.0,-100.18,Michelle Marquez,9ddd64c5,107a5c54-4,0.2,West Rachael,25.2,Returned
2025-04-30,West,Technology,Machines,589.25,1.0,149.54,Jason Phillips,5dbffa67,43b047bf-1,0.0,New Jamesbury,49.66,Delivered
2025-03-08,Central,Office Supplies,Paper,155.71,9.0,7.34,Felicia Diaz DDS,4de8c6a5,bfe2a4b7-6,0.0,Codyland,48.94,Delivered
2025-03-22,South,Technology,Phones,751.56,8.0,109.01,Lori Myers,4c71e966,4af5470d-1,0.3,Willisborough,24.09,Delivered
2024-06-26,South,Office Supplies,Art,204.59,1.0,-31.12,Ryan Kirk,8e33c647,4b582cad-e,0.3,New Jennifer,23.11,Cancelled
2022-08-03,South,Furniture,Furnishings,556.1,8.0,-41.17,Richard Davis,4b38ef06,8163e72d-8,0.0,Hurstside,39.85,In Transit
2024-01-04,Central,Furniture,Tables,764.06,9.0,-56.74,Susan Knight,f500867a,7b736e7f-4,0.2,Port Jeremyberg,12.43,Delivered
2024-01-06,South,Technology,Phones,141.4,7.0,32.86,Loretta Tucker,44f2d5b1,2b6c870f-e,0.3,Andrewburgh,14.62,Delivered
2024-01-09,East,Office Supplies,Paper,892.73,4.0,233.71,Nathaniel Foster,b705eb9d,b0a8c2e3-8,0.0,Andrewhaven,35.9,Cancelled
2023-04-27,West,Technology,Machines,,1.0,,Lisa Jordan,24a1bf2f,c6bb0997-9,0.0,Thomasfort,11.3,In Transit
2024-02-07,Central,Furniture,Furnishings,625.75,2.0,175.97,Andrea King,97cc04e3,2acd57c5-5,0.1,New Bryceburgh,24.14,Cancelled
2023-10-29,South,Technology,Accessories,473.52,8.0,-54.08,Emma Hudson MD,b3f1295c,b715f8c2-e,0.0,Brownmouth,40.03,Delivered
2024-05-10,East,Furniture,Furnishings,935.03,1.0,141.85,Tracy Gibson,29e70696,fc85b5fe-3,0.0,East Alejandrofurt,36.1,Returned
2022-12-18,West,Office Supplies,Art,,6.0,-20.97,Kristen Mckee,28b7c019,63d0ed70-4,0.3,Grantberg,17.44,In Transit
2024-04-21,South,Office Supplies,Labels,471.23,4.0,-2.85,Jack Perry,314a2224,2552f9e2-4,0.0,South Christopherland,30.32,Delivered
2024-10-06,East,Technology,Machines,844.94,,-167.3,Amber Haney,691d7877,1f3f758a-a,0.2,East Heatherburgh,19.11,Delivered
2022-08-27,Central,Office Supplies,Art,840.85,8.0,17.39,Charles Fernandez,eca20779,9219334f-c,0.0,Hartmanmouth,35.53,Delivered
2023-02-12,West,Furniture,Chairs,962.75,7.0,98.69,Noah Ramos,81d4b0d8,4ded7dc3-5,0.2,Davisland,18.95,In Transit
2022-08-09,South,Office Supplies,Labels,,1.0,-50.49,Kim Bryan,0d8d09de,b69de17a-5,0.0,Wandamouth,35.05,In Transit
2024-11-03,South,Technology,Copiers,,8.0,-11.13,Alison Sanders,f848a3f0,fe2296a3-d,0.0,South Sarahborough,20.6,Delivered
2024-01-07,Central,Office Supplies,Binders,191.27,9.0,14.39,Amanda Swanson,3b5f76dc,ca79991e-8,0.3,Martinezbury,43.27,Cancelled
2023-04-13,South,Furniture,Bookcases,385.73,6.0,51.76,Cody Macias,7d85e130,f920d2fa-4,0.0,Hansenborough,15.34,Delivered
2024-05-07,East,Furniture,Bookcases,979.4,10.0,225.5,Nancy Carpenter,863376df,5d543347-6,0.0,Edwardsburgh,33.37,Delivered
2023-03-09,West,Furniture,Furnishings,512.87,4.0,117.47,Dale Livingston,6c15db06,29d980e0-9,0.2,Andrewmouth,9.4,Returned
2025-06-08,East,Furniture,Chairs,472.66,4.0,50.47,Edward Morris,d377d420,9b934cf1-f,,New Lauren,25.49,In Transit
2022-07-24,Central,Furniture,Furnishings,319.76,10.0,73.86,Sarah Morton,2fe17d63,50e37441-0,0.0,North Tiffany,21.5,Delivered
2022-09-30,Central,Office Supplies,Binders,538.24,2.0,3.72,Sharon Pierce,2cd6e6da,10fe658d-f,0.0,Justinburgh,24.71,Delivered
2022-08-10,East,Office Supplies,Paper,753.31,9.0,169.49,Cynthia Whitehead,162cc227,0241bf78-a,0.0,West Robertmouth,29.51,Cancelled
2022-12-19,South,Technology,Accessories,517.14,,89.63,Caroline Mueller,7002b5ef,1a28c2c7-f,0.2,Andersonborough,10.85,Delivered
2023-08-06,East,Technology,Accessories,113.98,6.0,-6.06,Juan Martin,63bc6b10,ea5a8f27-3,0.1,Port Thomastown,38.99,Delivered
2022-07-24,Central,Office Supplies,Paper,691.78,10.0,157.62,Christine Miller,dcc038ac,134b18fb-9,0.1,Port Gregoryberg,44.35,Delivered
2023-02-20,East,Furniture,Chairs,726.09,7.0,39.02,Preston Williams,7edc9ae1,4caba02e-1,0.0,South Dennis,39.51,Delivered
2023-06-09,East,Office Supplies,Labels,425.28,2.0,-81.12,Sherry Franklin,54a08e7a,e2f11418-7,0.2,Markfurt,40.66,Delivered
2024-05-29,Central,Technology,Phones,956.94,4.0,262.17,Amy Johns,6195b9bc,5e462fb0-f,0.1,Scottmouth,18.82,Delivered
2023-09-19,South,Office Supplies,Binders,559.92,7.0,164.64,Molly Dunn,7648d0a5,76458db5-7,0.0,Alyssaside,44.47,Delivered
2023-12-16,South,Furniture,Bookcases,522.4,10.0,1.19,Vanessa Hart,56ddbefc,c2cff678-0,0.2,Carlsonton,46.09,Delivered
2024-08-29,Central,Technology,Phones,913.84,10.0,248.39,Randy Ochoa,92305c0c,97c18494-6,0.0,Charlesshire,5.45,Cancelled
2022-12-18,Central,Furniture,Bookcases,530.75,4.0,89.14,Robert Lopez,de95da1a,b5d31288-6,0.3,Greenstad,30.98,Delivered
2023-07-17,South,Furniture,Bookcases,,2.0,52.93,William Burns,fa0b6dfc,1fdfe813-a,0.0,Nathanielmouth,26.46,In Transit
2025-03-01,East,Furniture,Bookcases,549.36,8.0,161.88,Emily Herrera,28f486f4,ab93485e-4,0.0,New Angela,48.1,Delivered
2023-06-01,Central,Technology,Copiers,282.62,5.0,10.69,Joy Johnson,9afc946f,80751c34-3,0.2,Hughesfurt,15.22,Delivered
2025-06-19,East,Furniture,Chairs,316.44,3.0,-49.43,Sandra Rogers,7fad117d,fe0450ac-f,0.0,Murphychester,38.26,In Transit
2025-01-17,West,Technology,Accessories,637.98,7.0,109.57,Lori Neal,daab115c,b7148abf-5,0.3,East Jenniferland,40.56,Delivered
2023-10-25,East,Furniture,Tables,466.33,8.0,,Jacob Jones,35565740,ffb4868d-f,0.2,Port Stephanie,17.23,Delivered
2025-04-21,Central,Furniture,Chairs,546.13,7.0,86.58,Mary King,92810c21,fdf9fe76-1,0.0,,20.74,Delivered
2024-07-05,East,Furniture,Furnishings,784.24,5.0,-101.23,Jorge Berger,be3ab93b,c3ef8e92-7,0.3,Port Curtisburgh,13.7,Delivered
2024-04-17,East,Furniture,Furnishings,546.21,6.0,-73.62,Jerry Watkins,7968a271,b13f3b5f-b,0.1,Adamville,39.65,In Transit
2025-02-04,West,Technology,Phones,577.29,3.0,79.59,Mark Mcdonald,c8e44ce9,d9d91e51-7,0.3,South Sarah,,In Transit
2022-10-09,West,Technology,Copiers,265.73,8.0,53.88,Nancy Gordon,82a4d4e9,250784a1-b,0.1,West Deanna,43.13,Delivered
2023-12-10,West,Furniture,Bookcases,606.55,7.0,-118.89,Melody Morales,374f4604,d0f6d42a-6,0.2,East Raymondberg,7.49,Delivered
2023-03-29,Central,Furniture,Furnishings,,,54.27,George Johnson,dfa48b6a,00e452a3-c,0.1,North Katherine,37.2,Delivered
2024-07-18,East,Office Supplies,Binders,,2.0,113.93,Kenneth Maldonado,650eb139,aa1b973a-2,0.2,East Robert,8.74,Delivered
2025-05-20,West,Technology,Copiers,,1.0,19.6,Nicole Lee,a6aca9f5,9259eaac-e,0.0,Hendersonland,26.68,In Transit
2025-06-09,East,Technology,Machines,559.12,5.0,98.87,Carla Davis,b889a823,75bc7ad0-e,0.0,Lake Rebeccaside,24.74,Delivered
2025-03-01,South,Office Supplies,Paper,9.55,7.0,-1.3,Shawn Rogers,0f26a0a9,b396506c-5,0.0,North Thomasville,28.89,Delivered
2024-04-08,Central,Furniture,Furnishings,960.0,5.0,255.47,Harold Huynh,0b14a552,3a52353a-6,0.1,West Laurenborough,12.91,Cancelled
2023-06-19,Central,Furniture,Tables,,7.0,13.29,Cassidy Lopez,9686187a,68444e56-a,0.1,Newtonfurt,33.25,Delivered
2023-11-24,East,Technology,Accessories,744.72,3.0,126.19,Sally Allen,eda4d642,c837aa8e-1,0.2,Johnshire,25.15,In Transit
2023-11-09,Central,Office Supplies,Binders,585.99,5.0,166.44,Jeffrey Taylor,92a447c8,4880fea9-3,0.1,Schwartzbury,31.75,Delivered
2025-06-02,Central,Technology,Accessories,770.21,6.0,113.0,Michael Baldwin,78d5e4fd,f3321b2f-c,0.0,Hooperland,42.26,Delivered
2023-08-19,West,Furniture,Bookcases,255.59,8.0,,Laurie Chandler,c79711b7,2593d44f-1,0.1,Cherylstad,19.57,Delivered
2023-12-15,West,Furniture,Bookcases,152.8,4.0,8.82,Jennifer Evans,c4064302,c7f79f18-2,0.2,Adamsville,28.65,Delivered
2023-02-26,East,Office Supplies,Paper,841.92,2.0,-10.69,Kimberly Berry,5f7b7a6f,452106eb-d,0.2,Lopezbury,40.55,Returned
2023-03-07,South,Office Supplies,Paper,651.54,,44.6,Lauren Smith,32c2c4c3,a27a7084-3,0.0,North Robinhaven,44.51,In Transit
2022-11-14,Central,Office Supplies,Labels,186.8,5.0,32.85,Christine Odom,43786f9a,863cbacb-5,0.0,New Gwendolynhaven,16.4,Cancelled
2024-08-25,East,Furniture,Furnishings,205.13,10.0,36.95,Brenda Mcguire,7b233950,5055e9b8-e,0.0,Hoodbury,13.96,Returned
2022-08-19,West,Office Supplies,Binders,21.19,9.0,5.31,Robert Nelson,94509275,1d7f0b84-2,0.2,North Joannastad,6.17,Returned
2025-01-01,Central,Technology,Machines,219.37,1.0,-8.4,Janet Frost,8c13b8d1,d4f1d25e-9,0.1,New Erin,34.27,Cancelled
2025-02-17,West,Furniture,Bookcases,747.29,7.0,-15.08,Alan Adams,85741cab,bd558687-5,0.0,Chasehaven,23.72,Delivered
2023-11-17,East,Technology,Machines,470.97,6.0,63.84,Jonathan Deleon,50692220,48768637-f,0.2,Garytown,17.42,Delivered
2025-01-07,East,Office Supplies,Binders,,8.0,25.08,Jessica Cardenas,586d6435,2b008261-1,0.0,Hodgeview,30.52,Delivered
2023-12-16,East,Furniture,Tables,494.45,10.0,-83.11,Elizabeth Malone,6f9b24e6,f7adeca7-3,0.2,Port Charlenebury,49.47,In Transit
2024-08-23,Central,Furniture,Furnishings,727.09,8.0,-144.18,Matthew Harris,8025b799,d7bdeb69-6,,New Seanside,21.31,In Transit
2022-09-21,East,Furniture,Furnishings,569.91,5.0,-35.88,Nicholas Tanner,6414c511,d5f70a7a-4,0.0,West Danieltown,23.21,Cancelled
2024-12-05,Central,Office Supplies,Art,902.08,5.0,-0.85,Anthony Wade,f92dbbe5,a73f6140-8,0.0,New Christopher,19.5,Delivered
2022-09-26,Central,Furniture,Chairs,855.75,10.0,-126.17,Samantha Walker,94b06ba2,32dd8a3c-1,0.0,South Priscilla,34.37,
2022-12-24,South,Technology,Phones,31.93,3.0,9.43,Leslie Smith,1ba12538,eb31ea13-d,0.0,Sarahchester,32.21,In Transit
2024-04-03,East,Technology,Accessories,505.46,,18.19,Vicki Adams,26c7bf8c,1d1b645b-9,0.2,Adkinsside,46.85,Delivered
2023-03-09,South,Furniture,Bookcases,350.28,1.0,65.86,Jessica Hernandez,058bae44,5a988861-e,0.2,South Emilyside,36.39,Delivered
2025-04-17,East,Furniture,Tables,825.78,,171.8,Christine Garcia,ff7b16aa,a7273ea3-b,,Codymouth,26.43,Delivered
2022-07-29,South,Furniture,Furnishings,839.69,8.0,80.91,Andrew Torres,43de56ab,9a97fdaa-7,0.0,South Jacob,16.73,Delivered
2025-04-09,Central,Office Supplies,Paper,885.47,2.0,43.81,Linda Farrell,80bd7dbd,5902967e-3,0.0,Port Douglashaven,,Delivered
2025-04-07,Central,Technology,Phones,360.35,10.0,82.81,Karen Navarro,90241f71,d79ac704-c,0.0,Lyonsport,49.42,Delivered
2024-03-25,South,Technology,Machines,64.61,3.0,2.14,Jessica Ponce,6ee09ba6,eb84cace-2,0.1,Rossberg,43.83,Returned
2024-07-28,South,Technology,Phones,706.71,10.0,78.31,Terri Watson,fec5cef5,12f8f102-8,0.0,East Antonio,28.66,Delivered
2023-09-18,West,Technology,Copiers,902.66,3.0,231.68,Jennifer Spears,6de051d4,9a14be0c-f,0.2,North Sharonside,21.19,In Transit
2022-08-30,South,Furniture,Furnishings,524.25,9.0,51.86,Amber Smith,0ffd8335,e7456345-7,0.1,North Dannystad,31.15,Delivered
2024-09-15,West,Office Supplies,Art,17.55,9.0,4.57,Olivia Arias,1b2d7814,57fd8d5f-3,0.0,North Carrie,33.1,Delivered
2024-12-24,West,Technology,Machines,200.72,5.0,-31.79,Alicia Jones,b4a2c83f,bdaa1e47-5,0.3,Jonathantown,41.3,Delivered
2023-02-19,South,Technology,Accessories,408.22,3.0,84.96,Ricardo Duncan,76c0672f,6085c393-d,0.0,South Matthew,24.0,Delivered
2025-03-30,Central,Office Supplies,Art,317.11,8.0,-14.03,Mr. Kevin Schneider,83052773,a31e3e22-d,0.0,South Craig,37.8,Delivered
2025-02-07,Central,Furniture,Tables,131.11,,32.65,Willie Castillo,ca25bb0d,5c9282c0-2,0.0,West Lauraborough,9.0,Delivered
2022-11-05,Central,Technology,Accessories,796.3,8.0,-15.6,Daniel Berg,da0ba5b6,bc161332-b,0.2,Websterville,36.22,Delivered
2024-06-15,South,Office Supplies,Labels,562.55,1.0,-57.12,Matthew Anderson,ecf6c3b5,f0e1a6c1-9,0.2,Williamview,12.48,In Transit
2023-09-24,South,Furniture,Chairs,,6.0,-3.34,Christine Alvarez,a227dfc9,725eae16-7,0.2,Lake Ann,21.17,Delivered
2023-05-11,South,Office Supplies,Labels,918.64,5.0,32.23,Heather Page,afadc111,6a9070cb-0,0.0,New Sara,47.57,Delivered
2023-01-13,East,Office Supplies,Binders,36.02,2.0,-3.37,Daniel Dalton,a972f3bb,89d6a291-7,0.0,Bryceport,,Delivered
2024-01-22,West,Technology,Accessories,933.94,8.0,130.41,Monica Wright,f55a2274,0cc3e149-5,0.2,Summersview,24.07,Returned
2025-06-29,South,Office Supplies,Art,892.73,10.0,,Katelyn Brown,d7dd4a8c,77912e8a-d,0.0,West Donald,44.78,Returned
2023-07-21,Central,Office Supplies,Labels,318.88,9.0,93.53,Kenneth Harper,c20a3e61,b6deb7e2-5,0.0,Christopherport,23.85,Delivered
2024-03-02,Central,Furniture,Tables,257.61,3.0,,Krista Weaver,3c32a635,2bd7d069-9,0.1,Michelletown,5.71,Delivered
2024-08-22,East,Office Supplies,Paper,219.65,7.0,32.2,Logan Johnson,c78d0eda,111736ab-4,0.0,Fernandezland,41.8,Delivered
2022-09-08,Central,Office Supplies,Labels,131.69,1.0,-6.87,Sarah Roberson,1c7ae9cf,afd6402d-6,0.2,,47.31,Delivered
2022-09-07,Central,Furniture,Bookcases,995.34,4.0,41.6,Rachel Freeman,9769c912,864c74cd-0,0.1,Zunigamouth,14.85,Delivered
2023-12-16,Central,Furniture,Bookcases,748.53,5.0,104.99,Lisa Bell,e2793e4c,2f956cca-2,0.0,West Karla,34.34,In Transit
2023-08-02,West,Furniture,Bookcases,160.17,6.0,-10.07,Andrew Jordan,9c9676e3,bd23c530-e,0.2,Mariafort,43.67,Delivered
2024-08-06,Central,Office Supplies,Labels,909.8,9.0,-173.27,Samantha Meadows,2f8b2f63,74e16fb0-f,0.1,Lake Spencermouth,47.98,In Transit
2023-05-08,East,Office Supplies,Art,61.18,1.0,11.6,Jeremy Jensen,53603d7c,ab5cceff-5,0.2,Laurenville,25.65,Delivered
2023-04-09,West,Furniture,Furnishings,372.36,8.0,-0.46,Betty Potter,601e7114,2360aa6e-b,0.2,New Allisonport,33.6,Delivered
2023-03-28,East,Furniture,Bookcases,897.41,3.0,33.57,Eric Steele,80576b56,1741ee17-3,0.3,Scottfort,22.97,Delivered
2024-09-14,West,Office Supplies,Paper,,3.0,56.69,Benjamin Graham,ccec26f6,c7e3da97-0,0.0,Lake Vickiberg,34.06,Delivered
2025-02-22,Central,Technology,Machines,44.97,9.0,-5.58,Shelby Chandler,644f6b99,db3ff073-4,0.0,West Teresa,5.27,Delivered
2025-07-02,East,Furniture,Tables,272.58,2.0,-6.95,Larry Hunt,0fb05266,05404037-6,0.0,Port Carrie,8.51,Delivered
2023-07-03,West,Office Supplies,Art,844.43,7.0,51.9,Theodore Poole,8d132b8a,176367ab-2,0.0,Laurenport,8.02,In Transit
2023-10-06,South,Office Supplies,Art,328.16,1.0,-54.79,Kristin Orr,61c6d7f8,07e6109d-6,0.1,Port Michaelstad,42.6,Returned
2022-10-12,Central,Furniture,Furnishings,989.78,10.0,-190.02,Anthony Preston,97d1c81f,dd6616cc-a,0.0,Lloydchester,28.16,Returned
2023-08-01,West,Furniture,Chairs,856.4,9.0,-133.58,Keith Peters,721a6498,2bd64c80-1,0.0,Port Cassandrafurt,15.13,Returned
2023-05-26,South,Office Supplies,Labels,831.68,2.0,203.52,Kelly Singleton,16680f6b,abaf0ee3-d,0.2,New Zachary,48.79,In Transit
2025-02-19,South,Technology,Phones,105.26,2.0,13.24,Madeline Wiggins,da264a1d,51ee88d6-d,0.0,Danielleside,15.87,In Transit
2022-12-02,West,Furniture,Bookcases,180.91,,18.57,William Delacruz,72261f5a,3f061d0a-0,0.1,Sheriburgh,38.08,In Transit
2023-02-02,Central,Office Supplies,Binders,474.79,2.0,-31.1,Jessica Mitchell,e6cfc1e8,380366df-8,0.0,North Davidside,34.28,In Transit
2025-06-03,East,Technology,Accessories,,4.0,244.38,Joseph Stone,216a3481,26de2443-b,0.0,West Davidland,43.91,Delivered
2024-09-26,East,Technology,Phones,719.99,3.0,-137.24,Michael Stevens,5c04a741,63297d91-e,0.0,South Robin,38.69,Delivered
2023-10-19,South,Technology,Accessories,887.04,1.0,106.7,Brenda Cherry,6ae5979b,e9b81ae2-9,0.1,Cabreraburgh,34.86,Delivered
2024-01-25,West,Technology,Accessories,904.29,1.0,-65.77,Scott Castro,fca94c69,12b86157-2,0.0,Jennifermouth,48.3,Delivered
2022-10-06,East,Technology,Copiers,356.49,7.0,-12.22,Kyle Hernandez,aabe301c,0f1d5338-5,0.0,Sheppardbury,25.67,Delivered
2024-02-09,East,Office Supplies,Art,854.23,8.0,-1.25,Michael Vega,cf3acb1c,f7dd2757-2,0.1,East Thomas,6.92,Delivered
2025-01-25,Central,Technology,Copiers,43.96,5.0,2.07,Amy Silva,47991632,913edb6c-4,0.3,South Jeffrey,33.16,Delivered
2025-02-28,West,Furniture,Bookcases,650.0,6.0,185.28,Judith Peterson,cd7db0fc,e455a562-c,0.1,South Rodneyshire,32.93,Delivered
2022-11-13,East,Furniture,Bookcases,228.95,6.0,-12.99,Ashley Nelson,7f812879,ace28fd3-3,0.0,East Rickyshire,28.9,Delivered
2023-11-13,West,Office Supplies,Paper,969.33,2.0,-45.55,Michael Kidd,7d9fe697,3eb9778e-e,0.0,Williamsside,45.69,Delivered
2024-09-14,Central,Technology,Accessories,610.43,5.0,141.12,Michael Castillo,9d4c0ea6,809245ab-8,0.0,West Gene,18.71,Delivered
2023-03-05,West,Technology,Machines,38.56,5.0,7.49,Sharon Young,66c41ecc,815da3a4-a,0.0,Brownville,34.41,In Transit
2025-03-23,West,Office Supplies,Labels,889.66,,232.94,Andrea Davis,1ccae4ca,ec617935-a,0.0,New Bryanton,42.71,In Transit
2024-11-05,East,Furniture,Chairs,931.17,5.0,-63.0,Robert Lindsey,e11a0475,4e2a983d-5,0.0,East Veronica,9.54,Delivered
2024-04-10,Central,Office Supplies,Labels,450.8,3.0,88.73,Nicole Kelley,70ac0c79,f5562497-8,0.1,Oconnorton,47.25,Delivered
2024-02-10,Central,Technology,Phones,634.62,6.0,169.92,Keith Bell,6d8b82d0,271dc575-a,0.2,Kellytown,15.73,In Transit
2025-06-29,East,Office Supplies,Binders,942.14,10.0,259.02,Linda Pearson,0098ea7d,11981a9b-2,0.1,Heatherstad,10.17,Delivered
2023-11-24,Central,Furniture,Furnishings,241.02,4.0,-9.25,Richard Monroe,e20d9234,d99d4cca-4,0.1,Douglaschester,21.71,Delivered
2024-12-31,West,Technology,Accessories,,4.0,-109.57,Melissa Wiggins,daceef6f,812e354d-d,0.2,South Melissa,26.81,Delivered
2025-02-17,Central,Furniture,Tables,196.06,,42.66,Janet Schmidt,fdee5e44,7c55f086-f,0.0,Gonzalezland,31.47,Delivered
2023-12-07,South,Technology,Accessories,533.25,6.0,6.98,Evan Smith,219762a3,92733648-1,0.2,Monroemouth,7.98,In Transit
2024-04-14,West,Technology,Phones,364.27,3.0,-27.34,Nicholas Sutton,9bf5285d,c3e1925c-f,0.0,North Kristinaberg,21.54,Delivered
2024-04-03,South,Furniture,Furnishings,375.74,1.0,-14.88,Mark Kelly,fa13a181,d91fa7c7-4,0.3,South Jamesfort,43.03,Cancelled
2023-06-10,South,Technology,Copiers,451.42,6.0,88.6,Morgan Francis,f1f71a76,09a70d23-3,0.0,Lake Caitlinbury,40.15,In Transit
2022-11-02,Central,Office Supplies,Binders,911.09,10.0,184.61,Robert Adams,b25f6928,63ff104f-7,0.2,Davidview,41.0,Delivered
2024-08-29,Central,Technology,Copiers,607.46,8.0,175.97,Michael Lewis,b9eca3d4,79e321a9-2,0.0,Lake Craigmouth,29.85,In Transit
2024-12-27,Central,Office Supplies,Labels,614.27,1.0,-8.7,Bianca Gardner,7be09105,f17dca1b-7,,Laurenfort,26.41,Cancelled
2022-08-23,South,Technology,Phones,634.72,3.0,172.48,Nancy Kim,103314ac,8e2455b0-3,0.2,North Laura,12.35,In Transit
2023-02-28,East,Office Supplies,Labels,444.21,5.0,-20.5,Austin Webb,01e028ad,4ae34adc-8,0.0,Jeanland,39.63,In Transit
2024-03-25,South,Office Supplies,Art,910.6,3.0,-92.02,Catherine Adams,98139b87,b95f3303-a,0.0,Lindseyton,39.83,Delivered
2023-05-17,South,Office Supplies,Labels,,2.0,180.53,Alejandra Garza,89b957e9,c5248264-d,0.0,Tylerstad,12.68,Delivered
2025-04-18,Central,Furniture,Tables,272.45,9.0,34.86,Jesus Clark,69c3cc36,609e170c-0,0.2,North Scott,8.23,Delivered
2023-11-01,Central,Office Supplies,Labels,79.22,3.0,-6.28,Tiffany Bolton,185cd992,4afec5b2-1,0.1,Cherylfurt,44.43,Delivered
2023-11-03,Central,Technology,Copiers,81.72,10.0,12.43,Teresa Figueroa,21c9b979,5d5e75e6-4,0.0,Joshuaville,14.83,Cancelled
2024-08-20,East,Furniture,Furnishings,387.47,5.0,39.24,Gabriel Sanchez,71bd4b30,07a778c8-5,0.0,South Jessicaside,12.21,In Transit
2022-11-17,East,Office Supplies,Paper,731.15,9.0,106.23,Thomas Cox,0187332f,beebc02b-7,0.0,East Nicoleport,47.75,Delivered
2023-06-30,West,Technology,Accessories,504.41,6.0,-29.26,Brian Miller,8ed313c0,9b1d51ed-c,0.2,Hessville,37.08,Delivered
2023-05-07,Central,Furniture,Bookcases,745.13,5.0,201.69,Janet Smith,7cc9ccc2,ffbadd9f-0,0.2,New Amy,22.47,Returned
2025-02-15,West,Technology,Copiers,545.59,8.0,-106.25,Philip Reed,7e201990,fbccb7da-f,0.0,Aprilfort,23.29,Returned
2023-05-21,South,Office Supplies,Art,254.98,7.0,70.34,Jill Lane,932971e4,2d36bceb-0,0.0,North Paulaburgh,26.94,Delivered
2023-07-31,Central,Technology,Copiers,983.17,1.0,-67.96,Alyssa Brown,5d970716,2d6b22bc-8,0.2,Joymouth,17.55,In Transit
2023-11-01,South,Furniture,Tables,568.81,6.0,-48.86,Kaitlyn Williams,50d4a5bd,8dda30f3-2,0.0,Butlerborough,16.96,In Transit
2024-07-08,East,Office Supplies,Binders,191.29,1.0,-30.68,Hannah Brooks,906689bb,1c0b290d-3,0.2,Justinfort,27.95,Delivered
2025-01-19,West,Office Supplies,Binders,693.53,2.0,-35.8,Phillip Davis MD,55d07b7f,50f9ab59-8,0.1,New Scott,,Delivered
2025-01-30,West,Furniture,Furnishings,910.41,7.0,158.82,Adam Johnston,b0581a29,f2e7458d-4,0.1,Timothymouth,17.9,In Transit
2024-07-06,South,Furniture,Tables,334.36,7.0,-63.03,Michael Hall,25927564,149c4d62-e,0.2,Lake Nicholas,28.57,Delivered
2023-06-28,West,Technology,Accessories,181.01,5.0,-4.85,Casey Bailey,041a2d85,57610342-9,0.2,Cindyborough,39.06,In Transit
2023-03-02,South,Furniture,Bookcases,341.93,5.0,100.69,Thomas Jacobson,8086c24a,1bc09ded-c,0.2,Lake Natalietown,21.7,In Transit
2024-09-13,Central,Technology,Machines,377.9,8.0,-67.73,Alexandra Myers,d36f55b9,3475c12e-8,0.0,Durhamtown,20.79,Returned
2024-01-25,West,Technology,Accessories,806.25,9.0,-4.16,Brian Porter,5a039918,fbb49f6b-1,0.0,South Miguel,14.41,Cancelled
2023-10-04,East,Office Supplies,Binders,304.69,3.0,,Patrick Thomas,08fbe383,7ae935d4-6,0.2,Martinview,29.7,In Transit
2023-05-25,West,Furniture,Chairs,789.65,5.0,123.61,Jacqueline Martin,4a15795a,c0e113e3-a,0.0,West Edward,24.7,Delivered
2022-09-10,Central,Furniture,Bookcases,497.07,9.0,77.98,Kimberly Holloway,14ae7e97,4bb2e338-2,0.0,South Joyshire,24.71,In Transit
2024-12-09,Central,Office Supplies,Labels,453.05,1.0,93.57,Seth Dunn,27ebb2e7,f6b2dbc0-8,0.1,Jenniferborough,14.83,In Transit
2023-04-17,South,Office Supplies,Art,85.46,7.0,23.34,Stephen Robinson,c5744939,0bc0dccb-4,0.0,South Michael,29.22,Delivered
2022-09-26,West,Furniture,Furnishings,,5.0,88.85,David Mills,a3294798,fa64430d-4,,Rosarioside,35.35,In Transit
2024-08-07,Central,Technology,Copiers,434.29,1.0,-36.95,Michael Walls,f8cae6e1,9f4db2d3-8,0.0,New Garyfort,35.5,Delivered
2024-05-05,South,Technology,Accessories,247.87,1.0,-24.15,Tonya Shepard,d5be2468,b21f3700-6,0.3,West Kaitlynstad,12.62,Delivered
2024-12-06,West,Furniture,Tables,832.8,2.0,-57.19,Jessica Rivas,31234849,04cdb686-4,0.0,West Timothystad,41.94,Returned
2023-08-06,East,Office Supplies,Labels,450.85,9.0,79.64,Blake Hughes,9f9a6fea,f2c63499-3,0.0,Williamsside,12.85,Delivered
2024-12-06,West,Office Supplies,Labels,522.38,,150.69,Jeff Gibson,6fc3599c,07c3b0a3-b,0.0,West Benjaminbury,17.57,Delivered
2025-04-04,West,Technology,Machines,828.5,1.0,16.32,Christopher Ross,111f19b8,eba0fcc4-f,0.0,Shellychester,44.04,Delivered
2023-05-11,West,Furniture,Bookcases,151.77,4.0,38.04,Luis Jenkins,42ad336a,2bfc4fe1-6,0.2,Lake Nicholas,24.08,Cancelled
2024-04-13,South,Office Supplies,Labels,378.07,5.0,-37.01,Joanne Lopez,d9935b73,7c239950-f,0.0,Rhondaborough,36.84,In Transit
2025-05-10,West,Furniture,Furnishings,11.42,9.0,0.74,Ashley Wright,c54830cd,f7e1faf5-c,0.0,Danieltown,37.96,In Transit
2023-10-31,West,Office Supplies,Labels,588.26,9.0,15.59,Danny Griffin,05a04e6b,ee48531b-c,0.0,Garciaton,29.97,In Transit
2025-05-11,East,Office Supplies,Labels,342.04,3.0,49.95,Katie Diaz,0289fc40,268c6824-7,0.0,Port Kayla,34.19,Delivered
2024-04-08,South,Technology,Copiers,223.26,3.0,36.78,Sandra Hurley,0abbc67d,1251e3fa-c,0.0,Cookville,33.26,Delivered
2022-10-31,Central,Office Supplies,Paper,489.92,1.0,9.71,Robin Hopkins,4d562cea,7867555e-4,0.0,Port Michelle,41.78,Delivered
2022-07-17,Central,Technology,Machines,,3.0,89.52,Andre Hernandez,6f4ae56f,b7c49cec-3,0.2,Gilbertport,11.96,Delivered
2025-04-16,East,Furniture,Tables,550.26,9.0,-95.29,Andrew Jensen,8560ad5e,f3e5a60a-4,0.0,Williamshaven,21.15,Delivered
2024-06-16,East,Office Supplies,Paper,338.97,6.0,82.52,Ashley Herrera,e424f09a,ab08b355-3,0.0,Pittsshire,37.72,Delivered
2023-01-03,West,Technology,Copiers,,,71.47,Cheyenne Johnson,48c02131,1bd47b43-6,0.1,Greenfort,16.24,Delivered
2023-02-24,East,Furniture,Bookcases,932.24,7.0,188.18,Stephanie Fisher,7009e0c3,b90eb94e-d,0.0,Mcleanfurt,31.67,In Transit
2024-05-17,Central,Furniture,Chairs,451.07,3.0,24.74,Ian Carpenter,638c6b6c,7fd698bb-7,0.0,Jennifermouth,10.77,In Transit
2023-01-02,South,Furniture,Tables,145.64,5.0,-12.12,Bonnie Booth,d40a0208,432c69bb-a,0.0,Judyshire,41.85,Delivered
2025-05-18,West,Office Supplies,Paper,242.98,9.0,68.84,Kayla Smith,8134e3ef,1d3f787a-b,0.0,Millstown,32.63,Cancelled
2023-01-06,South,Office Supplies,Labels,472.92,10.0,13.3,Christopher Romero,b60aa2bc,8032c596-a,0.0,Lake Philipland,22.59,Delivered
2023-08-06,Central,Office Supplies,Paper,296.81,6.0,-27.55,Kimberly Patrick,e143e108,451389ac-e,0.0,West Mikemouth,22.66,Delivered
2024-02-09,West,Office Supplies,Labels,748.97,8.0,77.04,Amy Gregory,86718461,69f0b0ee-3,0.1,Munoztown,29.39,Delivered
2023-01-25,West,Technology,Copiers,964.61,2.0,-78.15,Sarah Mcbride,a355cd93,133159a2-0,0.2,North Suzanne,12.62,Delivered
2024-12-17,West,Furniture,Bookcases,74.96,2.0,-3.88,Carolyn Taylor,57b4b2d3,2b48e0c5-1,0.2,West Joseph,24.93,Delivered
2023-10-31,East,Technology,Accessories,988.8,7.0,-50.27,Megan Potter,23a26723,58bab624-7,0.0,Farmerburgh,13.37,Delivered
2024-12-23,Central,Office Supplies,Art,358.45,8.0,83.92,Adam Wood,2f153b8c,d3226d30-9,0.2,North Melanie,19.69,Cancelled
2023-12-06,South,Technology,Phones,794.8,6.0,193.66,Cameron Marsh,67195190,6a2def1b-a,0.1,Lake Donna,28.26,Delivered
2024-03-14,West,Furniture,Tables,544.35,9.0,138.3,Hector Mendoza,41ce1557,78f5f2d1-1,0.0,East Jessicafurt,49.66,Cancelled
2023-07-06,Central,Furniture,Tables,964.91,8.0,122.68,Samantha Russell,7ea43231,867bca9d-d,0.0,Andersonton,12.4,Delivered
2024-12-13,West,Technology,Phones,895.0,10.0,-63.72,Robert Silva,a21202b9,ec62fc2c-8,0.0,East John,8.49,Delivered
2023-06-23,Central,Furniture,Furnishings,696.06,2.0,-15.71,Aaron Bradley,ad9d3cdf,0415d044-3,0.3,South Rodney,,In Transit
2024-08-20,Central,Technology,Machines,388.06,9.0,,Jesse Pearson,d3da424c,db727ae5-6,0.0,West Davidville,15.62,Delivered
2024-06-06,South,Office Supplies,Binders,750.28,6.0,-116.91,Ryan Fletcher,dd8a31f8,ad91e720-5,0.0,Port Timothyview,40.08,Delivered
2024-01-24,East,Furniture,Furnishings,69.45,8.0,-1.73,Jesse Rivas,f0812e20,119d0a3b-3,0.0,Brucebury,23.47,In Transit
2025-06-19,South,Office Supplies,Binders,843.82,8.0,177.17,Ms. Kristin White,8119c24c,b87360fb-f,0.0,West James,33.91,Cancelled
2024-03-17,East,Furniture,Tables,376.99,9.0,97.23,Sarah Allen,a306ca85,7dcde44b-8,0.0,Huntershire,47.16,Delivered
2023-03-31,South,Furniture,Furnishings,940.63,7.0,-176.62,Nichole Fletcher,c0a7f76f,6179cdd0-3,0.2,North Calebmouth,17.71,Delivered
2024-08-01,East,Technology,Phones,742.19,4.0,72.16,Daryl Pena,387dc053,bda68d5f-9,0.2,East Billbury,42.76,In Transit
2022-08-07,Central,Furniture,Bookcases,51.94,3.0,9.29,Ricky Gutierrez,19c8e52e,304c3107-4,0.0,Lake Amberland,23.76,Delivered
2024-09-12,Central,Office Supplies,Paper,461.17,6.0,77.99,Laurie Taylor,a1ae2672,07e49124-b,0.0,West Samanthaberg,11.97,Delivered
2023-09-24,West,Office Supplies,Binders,125.51,6.0,-10.08,Brian Stephenson,be9e0a5f,e13d3660-d,0.1,South Jeremyhaven,41.32,Delivered
2023-11-19,South,Technology,Machines,913.45,4.0,-128.83,Kristen Bailey,b324b690,1fc623c1-c,0.1,Kennedyville,19.61,In Transit
2023-09-18,East,Furniture,Bookcases,393.55,5.0,104.4,Stephanie Sanchez,9a31c5df,ebb4b16f-4,0.0,Timothyberg,46.64,Delivered
2025-03-29,Central,Furniture,Chairs,809.34,4.0,-98.14,Eric Ortiz,1d9ee7f4,a9ef04cc-f,0.0,Aaronhaven,49.61,In Transit
2024-05-05,Central,Technology,Phones,356.64,5.0,,Joseph Mendez,9921c276,8464c576-6,0.2,West Maria,25.28,Delivered
2024-08-28,West,Office Supplies,Paper,358.52,10.0,-35.48,Kristin Mckenzie,48515bed,7e8805fc-9,0.0,New Lisa,,In Transit
2024-12-10,West,Technology,Accessories,425.55,1.0,126.39,Stephanie Chambers,823ffebf,b9623b16-9,0.0,Mariafort,5.78,Delivered
2023-10-18,West,Technology,Machines,877.74,9.0,87.9,Karen Young,de46d01d,62068159-4,0.3,Sarahfurt,23.78,In Transit
2024-09-30,South,Technology,Machines,512.94,9.0,79.26,George Hunter,d76a2ccd,bebd5f75-f,0.1,West Jessica,34.9,Cancelled
2024-04-28,South,Technology,Copiers,436.9,2.0,-65.14,Sheri Miranda,eb11d757,7e0ac90c-d,0.0,New Matthew,15.33,Delivered
2025-06-09,South,Technology,Copiers,245.37,3.0,69.2,Valerie Trujillo,e005f53a,f3c2f654-e,0.0,Evansmouth,11.64,Delivered
2025-07-01,Central,Technology,Copiers,16.84,7.0,3.62,Elizabeth Ortega,1396df68,90b9d17e-6,0.0,New Alexisstad,45.45,Delivered
2022-11-14,Central,Furniture,Furnishings,706.39,2.0,20.35,Dr. Wayne Moore,531c4dfa,cd585fc1-5,0.0,New Christina,47.76,In Transit
2024-09-18,East,Office Supplies,Labels,170.59,9.0,16.3,Christopher Patrick,d552c47c,206caf86-7,0.0,Daviston,32.91,In Transit
2023-11-02,East,Office Supplies,Labels,920.08,2.0,-147.1,Nicole Frost,a93c1f32,5f2626f5-3,0.0,West Anthony,29.35,In Transit
2024-03-28,Central,Office Supplies,Paper,95.65,2.0,10.49,Jennifer Scott,7c7d91db,edda0b99-d,0.1,South Ralphland,34.17,Delivered
2024-05-04,East,Furniture,Tables,510.6,3.0,34.79,Jason Wheeler,8857915f,d0670e20-4,0.2,Leslieville,35.58,Returned
2024-07-11,South,Furniture,Chairs,261.74,10.0,28.93,Heather Cox,8de745dd,285ae89e-f,0.3,New Christopher,16.5,Delivered
2024-11-17,East,Furniture,Bookcases,77.77,,-10.18,Mary Berry,5d855d2e,de72f8f1-9,0.1,South Michelleburgh,29.71,Delivered
2022-09-21,West,Office Supplies,Paper,177.15,5.0,-2.0,Gregory Watson,2ebca66e,6ee0fbba-9,0.0,Leeburgh,27.47,In Transit
2023-03-29,West,Furniture,Tables,437.88,5.0,26.5,Scott Stevens,7661299f,581bd841-7,0.3,Port Scottbury,44.56,In Transit
2022-12-01,East,Furniture,Bookcases,638.19,8.0,78.68,Brian Russo,6d6e8081,710be237-d,,Charleshaven,28.58,Delivered
2024-01-31,South,Office Supplies,Labels,120.48,8.0,-7.4,Jesse Allen,25e49e32,d6b51791-1,0.0,Anthonyland,12.27,Cancelled
2023-09-23,East,Furniture,Chairs,9.16,3.0,0.73,Tiffany Cortez,b6cf6a2d,942aea13-6,0.1,Goodmanhaven,,In Transit
2024-05-06,Central,Furniture,Tables,75.69,2.0,1.73,Adam Perry,44373b3c,84f8d843-b,0.2,Port Jasonmouth,31.11,Delivered
2022-07-19,East,Office Supplies,Binders,488.49,7.0,77.82,Sandra Hicks,403277f2,e57ad10a-e,0.0,Lake Ellenview,47.52,Delivered
2022-12-14,West,Technology,Accessories,707.11,1.0,72.21,Andrew Smith,1ebf5edc,6df3ab0e-4,0.3,Port Michael,42.34,Delivered
2025-06-14,West,Technology,Phones,285.81,7.0,,Becky Anderson,5817f97d,236398fc-3,0.3,Cynthiaborough,34.92,Cancelled
2023-09-21,South,Technology,Accessories,48.39,10.0,,Cassandra Bradshaw,7a5d925f,b5006d40-d,0.0,Swansonstad,35.29,In Transit
2024-11-08,West,Furniture,Furnishings,995.87,5.0,-139.95,Sharon Taylor,eaa9a541,8f20e308-6,0.0,Lake Sydney,31.01,In Transit
2022-10-11,East,Office Supplies,Labels,233.06,5.0,52.53,Jill Cook,77ba37ba,990dff7a-9,0.0,West James,19.57,Cancelled
2022-10-10,South,Technology,Copiers,401.98,7.0,92.75,Ms. Rebecca Daniels,3506d58d,926ab24f-d,0.1,Andrewborough,14.87,Delivered
2022-10-16,West,Furniture,Furnishings,716.72,4.0,3.68,David Huffman,0b2b7798,3deac69a-d,0.0,North Lynnview,41.46,In Transit
2024-01-15,West,Office Supplies,Labels,213.94,7.0,-14.32,Tony Beck,bcad4932,715491fe-3,0.0,Amandaville,35.58,Delivered
2025-04-24,South,Furniture,Furnishings,452.47,9.0,-34.9,Cynthia Mcgrath,e6e7906f,e2c6fa3a-c,0.3,Hendersonview,31.38,Delivered
2022-12-16,Central,Technology,Phones,238.11,2.0,7.64,Sheila Willis,d184113e,0d6d38e0-4,0.1,New Andrewberg,33.9,Delivered
2022-08-27,West,Office Supplies,Binders,,8.0,26.89,Karl Gross,49f95a30,d6367e53-b,0.0,West Cassandraberg,14.83,Delivered
2024-02-12,East,Furniture,Chairs,349.97,2.0,-31.21,Victoria Walker,2eae4241,1eb48fd0-7,0.2,Cesarstad,24.97,Cancelled
2024-12-27,Central,Furniture,Bookcases,982.55,8.0,-40.92,Jose Smith,dc3150f0,645d58a7-8,0.2,South James,39.17,Delivered
2024-12-21,West,Technology,Copiers,811.73,1.0,-8.23,Gary Harrington,7644dce1,cf596dd3-8,0.2,Cynthiachester,47.23,Delivered
2024-08-20,Central,Office Supplies,Labels,233.41,1.0,49.18,Mitchell Moyer,fcd4875a,6b1782dd-7,0.0,South Caseymouth,7.77,Cancelled
2023-01-15,East,Technology,Phones,506.72,4.0,2.53,Kathleen Wright,2cd7ffab,f64a261c-0,0.1,Edwardview,38.45,Delivered
2023-11-14,South,Office Supplies,Binders,905.47,,62.21,Jackson Tucker,9e678d30,c6edabcd-e,0.2,Francisshire,42.75,Delivered
2024-02-10,South,Office Supplies,Paper,319.11,5.0,-35.27,John Arias,a0febde6,c55aa166-4,0.1,New Thomaston,10.0,In Transit
2023-05-21,West,Office Supplies,Binders,224.11,6.0,,William Morales,0fa79c20,f180fd06-9,0.3,Danaport,9.08,Delivered
2023-04-10,Central,Technology,Copiers,225.57,10.0,58.49,Jonathan Bell,f3431f97,cb1f71e9-d,0.0,Cannonberg,8.98,Delivered
2024-04-05,South,Furniture,Tables,227.85,4.0,1.76,Casey West,66b4dd14,c8fca7fb-d,0.2,West Robertland,7.97,In Transit
2025-04-28,East,Furniture,Tables,474.22,5.0,115.01,Barbara Wyatt,cba0c256,3bb8779b-3,0.2,Nicholstown,36.51,Cancelled
2023-10-05,Central,Office Supplies,Labels,575.02,6.0,-98.61,Darlene Aguilar,544f1107,007e870e-4,0.0,South Angelaland,24.55,Cancelled
2024-11-06,East,Office Supplies,Paper,123.73,7.0,15.37,Johnny Thompson,3c0f5db8,71af70ac-4,0.0,Gibsonville,48.17,In Transit
2025-06-26,East,Technology,Phones,937.15,10.0,250.2,Jenny Adams,678ecf4a,e1cb0458-1,0.1,Port Brandonberg,31.77,Delivered
2022-08-10,East,Technology,Accessories,484.64,7.0,-16.45,Denise Schneider,1e81a54a,2bc3f9b7-b,0.2,New Thomas,39.87,In Transit
2025-02-04,West,Technology,Phones,546.4,5.0,139.1,Teresa Wallace,bbc9ea57,d213971a-c,0.1,North Stacie,40.76,Delivered
2024-05-11,West,Office Supplies,Paper,613.47,9.0,-93.93,William Page,cedc950e,9129c27f-3,0.0,South Zacharystad,21.59,Delivered
2022-07-18,Central,Office Supplies,Binders,962.34,8.0,123.91,Heidi Wallace,23ab21a2,3e2da787-6,0.1,Hesshaven,42.83,In Transit
2022-09-08,Central,Furniture,Tables,807.55,9.0,214.69,Jennifer Baker,8e9a4b04,c85defc1-d,0.0,North Amy,24.27,
2024-05-15,East,Technology,Accessories,830.18,4.0,-60.76,Ricky Mcgee,ce8c0d57,29e151d0-4,0.0,Lake Adamstad,40.72,Delivered
2023-12-24,South,Technology,Phones,746.84,4.0,100.33,Kimberly Webb,d22aa755,b608bb1b-0,0.2,North Rachel,24.05,Delivered
2024-07-01,East,Technology,Phones,707.61,5.0,-81.22,Mercedes Smith,01ddebbd,a188a8f5-d,0.0,Royton,45.29,Delivered
2025-04-09,South,Office Supplies,Art,780.43,10.0,8.5,Abigail Ball,44b1abda,a37fb6f6-1,0.2,Lake Susanberg,29.78,Delivered
2024-03-28,Central,Office Supplies,Binders,883.66,1.0,-36.83,Tamara Brown,dda747a1,b9097ded-f,0.2,Millershire,9.57,Delivered
2024-08-19,South,Furniture,Bookcases,890.05,10.0,-143.39,Elizabeth Smith,c713ef93,58dafb2c-e,0.0,Lake Karen,6.81,In Transit
2023-07-27,East,Furniture,Tables,844.2,8.0,85.87,Amanda Mason,b33b84d9,269c3cdd-3,0.0,Lake Matthew,17.36,Delivered
2023-12-06,Central,Office Supplies,Labels,,5.0,0.54,Joy Solomon,c45d4b69,377359cb-b,0.2,Lake Valerieview,49.54,Delivered
2022-12-30,Central,Office Supplies,Art,276.56,7.0,60.52,Dr. Brent Davis,1cfa7d7d,e39df463-5,0.3,Lake William,49.1,In Transit
2024-11-29,East,Technology,Machines,717.64,8.0,139.86,Erica Davis,49b1798d,8f8daaec-2,0.1,Mitchellmouth,41.42,Delivered
2022-07-27,East,Furniture,Chairs,183.18,6.0,,William Pacheco,a93563e7,8f9c12da-d,0.2,Port Carlatown,32.58,Delivered
2023-04-02,East,Office Supplies,Binders,863.9,1.0,-155.64,Matthew Smith,28445830,c898ce37-c,0.2,New Georgeberg,8.05,Delivered
2023-06-30,West,Furniture,Tables,875.57,1.0,83.41,Kara Garcia,b6f73a15,bf356d3b-7,0.2,Nicholasshire,46.78,Delivered
2022-10-17,East,Technology,Accessories,900.61,4.0,226.58,Haley Zimmerman,dcf7366d,c74ca9eb-5,0.2,East Tracyhaven,12.84,Delivered
2024-07-24,West,Furniture,Tables,860.78,3.0,191.81,Edward Wright MD,31a6fc71,11fc159e-9,0.2,New Jennifer,22.38,Delivered
2023-04-02,Central,Office Supplies,Labels,198.9,6.0,-16.29,Sarah Cummings,dca5fa40,0a28ab89-7,0.2,Port Marc,30.54,Returned
2025-01-10,Central,Technology,Machines,679.13,6.0,199.26,Heather Miranda,87a517bd,deb416ed-c,0.0,Port Peter,48.23,Delivered
2025-04-20,West,Technology,Machines,73.41,,9.27,Alexander Nguyen,36827e13,170d2aa2-c,0.1,West Mary,46.67,Delivered
2024-10-11,East,Technology,Accessories,426.18,6.0,37.28,Daniel Evans,4a845431,979ab7cd-8,0.1,Johnhaven,31.18,In Transit
2024-02-13,East,Office Supplies,Art,705.09,10.0,-123.03,Victor Williams,34cb8aef,4b9dcd32-8,0.0,Berryville,38.06,In Transit
2022-12-01,South,Technology,Machines,124.42,2.0,-24.03,Tracy Hall,efcfa52a,a20dcd46-c,0.2,Lake Christopher,37.05,Delivered
2023-01-19,East,Furniture,Bookcases,293.8,1.0,-29.15,Mr. James Perez,982cfb07,6a151edf-d,0.3,Catherinestad,,Delivered
2023-08-20,West,Office Supplies,Art,652.0,6.0,9.74,Catherine Barber,197f7ecb,2b2ae146-b,0.0,South Angela,46.69,Delivered
2025-07-01,East,Furniture,Furnishings,809.02,10.0,-56.22,Chad Edwards,7752e420,f9ce1d38-b,0.3,Wendyborough,,Delivered
2024-11-07,Central,Technology,Copiers,555.87,1.0,-108.47,Christopher Johnson,eef58a44,79e9b759-f,0.2,Lake Justinburgh,10.49,Delivered
2024-05-18,West,Office Supplies,Paper,727.74,8.0,-144.37,Fernando Silva,50283d03,af31a775-1,0.0,Lake Carrieville,45.97,Cancelled
2023-10-15,South,Office Supplies,Paper,437.76,1.0,94.23,Anne Richardson,ebf8c0a4,3c316034-6,,South Brian,16.95,Delivered
2023-12-25,South,Furniture,Tables,681.58,9.0,-133.59,Mark Shaw,0413fd0e,8f26d303-3,0.0,Hallside,27.19,Delivered
2023-01-14,Central,Furniture,Chairs,407.25,8.0,-76.25,Raymond Walsh,e12443e0,a2e6d580-a,0.1,Andreachester,44.45,In Transit
2024-03-08,East,Furniture,Tables,232.55,9.0,38.23,Teresa Orozco,863c934c,26795ba9-1,0.2,North Janet,23.78,Cancelled
2025-06-30,West,Furniture,Bookcases,200.52,4.0,,Victoria Pitts,f2cdd680,349d1f05-6,0.1,North Amandaside,33.05,Delivered
2023-06-06,Central,Office Supplies,Binders,678.43,10.0,72.93,Cynthia Lawrence,b4593e25,7d5ad037-7,0.1,West Dianeborough,9.19,Delivered
2023-09-08,South,Technology,Phones,997.08,9.0,202.0,Ashley Ferguson,b7761d90,eb4b0291-e,0.0,Derrickmouth,36.93,Delivered
2023-05-09,Central,Technology,Copiers,527.58,2.0,-104.9,Robert Keith,d670eb83,fc98d879-2,0.0,South Christina,12.93,Delivered
2023-09-09,West,Furniture,Furnishings,853.6,7.0,110.34,Scott Khan,e2bbdf6b,eb61f150-3,0.3,Burkemouth,6.07,Delivered
2023-05-11,Central,Technology,Copiers,43.95,3.0,11.85,Christopher Newton,0c6f3c71,0da66745-e,0.0,Ortizton,8.39,Delivered
2024-07-05,South,Office Supplies,Art,187.65,,,Rebecca Hancock,e2858bbe,3d12fde2-3,0.2,Annland,47.34,In Transit
2023-05-03,South,Office Supplies,Labels,797.04,2.0,5.88,Keith Chang,1635d275,631cdc00-3,0.0,West Rogerfurt,44.8,Delivered
2024-12-09,West,Technology,Phones,884.43,1.0,-52.51,Tonya Nichols DVM,891be1aa,8a9f7b03-6,0.1,Rodriguezmouth,35.34,In Transit
2023-02-13,West,Furniture,Chairs,674.25,1.0,-126.5,Matthew Gonzales,fc0bbb85,82a0b5f6-b,0.0,New Jasmine,5.52,Delivered
2025-06-30,Central,Office Supplies,Labels,903.41,5.0,14.02,Brittney Davis,d1de5196,74491a46-b,0.2,Donnaborough,45.28,In Transit
2023-06-12,West,Technology,Machines,442.45,4.0,,Derrick Best,bf083ec5,aa896b33-7,0.2,Markland,15.13,Delivered
2024-01-27,South,Office Supplies,Paper,278.28,5.0,-44.24,Jason Warren,11dfa4ff,17d4b5d8-7,0.0,North Cassandra,46.11,In Transit
2023-11-23,East,Office Supplies,Art,601.77,10.0,29.79,Brandon Williams,0153151a,0fa802a1-1,0.1,Stricklandberg,41.3,Delivered
2022-09-30,West,Technology,Accessories,222.84,6.0,-11.7,Robin Wells,5ad84518,3b18759c-4,0.1,Lake Lindsaychester,25.84,Delivered
2023-08-30,West,Furniture,Bookcases,381.05,1.0,-53.95,Christopher Murphy,9a4c7d98,a986a24b-1,0.2,Lake Julie,42.39,Delivered
2024-10-17,Central,Office Supplies,Paper,97.58,9.0,-2.6,John Perez,53b19228,918cb287-5,0.1,Lake Kevinshire,36.74,Delivered
2022-12-19,Central,Furniture,Tables,368.27,9.0,22.02,Eric Merritt,04c1466f,a9d598bb-5,,Davidview,12.02,Delivered
2025-06-05,Central,Furniture,Furnishings,791.47,8.0,203.69,Kara Cook,91ec61d1,d7c5b524-1,0.2,West Michelleview,11.41,Delivered
2024-01-28,South,Technology,Copiers,308.71,6.0,-28.91,Emily Howell,ddace8bf,527549ff-8,0.0,Westfort,36.77,Delivered
2024-12-29,East,Technology,Accessories,766.75,2.0,10.05,Dean Diaz,0fd5d94d,f335976e-5,0.2,Kimberlybury,45.1,Delivered
2023-09-25,East,Technology,Phones,421.91,7.0,25.87,Jennifer Douglas,2ae2aecc,f0acd80e-1,0.1,East Jonton,8.4,Delivered
2024-06-02,Central,Furniture,Bookcases,995.54,6.0,95.3,Amanda Harris,1bad3893,9d69654c-6,0.0,Port Richard,41.87,Delivered
2025-03-07,South,Technology,Phones,648.57,3.0,-59.18,Michael Haas,b7ec4e89,b960c2c3-6,0.1,Millerside,32.41,Delivered
2023-06-20,South,Office Supplies,Labels,904.41,7.0,-115.21,Theresa Barry,9df81005,b295725d-a,0.1,East Carrie,36.77,Delivered
2025-05-10,South,Technology,Phones,966.97,5.0,-79.71,Pamela Cooper,64912d2b,425eebf9-5,0.2,Veronicachester,7.37,Delivered
2024-01-31,West,Office Supplies,Paper,608.15,2.0,-36.6,Christopher Parrish,013279d0,083b06ab-7,0.0,Brooksberg,44.21,Returned
2024-07-04,West,Technology,Machines,812.95,7.0,-49.24,Richard Wood,92a5fd7d,7bc42213-5,0.0,North Jill,38.11,Delivered
2023-12-15,East,Technology,Copiers,18.38,4.0,5.11,Jennifer King,6cd6ef7b,55bc049f-7,0.2,West Olivia,9.13,Delivered
2022-11-10,West,Technology,Machines,413.48,10.0,24.39,Caroline Evans,db4eb2c1,b564c0e6-f,0.0,Port Jenniferburgh,13.82,Delivered
2022-12-07,Central,Furniture,Chairs,528.05,3.0,98.3,Kevin Williams,763022a0,04082b88-7,0.0,Port Peterburgh,45.1,Delivered
2024-05-16,South,Furniture,Chairs,528.04,7.0,54.42,Michael Berry,ced9a2dc,2a08a2e3-d,0.2,Victoriaburgh,40.14,Delivered
2024-06-25,West,Furniture,Tables,67.8,1.0,3.91,John Joseph,e9a3d88a,7c0da575-2,0.0,West Justintown,27.87,Delivered
2024-01-10,Central,Technology,Accessories,805.19,9.0,-62.97,Travis Miranda,094f6ace,17d6189e-c,0.0,Mistyborough,43.65,Delivered
2024-12-02,Central,Furniture,Chairs,48.79,3.0,-3.36,Daniel Coffey,f2599589,d3d44a9f-3,0.0,Lake Monica,42.51,Delivered
2023-11-02,South,Technology,Machines,40.34,4.0,5.31,Debra Eaton,c2468d22,68128e83-d,0.0,South Christopher,42.43,Delivered
2022-10-26,East,Technology,Copiers,796.78,7.0,-47.61,Ashley Romero MD,a2d79d74,b20b984f-5,0.0,Lake Michael,25.04,Delivered
2025-07-10,East,Office Supplies,Art,225.18,4.0,15.14,David Russell,c2938481,c659628e-6,0.3,South Carolyn,,Delivered
2025-01-25,West,Technology,Machines,299.01,8.0,-7.73,Stanley Moore,7de25695,3a7a7229-b,0.0,Stevenmouth,35.77,Delivered
2025-03-21,Central,Technology,Copiers,701.47,4.0,34.36,Evan Levy,6109dcb6,2487e065-a,0.1,New Angelaborough,24.79,Delivered
2022-10-12,Central,Furniture,Chairs,988.73,1.0,,Juan Weaver,5e24b073,f5158367-2,0.0,Terrellchester,45.93,Delivered
2024-09-23,West,Office Supplies,Binders,810.52,2.0,119.08,Eric Hill,a79fd0ba,e50cb148-7,0.3,Marilynland,30.41,Returned
2023-09-06,South,Technology,Accessories,403.46,7.0,-60.75,Morgan Patterson,d1c4340d,e0736278-f,0.2,South Devonshire,35.23,Cancelled
2024-03-13,Central,Technology,Phones,734.32,4.0,37.37,Nancy Khan,fbe59a79,376da9b0-0,0.1,Lake Travismouth,46.07,Delivered
2022-07-17,West,Office Supplies,Art,902.2,9.0,-52.21,Jonathan Campbell,7d546719,f2a08f79-1,0.0,Bryanmouth,21.63,In Transit
2024-12-11,West,Furniture,Bookcases,228.95,7.0,-5.83,Kyle Cervantes,837bb059,3a8fa823-d,0.0,Bowenview,29.98,Returned
2023-04-05,East,Technology,Accessories,60.09,4.0,10.46,John Ford,f701c160,dcb806f5-b,0.0,Benjaminfort,10.01,Delivered
2024-04-27,East,Furniture,Bookcases,970.08,3.0,-165.01,John Dodson,8ee1a394,978a1d20-8,0.3,Harrisport,22.57,In Transit
2022-12-23,South,Technology,Phones,316.76,2.0,1.46,Monica Rivera,7583935f,8f35085e-9,0.0,Port Dannybury,24.84,Delivered
2025-04-26,West,Furniture,Chairs,142.34,5.0,-13.01,Erica Patton,876a02b2,a549eb30-b,0.2,Taylorborough,6.9,Delivered
2023-11-21,Central,Office Supplies,Labels,107.05,4.0,-10.13,Lindsey Rivas,3407c959,533fdfaf-0,0.1,Carpenterside,8.04,Cancelled
2025-03-14,West,Furniture,Tables,820.68,5.0,89.32,Nicole Morrison,363d271d,12862267-f,0.0,Romeroton,22.45,In Transit
2022-08-26,West,Office Supplies,Labels,810.09,1.0,130.71,Christopher Hernandez,42a4c683,7dbffc69-e,0.0,Alanmouth,27.86,In Transit
2023-05-08,East,Technology,Machines,752.49,2.0,-18.08,Patricia Anderson,34e8f51e,17bc3460-9,0.3,East Nicholasville,12.85,In Transit
2024-09-21,West,Furniture,Chairs,,6.0,-45.01,David Gibson,c52ad6df,5f53627d-6,0.1,Camposmouth,36.55,Cancelled
2023-12-19,West,Furniture,Bookcases,25.96,6.0,0.6,Tonya Jones,376a2425,631c7330-e,0.0,West Sarah,16.82,Delivered
2023-02-04,South,Office Supplies,Binders,979.35,4.0,-60.31,Robert Rhodes,29b432a3,4a572997-8,0.0,Weaverfort,9.45,In Transit
2022-12-31,West,Furniture,Furnishings,240.43,3.0,-42.41,Karen Wright,683bb848,55a0adba-e,0.2,Lake Seanchester,45.08,Cancelled
2025-05-17,South,Office Supplies,Paper,690.32,6.0,132.5,Jacob Burns,23c7b16c,bacba3b6-a,0.0,West Michelle,24.44,In Transit
2022-07-20,East,Office Supplies,Paper,70.15,6.0,11.52,Adrian Carr,4f81fe13,df10f687-8,0.0,Levineberg,5.76,In Transit
2024-01-04,Central,Office Supplies,Art,230.97,6.0,23.19,Kaitlyn Patterson,f10f1141,76fc0884-7,0.0,West Jamesmouth,35.5,Delivered
2022-10-31,West,Office Supplies,Binders,479.25,10.0,9.4,Emily Barr,1db51359,1dd37636-b,0.1,Hillborough,39.81,Returned
2024-10-25,South,Technology,Copiers,64.73,7.0,11.0,Stephanie Burch,61c1d25b,beeb8889-b,0.2,North Karen,36.27,Delivered
2024-04-07,West,Office Supplies,Art,139.41,7.0,-25.6,Austin Davis,10e12cbb,4e3d6f62-c,0.0,Latoyaview,5.74,Cancelled
2024-03-13,West,Office Supplies,Binders,770.95,5.0,-52.05,Henry Marshall,1568ce34,6fb27b86-e,0.0,Thomasshire,13.32,In Transit
2022-12-06,West,Office Supplies,Labels,607.06,6.0,77.93,Joseph Collins,9b2b4a7f,f79f1595-9,0.1,Janetview,48.11,Cancelled
2025-03-05,South,Furniture,Bookcases,897.12,3.0,82.21,Courtney Nixon,1d411b55,0b8231a8-c,0.0,Lake Josephview,42.51,Delivered
2023-03-09,West,Furniture,Tables,239.63,,-9.27,John Alexander,eaca9c65,a3f14956-6,0.1,Moralesborough,12.99,Delivered
2023-06-20,South,Office Supplies,Paper,121.16,10.0,25.21,Linda Taylor,f2329666,812abe8d-8,0.0,Jenkinsbury,,In Transit
2024-04-07,East,Technology,Phones,132.56,7.0,-6.08,John Smith,1353c7d9,fc508967-e,0.1,West Robert,18.48,Delivered
2023-01-30,Central,Furniture,Furnishings,632.67,8.0,107.55,Erin Moreno,304901fc,49a76fbd-3,0.0,Sarahport,48.88,Delivered
2023-10-27,West,Office Supplies,Paper,21.85,5.0,-2.53,Brandon Davenport,8157d75e,f6f246f4-1,0.0,South Elizabethville,21.04,Delivered
2022-07-22,South,Technology,Copiers,898.16,10.0,-50.12,Timothy Lindsey,300e7d3d,fc2ae87e-6,0.2,Robertland,35.41,Cancelled
2023-08-05,South,Furniture,Chairs,21.57,8.0,2.13,Carl Thompson,4f39cb15,dd939b04-4,0.0,Christopherside,13.52,In Transit
2023-10-05,South,Furniture,Furnishings,13.85,4.0,-0.82,Theresa Carter,9315f453,75377215-a,0.3,Watkinstown,5.14,In Transit
2023-06-20,West,Furniture,Furnishings,96.84,8.0,14.91,Taylor Kelly,25ce9869,f12400f7-1,0.0,Kyleport,45.6,Returned
2022-09-24,South,Furniture,Chairs,572.96,3.0,20.5,Rebecca Kline,95f21fd3,009ae61d-0,0.0,North Dawn,43.29,Returned
2024-11-21,East,Office Supplies,Paper,121.98,7.0,19.47,Christopher Webb,6fbcf453,de587c48-f,0.1,Brandonfort,12.75,Delivered
2023-06-30,South,Technology,Accessories,861.56,2.0,-120.89,Bobby Bradford,c3c10d2d,a03db7bc-9,0.0,East Aaronchester,8.86,Delivered
2023-07-15,South,Furniture,Bookcases,223.39,8.0,0.39,Bobby Morrison,2a9b237b,1379f843-1,0.0,Lisamouth,37.98,Cancelled
2025-07-04,East,Office Supplies,Paper,216.39,9.0,43.45,Zachary Flores PhD,1b9ff9ca,cc053b4f-e,0.0,Kanestad,33.14,Delivered
2024-03-31,South,Office Supplies,Labels,647.27,5.0,-3.78,Reginald Villanueva,118d6123,dce5af8a-4,0.1,East Brianna,36.22,Delivered
2024-09-03,Central,Office Supplies,Binders,133.87,2.0,-15.26,Tanya Moran,1e2d69b7,09078a84-3,0.1,Smithport,40.06,Delivered
2023-03-11,West,Office Supplies,Paper,849.1,1.0,-65.54,Anna Patel,5720f18b,edea6a73-c,0.2,Rachelfort,48.66,In Transit
2023-12-09,West,Technology,Copiers,275.93,1.0,-53.33,Gail White,75d8d06d,3a9ba823-b,0.3,Hernandezville,22.19,In Transit
2024-07-19,Central,Technology,Accessories,49.43,4.0,-5.15,William Sullivan,6789d3b5,26473919-9,0.0,East Jimmymouth,30.35,Delivered
2024-10-22,Central,Technology,Copiers,934.51,3.0,,Adam Hayes,1dee8691,cae435ce-f,0.1,South Madelineside,34.62,Delivered
2023-07-27,West,Technology,Copiers,920.01,,153.27,Elizabeth Graham,5e31fb47,7e8861a6-c,0.2,Thompsonberg,29.05,In Transit
2022-08-27,West,Furniture,Bookcases,916.22,2.0,-72.88,Douglas Parker,89f906e1,72788b5a-d,,Riddlefurt,31.24,Cancelled
2024-01-29,West,Office Supplies,Labels,519.32,,12.66,Joan Wilson,a778649a,72a59beb-3,0.1,Martinview,16.68,Delivered
2025-04-04,Central,Furniture,Chairs,914.63,7.0,-38.58,Leah Tucker,b19485b3,0309c405-a,0.2,Lake Kristopherfurt,6.79,Delivered
2024-06-18,West,Technology,Machines,431.59,1.0,43.22,Steven Moses,f89b54c5,d46e88c3-3,0.0,East Paul,10.15,Delivered
2024-10-31,Central,Technology,Phones,756.35,6.0,39.83,Brent Saunders,564d2b16,6058434a-0,0.0,Flynnborough,49.81,Delivered
2023-04-01,East,Furniture,Tables,657.22,10.0,69.97,Brooke Jackson,60b4c33c,23d90c6d-8,0.0,West Douglasmouth,,
2023-02-19,South,Technology,Machines,220.12,9.0,18.99,David Robles,d55b4df2,35288841-9,0.0,Tonyahaven,18.1,Delivered
2024-08-10,South,Technology,Accessories,671.23,2.0,66.9,Shawn Mccoy,fb58e2bb,67b19784-0,0.1,Stevenborough,25.09,Cancelled
2023-02-21,South,Office Supplies,Labels,286.31,3.0,13.42,Justin Holden,b8c5c6e3,2458de9c-7,0.1,Douglastown,48.01,Delivered
2024-02-17,Central,Office Supplies,Paper,63.49,3.0,-5.4,Amy Thompson,831e868b,5d3967b8-c,0.0,East Gabriel,21.65,Delivered
2025-06-01,Central,Technology,Accessories,647.9,1.0,-91.58,Jacob Lee,fbc7c5b6,ef174467-e,0.3,Jamesborough,27.99,Delivered
2022-11-04,East,Office Supplies,Paper,894.11,6.0,96.0,Evan Williams,897360ad,b51d35dc-9,0.0,Nicholasburgh,15.49,Delivered
2025-03-12,Central,Office Supplies,Binders,,6.0,-67.46,Michael Phillips,7d0683d2,e05605b5-0,0.1,New Stefaniestad,23.29,Cancelled
2024-09-20,West,Furniture,Bookcases,146.37,6.0,-0.59,Jimmy Brown,7a089345,1b4568a9-4,0.0,East Natashamouth,29.32,Delivered
2023-11-10,West,Furniture,Chairs,459.81,1.0,-5.74,Barry Patel,b3e67d04,c0570b97-2,0.3,Lake Lauren,36.29,Delivered
2024-12-04,South,Office Supplies,Art,456.23,4.0,50.14,Rhonda Li,50c3ae4c,9b582e5a-4,0.2,Gardnermouth,32.32,Delivered
2023-08-04,East,Technology,Copiers,707.09,8.0,29.04,James Velez PhD,ffecf3d3,b04a85d5-0,0.0,Barryland,42.16,Delivered
2023-10-07,East,Technology,Copiers,868.17,10.0,98.18,Jordan Carter,2428d11f,0decc86e-a,0.2,South Scott,16.13,In Transit
2023-08-18,Central,Furniture,Chairs,644.02,1.0,85.8,Kurt Cochran,eff38eae,205a5e52-6,0.0,Port Julie,24.03,In Transit
2023-03-26,East,Office Supplies,Paper,451.29,10.0,-28.2,Raymond Maxwell,f3fc2ed4,1a1f9e5b-5,0.0,Torresside,6.09,Delivered
2024-03-14,West,Office Supplies,Binders,460.73,9.0,122.73,Curtis Lloyd,779b6eff,21590683-1,0.2,Lake Danielstad,41.57,In Transit
2024-08-09,West,Office Supplies,Paper,392.83,,12.91,Tabitha Walker,6e18d8eb,b4340ac5-6,0.0,New Stanleyview,45.23,Delivered
2023-01-15,East,Office Supplies,Binders,921.66,4.0,-173.13,Sarah Sims,6a93358e,f49470a0-9,0.0,West Angelastad,34.15,In Transit
2023-01-21,West,Technology,Accessories,918.85,4.0,-114.6,April Little,495b4d4f,8160f6a8-3,0.2,Allisonbury,19.93,Delivered
2022-11-14,South,Office Supplies,Labels,678.56,4.0,-87.5,Vanessa Owens,f48d6472,ab983df8-1,0.1,Jeffreyport,9.52,In Transit
2023-08-12,South,Furniture,Bookcases,999.21,2.0,75.09,Jeffery Walsh,94f8b6e1,c6685c94-4,0.1,Grossberg,9.38,Cancelled
2025-05-02,East,Office Supplies,Labels,955.81,7.0,-133.42,Dennis Mcintosh,aff47fb9,fa350252-9,0.2,Timothyton,29.98,Delivered
2023-03-30,South,Furniture,Tables,,9.0,-22.29,Thomas Bryant,b1b7b8bc,a644d183-6,0.0,Tashahaven,25.86,Delivered
2022-09-15,Central,Furniture,Tables,180.86,1.0,8.72,Mrs. Megan Ruiz DVM,1fee626f,d820ca98-d,0.0,West Aliciaview,29.59,Delivered
2022-07-31,West,Office Supplies,Paper,490.56,10.0,-6.04,Kathleen Hayden,623cf468,b1be3c53-5,0.2,West Christopherside,29.71,Delivered
2024-05-11,South,Technology,Copiers,184.06,2.0,-32.2,Patrick Glenn,104b9ddd,53c00e06-2,0.0,East Stephaniefort,16.81,Delivered
2025-05-29,East,Office Supplies,Art,776.68,5.0,-31.82,Elizabeth Li,12004ca2,728344cb-b,0.0,Garciamouth,9.04,In Transit
2024-08-07,Central,Office Supplies,Paper,744.56,1.0,-101.16,Jacob Hurst,b46151b9,52dff743-2,0.1,South Jimbury,26.72,Delivered
2024-11-26,South,Furniture,Tables,586.0,9.0,34.95,Rodney Jackson,355fa98c,29d51e09-9,0.0,Karenfurt,33.82,In Transit
2023-12-01,West,Technology,Phones,660.92,3.0,7.44,Keith Perkins,fec8f8a6,f33fdae4-d,0.0,Veronicaton,29.65,Delivered
2024-06-19,South,Office Supplies,Labels,855.11,8.0,-168.17,Shawna Paul,f98de494,49d28a68-e,0.0,Garyhaven,28.27,Delivered
2023-05-27,West,Office Supplies,Art,167.2,7.0,45.22,Laura Lopez,98cda421,0a3d6727-4,0.3,South Susan,36.41,Cancelled
2022-08-27,West,Office Supplies,Paper,578.49,7.0,-0.93,Tommy Lewis,344017cc,fcfd148f-6,0.2,Barbaraburgh,19.03,Returned
2023-03-12,Central,Technology,Accessories,703.52,8.0,-11.42,Brandon Harrison,d97e9fb3,94db5ca2-6,0.0,Sullivanfurt,15.97,In Transit
2024-03-08,South,Technology,Machines,514.07,5.0,86.49,Aaron Palmer,398a07e2,2e907f48-4,0.0,Cortezstad,42.77,In Transit
2025-04-14,East,Furniture,Chairs,28.13,4.0,7.88,Jennifer Sherman,ec7fb3f2,336ac3bc-3,0.0,Dicksonberg,29.04,Delivered
2023-11-12,South,Technology,Phones,811.36,5.0,119.56,Michael Owens,9089b894,b664f7dc-c,0.2,Waltermouth,38.77,Cancelled
2022-09-26,East,Technology,Phones,703.84,1.0,-36.98,Allison Diaz,fafe6c58,2e97fa0e-6,0.2,Brendamouth,41.56,In Transit
2022-10-31,Central,Technology,Copiers,,9.0,59.19,Austin Myers,371a4f2c,796288bf-7,0.1,South John,28.73,Delivered
2024-02-15,West,Office Supplies,Art,11.99,5.0,-0.11,Samuel Lewis,066b7f2d,e65715b0-c,0.2,New Anthonyport,35.53,Delivered
2025-03-24,Central,Office Supplies,Binders,862.69,7.0,42.4,Michael Russell,6fac9ec0,43194237-1,0.1,New Danielshire,26.83,Delivered
2025-03-21,West,Technology,Copiers,614.79,10.0,126.69,Melissa Greene,a65f13c0,c37962ca-6,0.0,Lake Paulbury,6.42,Delivered
2023-04-11,South,Furniture,Chairs,804.98,9.0,177.92,Crystal Sosa,3d0babbe,da3cb691-8,0.0,,39.93,In Transit
2022-12-15,Central,Office Supplies,Art,239.62,2.0,-0.69,Eugene Mann,b174f595,d716b1d8-c,0.1,Nicholasmouth,27.78,In Transit
2023-10-24,East,Office Supplies,Binders,233.87,6.0,-43.09,Jill Graves,52f34419,91bc992c-7,0.0,Pottsview,16.11,Delivered
2024-08-08,West,Technology,Machines,335.52,3.0,-44.42,William Smith,55a02ebe,8bbdd578-7,0.0,North Heatherhaven,30.18,Delivered
2024-09-09,South,Technology,Copiers,459.0,9.0,1.79,Mrs. Amanda Roman,630acad8,b50890e2-b,0.2,New Wanda,33.54,In Transit
2023-08-31,West,Office Supplies,Labels,435.35,5.0,101.0,Mitchell Gonzalez,3e64619c,7e7d21e2-3,0.0,Lake Tiffanyview,40.49,Delivered
2023-03-07,West,Technology,Machines,580.86,3.0,165.51,Brian Mcdonald,1c609295,3938c853-9,0.0,Benjaminhaven,25.93,Delivered
2023-09-04,East,Technology,Copiers,835.65,3.0,,Mark Wilson,80b07857,63d80ab6-e,0.0,Jamesmouth,37.46,Delivered
2023-04-15,East,Technology,Accessories,924.33,3.0,-80.53,Suzanne Sparks,5a9e6e76,26c6cdb8-a,0.2,Jenniferbury,10.3,Delivered
2024-05-06,South,Office Supplies,Paper,225.04,1.0,41.89,Peter Hood,db204e8f,ec861379-c,0.2,Shannonbury,49.06,Delivered
2024-06-16,South,Technology,Machines,283.64,5.0,45.72,Erica Dominguez,b5a5e52f,03756dfb-0,0.0,Lake Isaiah,32.48,In Transit
2024-10-02,East,Office Supplies,Binders,946.98,3.0,19.76,Joseph Pope,1b1a5f92,d209a461-8,0.2,North Charles,18.47,In Transit
2023-11-26,East,Technology,Accessories,62.77,10.0,-1.92,Samantha Brown,ac1d21f4,cb273c03-7,0.0,Michelleborough,39.08,Delivered
2023-03-27,South,Office Supplies,Binders,165.62,4.0,,Charles Garcia,0a2c36d9,fa4595a3-2,0.0,East Alexander,49.98,Cancelled
2022-11-27,West,Office Supplies,Paper,198.39,8.0,-19.72,Nicole Christensen,0735f7b8,ec500ab8-e,,Cynthiamouth,47.14,Delivered
2023-09-22,South,Office Supplies,Labels,409.27,,5.53,Juan Hamilton,2867e6a9,a019358b-9,0.0,Ryantown,6.81,Delivered
2022-11-13,East,Technology,Accessories,68.21,5.0,11.42,Craig Martin,c500f84b,a22951ec-c,0.0,Jenniferland,40.52,In Transit
2022-09-18,Central,Furniture,Bookcases,70.49,8.0,-9.12,Angela Snow,fde6c417,e4f397c0-3,0.1,Lake Cynthia,36.96,Delivered
2023-12-12,West,Technology,Machines,439.46,1.0,101.14,Melissa Stewart,0957ee55,6d08cae6-9,0.1,Jaredport,30.03,Cancelled
2024-11-09,Central,Technology,Phones,42.99,10.0,-7.69,Joshua Nixon,17d8ee4a,015033f2-5,0.3,North Brandifort,14.86,Delivered
2023-11-10,East,Office Supplies,Binders,566.29,1.0,23.02,Alexander Russell,c0d52c40,77748514-f,0.0,South Nancyside,30.74,In Transit
2022-11-04,South,Furniture,Tables,400.47,8.0,-71.62,Vicki Baldwin,66aac9ec,6c0ec967-e,0.2,East Eddiechester,46.99,Cancelled
2023-09-10,South,Technology,Copiers,445.44,7.0,57.91,Catherine Hansen,435b06b4,00b8125a-4,0.0,Port Danielleville,28.24,Delivered
2023-10-09,West,Office Supplies,Binders,142.08,2.0,-27.42,Megan Atkinson,c113fb16,2360be0c-c,0.2,New Matthewmouth,46.31,Delivered
2025-06-10,East,Furniture,Chairs,137.66,10.0,0.61,Victor Becker,e8d61695,f69f5330-3,0.2,Spearsmouth,45.47,Returned
2024-01-08,Central,Technology,Machines,204.36,6.0,26.14,William Cortez,daeb9da7,dd1af6ab-e,0.0,West Williamfort,30.16,Delivered
2024-07-03,East,Technology,Copiers,993.5,10.0,-54.73,Lori Rosales,f51ee556,afe65921-2,0.0,Duncanfurt,,In Transit
2023-06-26,Central,Technology,Copiers,157.21,3.0,-29.1,William Howell,32536db2,e6577ac4-a,0.2,North Randy,6.55,Delivered
2022-12-30,East,Furniture,Tables,643.47,4.0,167.39,Jennifer Oconnell,61a73f32,93fb95b8-9,0.0,Nielsenfort,30.63,Delivered
2025-07-04,Central,Technology,Copiers,503.32,8.0,-90.53,Carrie Dunn,25e7b248,a7154347-b,0.0,Franktown,26.45,In Transit
2024-02-21,South,Office Supplies,Paper,648.84,10.0,-14.47,Adam Oconnor,2502386e,b0ed7aec-8,0.1,Sandraville,,Delivered
2025-01-23,West,Furniture,Chairs,433.73,5.0,95.26,Clayton Hammond,82731848,86e1ce2a-0,0.0,Port Oscar,12.05,Delivered
2024-08-24,West,Technology,Copiers,904.58,1.0,-108.54,Barbara Gonzalez,372c2919,32d04c47-0,0.2,Hannahburgh,42.13,Delivered
2022-12-27,East,Furniture,Tables,58.55,2.0,-2.32,Jeremy Olson,28275af7,73612bd2-d,0.0,Lake Scotttown,,In Transit
2022-08-30,South,Office Supplies,Art,159.98,10.0,1.2,Charles Pineda,18cac224,95f3e6db-b,0.0,Lake Emilyshire,29.3,In Transit
2024-05-27,East,Technology,Copiers,744.44,,166.22,Don Nichols,426dd4f3,4ed337cf-d,0.0,South Maryport,32.69,Cancelled
2024-05-27,East,Technology,Accessories,628.12,7.0,,Jordan Austin,16bca7ae,c5a94054-9,0.0,Gordonburgh,18.42,Delivered
2023-06-15,West,Office Supplies,Labels,568.66,10.0,-107.27,Dr. Anthony Carr DDS,d66856fe,dfad6841-4,0.0,Herreraberg,30.61,Delivered
2023-10-07,Central,Furniture,Furnishings,538.71,3.0,,Gabriel Lopez,d698635f,b28e8706-0,,Williamstad,46.81,Delivered
2025-01-01,South,Technology,Phones,345.17,9.0,-7.59,Stephanie Garrett,7e27cbf5,d4762f67-2,0.1,Taylorborough,31.71,Cancelled
2023-05-13,East,Furniture,Furnishings,460.18,6.0,-43.35,Heather Wilson,e551bdba,20d143a7-5,0.3,North Kevinstad,24.11,Delivered
2025-06-14,South,Technology,Phones,709.86,6.0,56.82,Molly Simpson,129a2f03,a9189285-0,0.2,New Rebecca,47.1,Cancelled
2022-07-28,West,Furniture,Furnishings,913.97,8.0,-179.02,Michelle Greer,8c697c9f,8c3b5176-c,,Jacksonton,,Delivered
2023-04-17,West,Furniture,Tables,,7.0,-12.66,Stephen Johnson,efe16c07,7a5b9f2c-5,0.1,Cookmouth,45.73,In Transit
2025-02-09,Central,Furniture,Furnishings,918.54,10.0,-136.31,Matthew Brooks,95edc4d5,e04a3e22-7,0.1,East Robin,7.17,In Transit
2025-04-23,East,Furniture,Furnishings,649.57,5.0,168.91,Terri Haas,5821dc41,f285b7de-1,0.0,Lake Carolyn,6.72,Delivered
2025-03-24,South,Furniture,Chairs,942.48,7.0,-2.63,Ann Barnes,6e99ca70,7e5a66d8-8,0.0,South Stephen,7.56,In Transit
2024-08-28,East,Furniture,Tables,681.77,10.0,13.49,Alyssa Steele,d5e50c11,53d55816-2,0.0,Andrewburgh,13.72,Delivered
2025-06-21,Central,Office Supplies,Binders,602.8,4.0,-102.52,Joshua Hall,c6b45c34,b9fa548a-5,0.0,Matthewville,38.82,Delivered
2024-12-18,South,Technology,Copiers,95.57,1.0,1.79,Sharon Bryant,bf159e29,5d611264-8,0.0,Doriston,22.86,Delivered
2023-08-30,East,Technology,Phones,158.35,9.0,-13.62,Shannon Simon,a15d036d,19ad27e8-1,0.0,Littlemouth,25.7,Cancelled
2024-11-01,South,Office Supplies,Binders,271.92,3.0,30.77,John Douglas,de83f376,b387e636-a,0.2,Lake Eric,16.39,Delivered
2023-08-31,South,Furniture,Furnishings,953.05,4.0,263.68,Dr. Carrie Love,8b84b84f,2a1e1542-f,0.0,Lake Wandaton,42.34,Delivered
2023-11-29,West,Furniture,Tables,389.93,5.0,-34.35,Kristen Jenkins,7e748e44,92de9c3e-3,0.2,New Seanhaven,8.95,Delivered
2025-02-25,East,Office Supplies,Labels,179.6,9.0,,Sherry Wang,89ef1ce3,d65b0901-a,0.2,Port Nathan,10.12,In Transit
2023-08-30,West,Office Supplies,Art,326.16,4.0,-27.66,Alyssa Williams,a739720f,aeee68c3-2,0.0,Romeroland,41.05,In Transit
2025-01-15,East,Technology,Machines,,5.0,-79.91,Justin Davis,643fc739,82e72403-6,0.0,Kentshire,28.56,In Transit
2025-03-10,East,Office Supplies,Labels,,2.0,-8.64,Larry Cook,b163750d,9caac7a0-9,0.1,Reevesfort,,Delivered
2025-06-07,West,Furniture,Furnishings,844.04,4.0,-78.27,Barbara Brown,4f12d35c,1ced1ef3-a,0.0,Lake Daniel,32.47,Delivered
2025-01-19,Central,Furniture,Chairs,259.56,4.0,9.12,Kenneth Vega,1e3d19b0,d4aba716-d,0.0,Derrickborough,38.61,Delivered
2024-12-05,West,Furniture,Tables,729.95,3.0,157.18,Amanda Freeman,97125298,e7f23f71-1,0.0,Josephside,17.27,Delivered
2024-01-16,West,Office Supplies,Labels,192.31,5.0,-10.67,Cheyenne Campos,2eff260d,02802954-f,0.0,Codyberg,15.79,Delivered
2023-03-28,South,Furniture,Furnishings,759.5,10.0,-61.2,Mrs. Haley Townsend,e73f9a88,5a8642cb-0,0.0,Lake Lindaburgh,17.41,Delivered
2022-09-27,East,Technology,Phones,709.46,5.0,-16.45,Monica Hampton,3621310c,2db029e9-4,0.0,Mackborough,31.93,In Transit
2022-10-03,Central,Furniture,Chairs,861.66,2.0,-37.56,Rodney Tran,dc751feb,1e36a190-2,0.2,South Jessicamouth,19.21,Delivered
2024-10-27,Central,Technology,Copiers,426.12,,36.95,Aaron Smith,16a60737,12bc3ae8-a,0.0,New Matthewburgh,21.29,Delivered
2024-01-03,East,Office Supplies,Art,380.32,8.0,73.39,Christopher Wright,effa91a2,82d2605c-9,0.0,Paynetown,12.72,In Transit
2025-06-13,West,Technology,Phones,,8.0,-9.03,Joshua Mathis,379cba2e,8a8709eb-5,0.0,Joycefort,41.53,Delivered
2023-08-30,South,Furniture,Tables,109.97,10.0,15.69,Ryan Lee,13d41222,aed6757f-c,0.1,Frederickland,26.3,Cancelled
2023-04-06,West,Furniture,Tables,116.25,10.0,-17.81,Mitchell Hayes,4a1a3ef4,0253f9ce-8,0.1,Michaelmouth,25.2,Delivered
2025-01-17,East,Furniture,Tables,,5.0,-8.89,Laura Dixon,1d80e64a,ada7f059-1,0.0,New Katherineshire,49.14,Returned
2025-03-13,East,Office Supplies,Labels,899.13,5.0,-138.33,Christine Mcpherson,846c41a5,27d4f189-4,0.0,South Jacqueline,12.6,Delivered
2024-12-06,Central,Office Supplies,Art,903.74,10.0,54.0,Mark Smith,75f5c2da,9d3cd38f-0,0.0,Taylorland,38.06,In Transit
2023-03-11,Central,Furniture,Chairs,939.07,9.0,-136.05,Bernard Weeks,2b2e80ea,ca1b6633-e,0.3,Port Wendyview,29.69,Delivered
2023-05-29,West,Furniture,Bookcases,,2.0,48.68,Christina Garrett,bb72df7d,bb881dbf-9,0.0,Riverastad,9.07,
2024-01-04,East,Office Supplies,Binders,947.53,6.0,,Dustin Reed,2fe2e631,f2d95736-0,0.2,East Sabrina,15.6,Delivered
2023-08-01,Central,Furniture,Tables,246.07,6.0,58.39,Jason Cunningham,8e4ed89a,2d1d2fb0-e,0.0,Allenshire,11.24,Delivered
2024-02-02,Central,Office Supplies,Paper,408.99,6.0,83.08,Bryan Oconnor,4d581c92,5e6a289e-2,0.2,Rhondaborough,29.97,Delivered
2024-04-26,West,Office Supplies,Labels,622.36,4.0,98.04,Reginald Williams,032c010a,ef3e643c-1,0.0,Erinside,15.8,Delivered
2023-11-29,Central,Office Supplies,Binders,489.03,6.0,53.89,Christopher Parker,1907c050,9704eadc-6,0.0,South Carlborough,21.26,Delivered
2023-01-20,South,Office Supplies,Binders,867.14,7.0,-139.95,Scott Freeman,c486eae5,73f55582-0,0.0,New Allenfort,47.14,Delivered
2024-09-06,Central,Furniture,Chairs,439.98,10.0,-87.78,Stephen Whitney,15db83c7,27ea6ebc-f,,Hannahfurt,45.54,Delivered
2023-03-05,South,Office Supplies,Labels,657.78,5.0,120.36,Rachael Lopez,7a3a752c,09e8eb5c-8,0.0,Lake Laura,16.18,Delivered
2024-06-26,Central,Office Supplies,Art,921.82,7.0,92.52,Timothy Rivers,8c76d42a,8a855d3e-4,0.1,Lopezstad,33.44,Cancelled
2024-08-07,West,Technology,Copiers,664.85,2.0,45.93,Andrea Harris,a650a233,397454d7-b,0.0,Brianton,44.75,Delivered
2023-12-29,East,Technology,Accessories,962.23,1.0,212.12,Sarah Lee,ae690233,d1c32aed-b,0.0,West Laurie,43.73,In Transit
2025-06-22,West,Office Supplies,Binders,283.0,8.0,3.01,Joyce Ryan,226b1f99,c4f5db30-2,0.0,Lake Crystaltown,32.66,Delivered
2024-11-02,West,Office Supplies,Art,701.44,3.0,153.96,Maria Hart,94678dfb,4837f4e2-9,0.2,Ryanbury,9.35,Delivered
2024-08-11,Central,Office Supplies,Binders,197.61,2.0,27.75,Christine Robinson,1e469787,64820b95-2,0.0,Brownville,22.59,Cancelled
2024-06-05,South,Office Supplies,Binders,502.26,,138.77,Bonnie Daniels,fb6de034,25c5e219-5,0.0,Lake Tiffany,5.7,Delivered
2023-01-28,East,Furniture,Tables,288.24,8.0,-15.5,Patricia Smith,f702bb46,e4edad87-9,0.0,East Lucashaven,32.94,Delivered
2024-07-06,East,Technology,Copiers,885.28,6.0,147.39,Gregory Sherman,ef8b3db3,60c79dc9-1,0.1,Roachland,18.66,Delivered
2023-09-15,East,Technology,Machines,326.02,2.0,13.07,Marissa Scott,8e37d564,ca60a770-1,0.1,North Tabithaburgh,48.36,Cancelled
2023-05-13,South,Technology,Accessories,900.82,9.0,13.04,Jennifer Villarreal,6c42af0e,c95f1288-0,0.2,Matthewchester,33.01,In Transit
2023-09-07,Central,Office Supplies,Art,364.42,6.0,87.65,Nicole Hall,efa181bd,cf901edf-4,0.0,Nicolefurt,,In Transit
2022-09-07,West,Furniture,Bookcases,748.36,9.0,-121.14,Monica Davis,506b92e5,dd5f11e4-4,0.2,Port Michael,14.65,Delivered
2023-12-10,East,Furniture,Tables,565.02,6.0,153.42,Stephanie Richardson,c427a445,c39070d1-b,,,24.62,In Transit
2023-10-09,Central,Office Supplies,Labels,945.04,1.0,-69.97,Kyle Cruz,d8566487,05eb68eb-c,0.0,Jeremyborough,16.51,Delivered
2024-05-28,Central,Office Supplies,Paper,980.59,3.0,-107.61,Kenneth Gallegos,78ece185,1ee2a07f-4,0.3,Johnhaven,9.98,Delivered
2023-07-11,Central,Office Supplies,Labels,801.28,3.0,,Donald Curry,c464bc33,1e85ebbd-d,0.0,Jenniferville,32.81,In Transit
2025-01-19,West,Technology,Phones,189.63,4.0,34.13,Hannah Wheeler,5c8470c4,1f255d64-a,0.2,West James,17.71,Delivered
2024-11-21,Central,Technology,Machines,971.46,2.0,72.47,Sydney Bell,e85e025c,b0469a3c-b,0.0,Bryantberg,26.63,Delivered
2023-12-28,Central,Office Supplies,Paper,135.38,4.0,17.17,Wayne Wright,c8470eee,90d7d62f-d,0.0,Jonesfort,8.07,Delivered
2025-05-06,Central,Furniture,Furnishings,211.53,5.0,29.69,Cynthia Caldwell,c67de0e0,6878ded9-9,0.0,Richardmouth,33.98,In Transit
2025-05-09,Central,Office Supplies,Paper,633.38,2.0,101.58,Philip Rogers,560ba190,144bd0d5-c,0.1,South Ericland,17.57,Delivered
2025-02-26,South,Technology,Accessories,,8.0,162.85,Kenneth Meza,d269a7a7,e4ad68bb-b,0.0,Ralphhaven,22.73,Delivered
2025-03-10,East,Furniture,Chairs,913.68,2.0,190.06,Kyle Rodriguez,97df46d2,d76acdb6-0,0.1,North Allison,23.82,Delivered
2024-12-17,East,Office Supplies,Paper,926.84,1.0,-178.51,Lance Hernandez,568337e8,012cbf9f-8,0.3,Thomasport,20.43,Delivered
2023-01-15,East,Furniture,Tables,858.14,2.0,-3.67,Joshua Wise,46adb1aa,ece0ff27-a,0.2,South Danielle,19.12,Delivered
2024-07-25,South,Furniture,Tables,674.81,1.0,117.59,Melissa Crawford,1e105a0b,1f52173c-f,0.2,Brownchester,6.42,Delivered
2024-08-30,West,Office Supplies,Labels,579.11,7.0,-76.03,Brandon Blankenship,543f2517,18bacbe0-c,0.1,New William,38.62,Delivered
2024-04-02,East,Furniture,Chairs,,7.0,22.17,Brian Campbell,ddb4971d,d7419db3-1,0.0,Smithmouth,38.99,Delivered
2024-02-03,Central,Furniture,Tables,70.48,8.0,6.01,Jason Schmitt,c76be495,a343ceed-1,0.0,Louiston,24.34,Delivered
2024-12-02,South,Office Supplies,Paper,971.85,7.0,202.83,Jennifer Dean,455e8bbf,f8334b1f-1,0.1,Collinfort,34.78,Delivered
2024-02-16,South,Technology,Copiers,478.06,7.0,89.18,Shelley Williams,0d43d43d,ba22cab0-3,0.0,North Cindystad,22.42,Delivered
2024-03-19,East,Office Supplies,Labels,409.43,6.0,-80.27,Justin Davis,6303f6ce,70a0c31f-5,0.0,Port Tylerfort,34.09,Delivered
2024-02-02,Central,Office Supplies,Art,994.56,3.0,-89.75,Nicholas Singleton,31ff3c00,5ee71023-5,0.2,Contrerasmouth,32.08,Delivered
2023-01-07,South,Office Supplies,Labels,632.07,1.0,153.74,Alyssa Brooks,e59e6fdc,c334eb0d-4,0.0,Parkerhaven,23.64,Delivered
2022-11-14,East,Technology,Accessories,900.81,1.0,128.39,Jonathan Forbes,51c44c42,45e7cb72-5,,North Olivia,10.42,Delivered
2022-11-23,South,Office Supplies,Labels,277.79,8.0,67.72,Jodi Park,3358a78d,cf498f6f-8,0.1,Lake Samuelville,47.04,In Transit
2022-07-25,East,Furniture,Chairs,558.61,,112.27,Jose Martinez,e781212a,8effc11d-9,0.0,New Hunterport,22.78,In Transit
2025-01-13,South,Office Supplies,Art,929.93,7.0,69.36,Theresa Williams,e454bf39,9be7c6e3-f,0.1,Ivanmouth,24.85,In Transit
2024-09-05,East,Furniture,Furnishings,855.31,,-100.17,Laura Smith,54cac225,8a17fbe0-1,0.0,West Joshuastad,26.55,Delivered
2024-01-26,East,Furniture,Furnishings,535.34,9.0,-72.48,Emily Shields,a311961c,eb9032aa-b,0.2,Caseyfort,,Delivered
2024-10-06,Central,Technology,Phones,576.08,4.0,-111.85,Ryan Scott,1c2bb348,184c1d49-3,0.1,Orrview,41.54,In Transit
2024-05-20,Central,Technology,Accessories,230.87,7.0,60.75,Michael Kelly,fd67742d,857349f6-9,0.2,Angelatown,43.39,Delivered
2024-10-31,Central,Office Supplies,Paper,832.25,5.0,-114.91,Joshua Carr,99f013d1,0b9b8f64-5,0.2,Ramosmouth,41.96,Delivered
2023-09-15,Central,Technology,Copiers,40.81,6.0,11.4,Timothy Hoffman,05f1b875,9b391504-c,0.3,South Danielle,17.53,Delivered
2025-06-29,South,Office Supplies,Labels,849.08,5.0,69.43,Ann Juarez,196b2441,86ecee2e-f,0.0,North Diana,48.26,Delivered
2024-03-17,South,Office Supplies,Labels,709.65,5.0,161.44,Elizabeth Carney,db989fe7,736223eb-8,0.1,Carloschester,45.47,Delivered
2024-11-10,South,Furniture,Tables,370.94,10.0,106.74,Christopher Wells,137fc142,8ea1368b-9,0.0,Lake Brendanburgh,34.17,Cancelled
2023-12-28,Central,Office Supplies,Paper,,1.0,,Michael Tyler,da212606,f55ed25a-1,0.1,Erinstad,38.59,Delivered
2023-04-24,West,Furniture,Tables,309.09,9.0,35.15,Carrie Wilson,45f080cd,f2bdd22a-6,0.0,Port Jason,10.61,Delivered
2024-03-10,West,Office Supplies,Paper,913.29,6.0,108.77,Kristina White,bad266f0,77677893-d,0.1,Port Kimmouth,39.91,In Transit
2025-02-26,East,Office Supplies,Binders,839.85,7.0,97.98,Jennifer Martin,25704761,d7f433aa-d,0.1,Williamport,32.5,Delivered
2023-12-07,East,Office Supplies,Paper,956.7,5.0,258.67,Keith Rodriguez,98a76bfc,a87ad2bf-b,0.0,New Kathryn,37.02,In Transit
2025-01-07,South,Furniture,Furnishings,998.62,8.0,149.54,Stephanie Campbell,0962a981,cebd1975-0,0.2,Kristinshire,13.82,Delivered
2024-10-21,West,Technology,Accessories,339.54,2.0,9.8,Emily Everett,9b90da94,2688fbc9-d,0.2,Reedborough,29.09,Delivered
2023-08-11,Central,Technology,Machines,399.63,10.0,18.74,Chad Hickman,e6748797,9af770fc-3,0.0,Charlesport,43.16,Delivered
2023-08-29,Central,Office Supplies,Binders,453.64,6.0,121.99,Steven Ray,a4dc2f36,bfc67a54-9,0.0,New Matthew,14.71,Delivered
2025-02-02,South,Furniture,Chairs,829.6,5.0,44.92,Tyler Shaw,3766a061,6697f842-a,0.0,West Scott,47.6,Cancelled
2022-09-28,East,Furniture,Tables,757.33,5.0,167.95,Neil Riley,6d527379,2d304c1e-e,0.0,Danielsstad,32.43,Delivered
2024-06-18,West,Technology,Phones,371.22,1.0,-2.11,Dwayne Ortiz,dad44b23,14b471b1-6,0.2,East Cynthia,33.09,Cancelled
2023-10-16,South,Technology,Phones,871.89,6.0,255.46,Mr. Kenneth Carney,1d1ae1be,8f059da0-9,0.1,Jamesbury,22.82,In Transit
2025-03-04,Central,Technology,Accessories,828.45,10.0,116.95,Laura Elliott,eab69e58,d7a14931-7,0.0,Barbaraburgh,6.18,Returned
2023-06-03,South,Office Supplies,Art,432.19,1.0,95.9,Tiffany Mason,2ceae130,cf544332-f,0.0,Patrickview,35.8,Delivered
2024-02-04,West,Furniture,Bookcases,,1.0,-84.09,Tanner Francis,93c815f8,05c873c3-8,0.0,Vanessashire,48.41,Delivered
2022-08-27,South,Office Supplies,Paper,750.4,8.0,45.85,Susan Romero,984bd1f5,f92c7d12-2,0.1,West Jesseside,44.47,In Transit
2022-11-03,South,Office Supplies,Labels,485.94,3.0,-25.55,Kelly Kramer,efe40b23,a62bd96c-0,0.0,Hillstad,10.08,Delivered
2023-08-04,South,Office Supplies,Labels,914.66,8.0,195.18,Kendra Martinez,d0d0dbae,338cc987-b,0.0,Briannaborough,10.13,Delivered
2022-12-08,Central,Office Supplies,Labels,842.78,6.0,124.91,Charles Morales,af12e5d1,aeb416bb-6,0.0,West Anna,12.07,Cancelled
2025-04-16,West,Office Supplies,Paper,818.38,3.0,-47.13,Lydia Potter,33d0c826,4154da58-b,0.0,New Caitlin,45.27,In Transit
2022-11-14,South,Furniture,Furnishings,937.63,5.0,262.42,Mark Duran,862ddf41,2ad520b9-9,0.1,Raymondview,8.68,In Transit
2023-11-15,Central,Technology,Phones,852.01,2.0,49.12,Randy Davis,4e961a45,0dbd48f8-1,0.2,North Amandachester,20.05,Delivered
2023-12-28,South,Office Supplies,Labels,853.9,7.0,-121.47,Allison Watkins,60397aec,23d7831f-e,0.1,Robertville,28.15,In Transit
2023-06-20,South,Furniture,Tables,607.11,5.0,35.41,Dennis Underwood,97cd806d,35d00d8c-c,0.0,Martinburgh,49.18,Delivered
2023-06-16,Central,Furniture,Bookcases,221.81,10.0,59.64,Dr. Samuel Grant PhD,faa6509a,1774ab1b-7,0.2,Bellville,38.93,Delivered
2022-10-21,East,Office Supplies,Art,278.86,2.0,44.47,Benjamin Johnson,34678ae0,707be871-c,0.1,Kennethmouth,49.21,In Transit
2024-09-17,Central,Furniture,Furnishings,274.38,8.0,59.43,Jason Martin,b92d7f90,0ec3953f-5,0.2,East Kyle,42.46,Delivered
2023-08-04,Central,Office Supplies,Labels,,5.0,-8.01,Mr. Norman Powers,90854f56,db7a7eae-3,0.1,Millerhaven,10.55,Delivered
2024-10-19,South,Technology,Machines,153.35,9.0,18.3,Lisa Barrera,350b5cf3,a23ed877-c,0.1,South Zachary,6.76,Returned
2022-10-18,West,Office Supplies,Binders,662.82,3.0,89.09,Donald Kim,4b04c7ab,7ececfe8-0,,Port Maxchester,43.19,Delivered
2024-10-24,South,Technology,Phones,74.19,6.0,-7.42,Stacy Marquez,7103b748,87966d74-1,0.0,Charlesbury,13.73,Returned
2024-05-06,South,Technology,Machines,985.16,2.0,148.52,Christine Jensen,e50da6df,7ac632b7-8,0.0,Baldwinland,29.0,Cancelled
2024-11-25,South,Furniture,Bookcases,172.34,9.0,-13.38,Keith Robertson,a3c27ea8,1909b004-d,0.1,Johnborough,35.38,In Transit
2022-12-08,West,Technology,Machines,,,-18.89,Tara Morales,c7316b42,ec54c19c-e,0.0,New Cynthia,32.09,In Transit
2025-01-06,South,Office Supplies,Binders,21.72,2.0,4.36,Marvin Boyd,f23ca570,02f39917-b,0.2,Lake Suzanneshire,49.73,Delivered
2024-02-15,West,Furniture,Tables,,2.0,63.29,Krystal Lopez,1ef13936,234ad4b1-e,0.2,Estradamouth,14.03,In Transit
2024-02-04,East,Furniture,Chairs,772.9,5.0,-99.85,Sheryl Fields,a7b96527,27f6eaf1-6,0.1,Lisastad,15.47,Delivered
2024-06-06,Central,Office Supplies,Art,686.37,,75.28,Jessica Martin,6c7bd5bc,5c1b7a76-6,0.0,Huntershire,16.37,Delivered
2024-08-03,East,Technology,Phones,593.0,9.0,,Wendy Byrd,429451b1,81ae56b5-6,0.1,Connerchester,14.32,Delivered
2023-12-30,East,Furniture,Bookcases,62.92,7.0,7.19,Matthew Poole,5af0d196,d341be62-6,0.1,Michaelmouth,23.16,Cancelled
2024-02-27,West,Technology,Machines,776.81,9.0,-128.14,Ashley Martin,c9f7d3d4,500e40db-e,0.1,Lake Christopherborough,27.18,Delivered
2023-08-23,East,Furniture,Tables,409.03,5.0,72.64,Connor Cross,3add501e,22686933-5,0.0,Robertstad,25.7,Delivered
2022-12-02,Central,Office Supplies,Art,184.26,9.0,-25.73,Bruce Anderson,8c0b29bd,27ebeccd-a,0.3,Birdland,22.5,In Transit
2023-03-06,East,Office Supplies,Labels,961.91,6.0,270.92,Justin George,8b3f066f,96f34bef-e,0.2,East Thomas,41.63,Delivered
2024-03-20,West,Office Supplies,Binders,889.73,4.0,,Robert Guerrero,a153037e,4cee8a99-3,0.0,Fergusonstad,16.49,In Transit
2024-12-03,East,Office Supplies,Labels,89.48,1.0,25.43,Madeline Aguilar,9372dafc,1fbc3f85-e,0.2,Albertville,17.57,Delivered
2024-01-06,West,Furniture,Chairs,5.89,1.0,-0.86,Karen Roberts,a643acc5,e417f180-5,0.0,Lake Angelabury,26.85,Delivered
2023-07-06,West,Technology,Accessories,361.59,7.0,77.25,Jessica Murray,05b6c5c0,5cbb7de0-1,0.2,Walterburgh,12.35,Delivered
2024-12-21,Central,Technology,Copiers,,8.0,117.64,Ashley Wiggins,4e9ffc72,c986daec-2,0.1,Youngport,46.5,Delivered
2023-07-29,Central,Technology,Machines,526.1,6.0,83.75,William Miller,d72bfae0,fceeb9f9-1,0.0,Douglashaven,13.02,In Transit
2024-11-22,West,Technology,Accessories,807.62,4.0,226.88,Michael Russell,39f3ea0b,d99b3d72-c,0.0,North Caroline,5.49,In Transit
2023-11-30,South,Technology,Copiers,801.68,4.0,211.26,Peggy Hall,60313754,cb8da752-5,0.2,East Danielle,30.64,Delivered
2023-09-15,South,Technology,Copiers,608.53,2.0,-94.95,Natalie Barnes,078f89d9,70f24256-d,0.0,Becktown,9.54,Cancelled
2023-08-03,South,Technology,Phones,740.42,5.0,66.28,Michael Arias,94f489b6,ed7a13a0-1,0.0,New Carlos,36.18,Returned
2024-10-21,East,Office Supplies,Binders,544.22,4.0,-72.49,Charles Martin,7d444504,b9c2ffa0-c,0.1,North Tonyatown,42.8,Delivered
2023-05-11,West,Technology,Phones,944.34,2.0,201.24,Kimberly Jimenez MD,572bb5b3,4debfecd-4,0.0,Boltonmouth,43.39,Delivered
2023-10-15,East,Office Supplies,Binders,43.08,,-6.54,Mr. Scott Smith DVM,bb445ed6,f416efb4-8,0.0,East Elizabeth,39.99,Cancelled
2025-06-05,East,Office Supplies,Binders,765.66,9.0,114.13,Maurice Anderson,355ff947,5841e314-0,0.3,South Tiffanyborough,16.44,Delivered
2025-04-01,West,Technology,Machines,470.43,,44.66,Robert Wong,6245d94f,b0d0cf52-b,0.0,Flowersview,40.99,Cancelled
2022-11-07,West,Office Supplies,Binders,996.93,3.0,88.23,Jose Khan,1a6c7aef,f459d03d-6,0.0,East Dominiqueview,47.59,Delivered
2024-02-18,East,Furniture,Bookcases,872.18,8.0,180.12,Jacob Gilmore,fb8ce565,a7385dfa-7,0.0,Lopezmouth,9.5,In Transit
2025-06-18,South,Furniture,Bookcases,38.86,2.0,,James Holloway,b8e726ed,a24f1b43-8,0.0,East Robintown,37.34,Delivered
2023-07-24,West,Office Supplies,Art,517.29,5.0,79.05,Michelle Reyes,68d62ee0,85214442-3,0.0,West Dawn,7.61,Delivered
2024-07-11,East,Office Supplies,Art,471.45,,127.32,Caleb Clark,9a1571c9,d83c0ce9-6,0.0,Jenniferfurt,21.95,In Transit
2024-09-21,Central,Office Supplies,Art,662.41,,48.49,Daniel Griffith,03c65658,c20848ab-9,0.2,Antonioton,43.45,In Transit
2024-02-29,East,Office Supplies,Binders,973.3,6.0,245.5,Gina Buckley,787f1204,9d09d3c7-d,0.1,Port Gerald,27.95,Returned
2023-09-14,East,Office Supplies,Binders,409.75,2.0,13.63,Dominic Bennett,34790b9d,da261cd5-b,0.2,East Gregoryhaven,42.24,Delivered
2023-04-28,East,Furniture,Chairs,,5.0,44.59,Joseph Brown,0127b32f,134645dd-4,0.3,Michaelstad,21.48,Cancelled
2022-09-06,South,Technology,Phones,254.02,9.0,,Jessica Martin,e3df1535,3609d91a-1,0.1,Thomastown,46.44,Cancelled
2023-11-07,West,Furniture,Furnishings,675.73,10.0,102.04,Cassidy Perkins,349bb88a,1a68732a-c,0.1,New Alextown,44.02,In Transit
2022-11-20,South,Office Supplies,Labels,,4.0,236.27,Alexander Allen,38fe3900,38b613ad-1,0.0,Hollowayview,6.5,Delivered
2025-06-26,West,Technology,Copiers,14.93,8.0,-1.01,Gregory Moore,4c07a6b6,d4919531-3,0.0,Churchborough,,Delivered
2024-01-19,East,Technology,Phones,268.27,3.0,-5.41,Joseph Newton,778b133a,1a1b4b9a-4,0.1,Alvarezstad,29.31,
2023-11-17,West,Office Supplies,Labels,288.99,5.0,50.96,Katelyn Lopez,dd9cff18,204f0ec8-0,0.1,Donnaport,9.92,Delivered
2025-05-08,East,Office Supplies,Binders,728.72,10.0,,Heather Stewart,8d3dd75e,1fbec4bb-4,0.0,East Valeriemouth,45.82,In Transit
2022-11-20,South,Furniture,Tables,17.66,1.0,-0.51,Jeremy Herring,4dc66cfe,9d197282-c,0.2,New Larry,8.55,In Transit
2023-03-07,West,Furniture,Furnishings,374.99,3.0,79.24,Paul Neal,bed43e70,ba08f294-9,,Hunterbury,13.37,Cancelled
2024-01-19,East,Office Supplies,Binders,300.14,10.0,-25.15,Michael Richards,e62a9d92,64c76e96-6,0.0,Alexisshire,18.85,Delivered
2023-02-11,South,Office Supplies,Art,426.73,5.0,4.07,Sarah Fernandez,104ab8e8,5bf4b8e8-2,0.0,North Michaelfort,46.38,Delivered
2025-03-19,East,Technology,Copiers,496.33,9.0,-84.36,Tyler Kennedy,2bf8b23e,00cce1f6-a,0.1,Jessicatown,36.91,Delivered
2024-12-04,East,Furniture,Furnishings,529.97,7.0,132.45,Barbara Williams,6b3836ca,f1ef8901-b,0.2,Gabrielport,12.49,Delivered
2023-10-27,West,Office Supplies,Binders,755.18,4.0,38.22,Michelle Doyle,3c30c3e1,35347b70-6,0.0,Lake Richardmouth,27.58,Delivered
2023-02-23,West,Furniture,Furnishings,210.58,4.0,28.02,Chelsea Gibson,251dc8fb,f416e105-a,0.3,East Jordanbury,15.76,In Transit
2023-09-11,East,Office Supplies,Paper,174.52,1.0,-31.84,Steven Lambert,6ea5870d,166b3643-6,0.0,Lake Eric,19.9,Delivered
2023-10-05,South,Furniture,Furnishings,123.97,,21.08,Jessica Perez,a48966ac,eb61af31-1,0.1,North Jeremyberg,48.82,Delivered
2022-12-24,West,Office Supplies,Paper,943.43,1.0,280.93,James Graham,1b58dd2c,1d920374-d,0.2,Kempville,,Delivered
2023-01-28,South,Technology,Phones,561.8,7.0,-47.62,Benjamin Keller,2bde02f3,4cb85655-8,0.2,Garrettchester,7.17,Delivered
2022-10-10,South,Furniture,Tables,794.75,5.0,-106.76,Daniel Miller,60266273,4904e68f-4,0.0,South Tiffanyshire,47.63,In Transit
2022-09-01,West,Office Supplies,Paper,191.66,6.0,45.48,Ronald Gallagher,97d4df4d,83faf805-8,0.0,Donnamouth,41.59,In Transit
2024-01-14,West,Office Supplies,Art,214.84,2.0,45.98,Candace Jones,50068b29,46056a47-d,0.3,Rodriguezshire,23.82,Cancelled
2022-09-18,East,Office Supplies,Art,190.15,7.0,9.32,Sara Thompson,057a37ab,91afce76-b,0.2,Cookborough,19.14,
2022-10-29,East,Technology,Copiers,59.92,6.0,-9.56,Benjamin Lopez,ff4e2494,6da5972b-d,0.0,Marvinshire,27.58,Delivered
2025-03-12,Central,Furniture,Furnishings,317.69,4.0,50.02,Jacqueline Frank,1b2c5d7c,87e67f0f-5,0.0,Denisetown,47.29,Cancelled
2023-09-23,Central,Technology,Accessories,62.83,7.0,0.8,Thomas Jones,e739a515,a53d167b-4,0.1,West Jessicaland,34.37,Delivered
2022-08-05,Central,Technology,Copiers,157.59,10.0,37.58,Kristi Stone,d64f793d,223b558e-4,0.1,Acevedohaven,23.84,Cancelled
2023-02-13,West,Technology,Copiers,126.64,8.0,12.08,Jeanette Wilkerson,d54ae597,d75eb4ff-d,0.0,Port Matthewfort,35.06,In Transit
2022-11-01,South,Furniture,Chairs,379.99,,13.3,Lauren Porter,2fad5ae0,df49e73c-a,0.2,West Joseph,40.76,Delivered
2024-05-05,East,Furniture,Furnishings,68.37,3.0,2.15,Jennifer Krueger,8bba91d5,2b854cb7-7,0.0,Sandraborough,13.43,Delivered
2023-11-16,South,Office Supplies,Art,153.1,1.0,-17.39,Candace Wright,9fa78ed0,402fed22-a,0.3,Angelamouth,48.9,Delivered
2023-03-10,East,Furniture,Furnishings,716.06,2.0,-13.86,Jeff Holder,228a8d18,fbab7894-5,0.0,Lake Daniel,5.65,Delivered
2022-09-19,South,Office Supplies,Art,645.93,10.0,-99.7,Marco Williams,df75c060,129b6472-d,0.3,Josephbury,,Delivered
2024-03-25,Central,Furniture,Furnishings,,1.0,93.23,Tyler Green,94568705,dc4c9095-1,0.3,East Whitney,24.78,Delivered
2022-11-15,West,Office Supplies,Art,963.39,4.0,154.31,Kent Andersen,2bdc73e4,ccd285d9-3,0.1,Duffymouth,42.13,Delivered
2023-10-01,West,Furniture,Bookcases,236.36,9.0,-32.24,Vanessa Hill,50e9d60e,21eacefd-5,0.0,Christophermouth,33.99,In Transit
2025-06-29,Central,Technology,Copiers,601.31,7.0,124.46,Bernard Bradley,1702461f,7f588af9-f,0.1,New Patriciaview,44.56,Delivered
2023-07-14,East,Furniture,Bookcases,375.66,2.0,-60.8,Robert Santos,0e29e7b3,9ec73071-4,0.1,North Nancyfort,28.67,Delivered
2024-09-10,Central,Furniture,Chairs,766.27,10.0,102.64,Deborah Brown DDS,6d1a676e,9c76fd0b-1,0.3,Dennisburgh,6.66,Delivered
2025-05-18,West,Office Supplies,Paper,18.73,7.0,-1.4,Diane Henson,5fd0fb90,a66f0574-c,0.0,North Jennifer,14.78,In Transit
2022-10-14,South,Office Supplies,Labels,516.15,1.0,50.75,Michael Rodriguez,3933b584,814baf86-7,0.3,Brownmouth,30.67,In Transit
2024-06-03,South,Technology,Copiers,808.42,7.0,,Timothy Lee,68da1069,c5b228f9-d,,West Reginaldland,49.69,Delivered
2024-02-04,South,Furniture,Chairs,847.97,4.0,192.34,Roger Bautista,c0ac16f5,47c4d39c-b,0.0,Hillbury,44.88,Cancelled
2023-09-20,East,Furniture,Bookcases,804.5,7.0,8.02,Evelyn Hull DDS,25632a32,41ce7b19-5,0.0,Stewartfort,21.52,Delivered
2024-07-16,Central,Furniture,Bookcases,,1.0,,John Johnson,af93fac4,e8fa4d04-2,0.2,New Sandra,13.85,Delivered
2024-08-04,West,Office Supplies,Paper,868.37,10.0,,David Bell,351a4cf1,7e771b02-c,0.0,South Monica,26.48,Delivered
2022-08-21,East,Office Supplies,Paper,473.65,5.0,-89.6,Brian Oconnell,2c00290a,8749edd1-6,0.3,New Amy,37.11,Delivered
2022-12-12,East,Technology,Copiers,559.85,9.0,14.92,Chase Nguyen,4d80b025,0b5ef9a5-e,0.2,Munozstad,18.11,Delivered
2023-04-11,West,Furniture,Chairs,678.72,7.0,-60.04,Diane Cameron,d1f97adc,317e04fb-f,0.0,North Brittany,40.04,Delivered
2023-02-21,West,Technology,Copiers,947.23,10.0,97.47,Dawn Reyes,d2a25422,187cc8f8-3,0.0,Margaretborough,18.36,Delivered
2023-04-04,Central,Furniture,Furnishings,505.47,7.0,-58.24,Teresa Jenkins,0445c39d,4f78bab7-e,0.0,Dorothyview,20.69,In Transit
2024-08-12,South,Furniture,Tables,179.22,2.0,36.09,Alexandra Owens,54dcdb23,eb344bc5-5,0.2,Myersport,19.06,Delivered
2022-12-08,South,Office Supplies,Paper,85.82,8.0,21.82,Amy Simmons,dfdaa215,16715f83-5,0.3,Mcdonaldberg,20.41,Cancelled
2024-12-09,Central,Technology,Copiers,99.91,10.0,,Megan Meadows,f1faae70,01f29d9f-7,0.0,North Sabrina,,Delivered
2025-05-31,West,Office Supplies,Binders,263.22,2.0,-3.41,Steve Foster,7d82a1eb,e054a042-0,0.0,West Seanmouth,11.4,Delivered
2024-04-17,East,Office Supplies,Paper,515.59,7.0,50.89,Kirk Rhodes,13e4373d,f2a19eb0-b,0.0,Monicashire,37.74,In Transit
2023-06-01,South,Furniture,Furnishings,,3.0,12.43,Doris Rollins,aabe90a2,c29b1b37-a,0.3,Jackiemouth,49.49,Delivered
2023-08-03,West,Furniture,Bookcases,699.14,4.0,115.76,Julie Flores,866b5f37,8144db72-b,0.2,Lake Jameshaven,24.6,Delivered
2024-12-02,East,Office Supplies,Art,276.48,9.0,74.56,Eric Smith,75e20e89,64fe76a2-2,0.2,West Hunterhaven,45.66,Delivered
2025-02-19,West,Furniture,Tables,875.15,3.0,108.76,Kim Martin,6498e02f,153a30bc-a,0.0,Oliviamouth,17.36,Delivered
2025-06-24,East,Furniture,Tables,550.59,2.0,52.73,William Hardy,2d46601f,3839c6c9-d,0.3,East Justin,13.85,In Transit
2024-09-11,East,Office Supplies,Paper,710.47,1.0,177.22,Laura Palmer,ceb2abea,2e0c5010-f,0.1,Anthonybury,31.24,In Transit
2025-01-23,South,Office Supplies,Art,645.29,1.0,-87.09,Jill Moore,741742be,c4e9ad93-c,0.1,Nelsonhaven,48.95,Delivered
2022-10-25,Central,Office Supplies,Labels,748.29,2.0,-148.86,John Gray,88e9b54e,14f1e9da-2,0.0,West Thomas,43.89,Delivered
2024-04-19,East,Furniture,Furnishings,622.69,4.0,-104.54,Katherine Mann,dc1dd473,a8027900-e,0.0,Kevinfort,10.62,In Transit
2023-06-21,East,Technology,Machines,100.68,4.0,24.88,Paul Ballard,745c728d,bd067f48-f,0.1,Sarahberg,12.65,In Transit
2022-10-09,West,Furniture,Furnishings,599.47,5.0,64.15,Pam Hudson,31973233,8b739407-c,0.0,,40.74,In Transit
2022-11-01,South,Office Supplies,Binders,841.31,6.0,60.97,Wanda Stevenson,8118fa6c,7c0f30cf-5,0.1,Jonathanmouth,9.56,Delivered
2024-07-24,East,Office Supplies,Labels,586.94,10.0,-40.51,Samantha Gilbert,9f35ae20,a9f2e722-5,0.0,Christophertown,28.75,In Transit
2024-02-07,West,Furniture,Chairs,603.6,8.0,-62.49,Maria Hoover,74b44200,557bbb3b-0,0.0,East Jason,15.75,Delivered
2024-10-03,East,Technology,Phones,484.25,9.0,-46.76,Kevin Welch,484cad8f,09b9e8ae-f,0.0,Cantrellstad,12.88,
2024-10-19,South,Technology,Machines,485.22,1.0,-24.44,David White,64fbcf7d,40211924-f,0.0,West Stevenmouth,10.77,In Transit
2024-11-11,Central,Technology,Phones,396.68,1.0,,Bradley Ochoa,e15eae80,0ba4e496-d,0.1,Lake Amanda,23.02,Delivered
2025-03-07,South,Office Supplies,Labels,718.32,9.0,,Jennifer Santos,a5061078,bb4bda77-2,0.0,Jamesmouth,30.76,In Transit
2023-08-02,Central,Furniture,Tables,789.32,10.0,135.38,Deborah Wright,1cda3870,d865bde2-0,0.1,East Aliciatown,31.49,In Transit
2024-02-01,South,Technology,Phones,892.07,5.0,99.98,Vanessa Morton,c5977fb0,6bd55cfc-e,0.0,West Willieshire,35.43,Delivered
2022-10-20,South,Office Supplies,Art,801.19,1.0,108.38,Adam Sims,aa997300,32d3b79d-1,0.0,Lake Maryfurt,9.3,In Transit
2023-06-25,Central,Technology,Copiers,713.0,4.0,-77.53,Keith Glover,ead5661f,536d28c1-3,0.3,Phillipmouth,29.78,Delivered
2024-09-15,Central,Furniture,Chairs,973.69,1.0,-123.43,Anna Bennett,177bed5c,54ee54b4-b,0.0,Maxwellborough,15.29,Delivered
2023-11-22,Central,Technology,Phones,,6.0,104.07,Emily Moore,0fa352b9,197517ff-1,0.1,South Amy,13.4,Delivered
2025-03-18,South,Furniture,Bookcases,822.9,1.0,135.2,Dr. Cynthia Newman,0087bbee,5b57d957-1,0.0,Yufort,16.39,In Transit
2022-10-27,West,Furniture,Chairs,493.34,5.0,-32.84,George Taylor,54ccc92d,72f57147-e,0.0,East Laurieland,26.3,In Transit
2025-01-23,Central,Technology,Phones,602.23,6.0,109.96,Michael Olson,8abed843,c57dabe1-1,0.2,New Eric,31.1,Returned
2024-03-09,Central,Office Supplies,Binders,278.0,10.0,56.82,Kimberly Rogers,02e635d4,bebc6b3a-2,0.0,Andersonbury,46.1,In Transit
2023-10-26,Central,Technology,Machines,714.82,2.0,100.1,Ronald Johnson,1ef3937f,dd0b3bdb-6,0.0,Jeffreychester,9.93,Delivered
2023-08-23,Central,Technology,Accessories,873.11,1.0,9.07,Kelly Smith,b0221f58,1fdcb889-a,0.0,Kaylamouth,33.87,Cancelled
2023-10-18,Central,Office Supplies,Labels,658.67,6.0,51.14,Chad Lee PhD,7c989a17,d5176c91-f,0.0,Kristiside,15.99,Cancelled
2022-10-16,Central,Technology,Phones,557.35,3.0,-87.7,Tara Mathis,95ea24b9,74aaa492-6,0.0,Fryechester,16.43,Cancelled
2023-01-24,East,Office Supplies,Labels,753.79,2.0,20.03,Jon Ross,f18c1b8b,98711ed2-b,0.2,Michaelhaven,33.67,Delivered
2024-10-26,Central,Technology,Accessories,597.46,5.0,39.33,Michael Guerrero,574225ec,022e46c0-7,0.0,West Savannah,16.92,Delivered
2024-08-06,South,Furniture,Furnishings,481.25,6.0,77.44,Joshua Perkins,e6c82447,a283f97a-2,0.0,South Ricky,7.54,Delivered
2023-02-10,East,Technology,Phones,360.53,3.0,-8.25,Megan Mueller,2eeac555,07fc43c4-0,0.0,Lake Austinberg,11.81,Cancelled
2023-03-15,East,Technology,Phones,334.8,5.0,45.84,Andrew Foster,aa02dc69,b09d6159-d,0.1,Collierchester,45.0,In Transit
2022-09-13,West,Furniture,Furnishings,290.73,10.0,-30.71,Lisa Lee,deae529e,475d1e2a-4,0.3,Port Rebecca,11.18,In Transit
2025-04-17,East,Technology,Phones,586.67,5.0,-74.51,Heather Gibson,ac39214b,37055db9-5,0.0,Elizabethton,46.49,Delivered
2024-11-06,East,Office Supplies,Labels,61.58,,-2.01,Pamela Garcia,109e0ace,f8a8f6e5-0,0.0,New Elizabeth,40.3,Delivered
2022-10-19,Central,Furniture,Chairs,178.06,6.0,13.59,Christina Moreno,b2cc2cbb,49319bf0-7,0.2,Tiffanyport,40.26,Delivered
2022-10-06,Central,Office Supplies,Paper,393.04,6.0,9.31,Chelsea Noble,26794ee0,e2c1f634-2,,Jameshaven,45.68,Delivered
2024-01-08,Central,Technology,Machines,202.23,3.0,-34.9,Abigail Bowen,387bb336,14bf1c12-7,0.0,Smallfort,22.1,Delivered
2024-04-19,East,Furniture,Tables,938.5,2.0,163.39,Patrick Ortiz,0ca2cc6c,cde24fda-4,0.2,South Dustin,12.94,Delivered
2023-09-20,Central,Office Supplies,Art,59.31,3.0,2.59,Sean Smith,b2d141c0,2cb319eb-d,0.2,North Laurahaven,39.58,In Transit
2025-03-27,South,Office Supplies,Binders,664.76,2.0,78.17,Bobby Sanchez,73715482,1bddc39e-2,0.2,New Debra,41.91,Delivered
2022-09-03,South,Office Supplies,Labels,145.71,5.0,13.03,Andrea Martin,433c5afa,73178b8c-9,0.2,Lake Marymouth,10.61,In Transit
2024-01-14,Central,Technology,Machines,628.74,4.0,-12.06,Diana Cruz,dcf10d25,9373b813-7,0.0,North Jesus,31.38,Delivered
2024-05-12,South,Furniture,Tables,369.27,9.0,-9.59,Chelsea Esparza,2c412a7c,6a545dfa-6,0.0,East Desiree,5.94,In Transit
2023-06-04,West,Technology,Machines,659.14,2.0,117.52,Michael Roman,0071e9e2,62bbd442-d,0.0,West Leon,5.14,Cancelled
2023-08-05,South,Office Supplies,Paper,56.93,7.0,-8.77,Lisa Ramirez,57480a11,49cad35a-5,0.3,Carlabury,14.32,Returned
2024-10-11,East,Technology,Copiers,,2.0,101.7,Bradley Avery,637a54ed,2d6a2689-1,0.3,Lake Amanda,46.18,Cancelled
2025-01-30,South,Office Supplies,Art,551.86,6.0,45.53,Chad Bates,95c61461,df6c0208-a,0.2,Lake Samuelfurt,38.71,In Transit
2022-10-12,West,Office Supplies,Art,651.74,2.0,-116.9,Brittany Roberts,f2d6e0fe,6f6dce0a-0,0.2,Georgemouth,27.14,Cancelled
2023-08-04,East,Office Supplies,Art,617.36,8.0,120.29,Erika Stevens,e2163aed,a06d7c37-c,0.0,Dominguezstad,40.77,In Transit
2022-09-24,South,Furniture,Bookcases,550.12,1.0,-62.42,Robert Carter,661b274e,33eec043-f,0.3,Andreahaven,18.16,In Transit
2024-06-26,South,Furniture,Tables,638.54,8.0,,Joseph Taylor,f0ec2251,47721a1a-8,0.3,Port Brandy,28.58,In Transit
2022-07-30,South,Office Supplies,Labels,878.35,7.0,243.35,Charles Evans,87df8546,b0a3e357-7,0.2,Port Patricia,5.65,Delivered
2024-06-08,West,Technology,Machines,80.38,6.0,4.36,Nicholas Gardner,9968ff8f,2ba601e9-3,0.1,Port Jessica,21.15,In Transit
2023-10-29,East,Furniture,Tables,752.45,2.0,-140.78,Jessica Saunders,b77c3f6d,7443b84f-4,0.2,South Molly,28.01,Delivered
2024-10-04,West,Furniture,Bookcases,952.76,10.0,129.14,Melissa Moore,f3246bab,0e88e9f2-b,0.0,Beckerville,34.54,In Transit
2022-12-13,South,Furniture,Bookcases,664.45,6.0,133.33,Madeline Green,2af20f4a,4ac8a609-0,0.0,New Helenside,12.28,Delivered
2023-04-27,South,Technology,Accessories,279.47,9.0,37.57,Christopher Lindsey,6162331a,e17f772f-1,0.0,North Daniel,25.28,In Transit
2023-02-26,Central,Office Supplies,Paper,125.52,6.0,30.99,Angelica Velazquez,7e43eabd,df08b0cc-a,0.2,West Pamela,32.34,Delivered
2024-07-07,Central,Furniture,Tables,214.11,8.0,31.12,Kelly Stark,d64b88a8,6cca25b7-1,0.0,Simonberg,49.58,Delivered
2024-09-26,East,Furniture,Bookcases,360.51,5.0,71.35,Lauren Hamilton,26fb8f6a,f8bb1627-c,0.1,Gaytown,27.31,Cancelled
2023-11-25,Central,Technology,Accessories,339.86,9.0,39.97,Daniel Owens,6e7f31ed,2a51c688-d,0.0,Williamsview,20.56,In Transit
2023-10-17,West,Office Supplies,Binders,475.54,,9.45,Derek Lee,abd332a7,95aa2b2e-e,0.0,Danaside,7.3,Delivered
2023-08-25,East,Furniture,Furnishings,928.29,2.0,65.95,Kimberly Morgan,d6d033aa,0cda97bc-7,0.1,West Barbara,47.84,Delivered
2025-05-19,East,Technology,Machines,760.84,3.0,204.61,Kayla Williams,07967833,f0676f79-0,0.0,Johnmouth,48.57,Delivered
2024-05-28,Central,Technology,Accessories,257.47,3.0,-41.66,Greg Santos,6883db9b,c911e0c2-6,0.0,Perezbury,22.6,Delivered
2025-06-14,South,Office Supplies,Paper,822.42,1.0,171.06,Bryan Reyes,4dad83ef,3d69c4b3-5,0.0,New Adammouth,11.23,In Transit
2024-11-05,East,Office Supplies,Labels,939.75,3.0,254.91,Lee Johnston,38c48039,b301792d-d,0.1,Moralesstad,36.07,In Transit
2022-10-12,East,Office Supplies,Binders,,7.0,-97.22,Rebecca Flores,283c40ef,bd5dc7e7-5,0.2,South Teresaville,28.35,Delivered
2023-02-26,West,Furniture,Tables,696.5,4.0,-24.51,Roger Miller,b677ac2a,7534173e-c,0.0,New Michael,13.3,Delivered
2023-12-12,West,Office Supplies,Art,144.68,4.0,22.92,Kylie Dawson,43df9cc0,afe6af17-e,0.1,Parkerfort,34.74,Delivered
2025-05-31,South,Office Supplies,Art,934.29,5.0,-97.89,Alejandro Greene,2f8bc66c,c65b479b-1,0.0,Meganland,44.68,Cancelled
2022-11-21,East,Technology,Machines,458.93,6.0,79.22,Charles Fisher,e4b3c8cd,e28556f1-4,0.3,Jesusfurt,14.51,Delivered
2023-04-29,South,Technology,Machines,23.93,7.0,-0.4,James Martinez,3aa10b90,b3200ab6-d,0.0,Port Josephtown,34.22,Delivered
2022-10-26,Central,Furniture,Furnishings,414.63,2.0,124.28,Monique Miller,f392b051,687c3af3-3,0.3,Calderonview,47.82,Delivered
2024-09-22,Central,Office Supplies,Art,396.85,5.0,-30.25,Lisa Dixon,85495ea0,4953b47b-c,0.0,Annafurt,17.29,Delivered
2024-07-03,Central,Office Supplies,Binders,886.23,10.0,59.6,Leslie Aguirre,3b086582,aa32b9f5-2,0.2,Sanchezfurt,13.15,Delivered
2022-08-04,East,Office Supplies,Paper,148.33,10.0,-3.3,Susan Burke,cb6d37fd,c34074cd-c,0.0,North Cassandrafurt,34.27,Cancelled
2024-11-23,South,Furniture,Tables,15.85,7.0,3.39,Tony Moreno,48b0837e,f546eff9-d,0.2,Kathrynborough,24.94,Delivered
2024-03-21,West,Furniture,Bookcases,387.54,2.0,-48.53,Alexander Rogers,efc688aa,6788a56e-c,0.0,New Brian,11.55,In Transit
2023-07-25,West,Technology,Accessories,464.71,9.0,44.5,Paul Foster,01621627,df29a9df-5,,Charlesmouth,19.05,Delivered
2023-04-16,South,Office Supplies,Paper,871.83,9.0,-134.27,Christopher Daugherty,705d385c,6efdabeb-b,0.0,Port Marytown,24.05,Delivered
2023-03-09,West,Furniture,Tables,263.28,7.0,68.61,Jennifer Lewis,526c8f7b,2d06d44a-4,0.0,New Thomas,41.78,In Transit
2024-06-30,West,Office Supplies,Paper,550.26,8.0,38.21,Julie Manning,828f4315,a80596c6-c,0.0,Rachelville,39.85,In Transit
2024-05-01,West,Furniture,Bookcases,480.6,9.0,79.56,Leslie Berry,42fae2ee,9a7f4e74-6,0.0,Mosesborough,28.29,Delivered
2024-08-29,South,Furniture,Bookcases,802.77,2.0,223.95,Joseph Holt,1e0abb5e,5a948ce2-4,0.2,Johnmouth,12.32,
2023-02-03,South,Office Supplies,Binders,796.97,1.0,-47.97,Keith Neal,8c35b009,1b18a0e7-8,0.2,Port Christopherland,5.7,Delivered
2024-05-09,South,Office Supplies,Binders,710.64,5.0,156.24,Paul Hobbs,e444e669,940c832a-8,0.2,West Brian,30.18,Delivered
2022-11-07,South,Technology,Copiers,368.63,2.0,-46.38,Angela Walker,8d178ef4,f30e7d9c-8,0.0,East Amyview,16.24,Delivered
2024-12-28,South,Furniture,Chairs,,7.0,59.21,Jacob Taylor,b1b41961,73f2d51b-b,0.0,Lake Kellyville,41.18,In Transit
2022-10-22,West,Office Supplies,Labels,604.39,9.0,169.37,William Young,1da268fd,46c7caa6-8,0.2,Lindaport,23.48,Delivered
2024-07-09,Central,Furniture,Tables,192.48,6.0,33.13,David Guzman,aa3fa71d,4ca7e14a-4,0.0,South Linda,36.13,Delivered
2024-05-23,Central,Furniture,Tables,494.3,5.0,69.26,Maria Wright,3cb33c2e,113b0fa9-0,0.0,Lake David,25.39,Delivered
2024-09-30,East,Office Supplies,Labels,787.28,2.0,-19.17,Christopher Coleman,08b80889,711e5e5b-b,0.3,Krystalview,14.39,Delivered
2023-02-27,East,Technology,Copiers,309.83,10.0,-53.15,Cynthia Smith,aa967b69,94aa835e-0,0.1,North Peterville,25.53,Delivered
2025-03-22,South,Furniture,Bookcases,189.35,5.0,23.27,Jason Meyer,6b8faf5d,2e1ccfb0-2,,Port Shane,50.0,In Transit
2023-02-18,South,Technology,Copiers,640.41,6.0,-21.74,Leah Munoz,d2658349,52eb8332-5,,East Kelli,20.05,Delivered
2023-08-19,South,Furniture,Bookcases,220.12,7.0,-40.43,Sydney Harris,7dfeae1e,e3a9cc4e-7,0.1,Port Jenniferchester,20.25,Delivered
2023-11-14,Central,Office Supplies,Paper,817.58,4.0,-162.34,Jessica Warren,6211056f,9674e107-6,0.0,Bradshawville,29.39,Delivered
2024-02-29,East,Furniture,Bookcases,588.44,1.0,105.85,Adam Lawson,20439b23,a9cecb0f-1,0.1,Deborahport,11.02,Delivered
2025-02-10,South,Furniture,Furnishings,293.53,7.0,84.63,Linda Murphy,4f304b4b,d67e4b4c-8,0.3,Stevenhaven,42.66,Delivered
2022-07-30,West,Furniture,Bookcases,44.2,2.0,6.53,Jasmine Miller,28313413,1e024270-d,0.1,East Ariel,32.66,Delivered
2024-04-23,Central,Office Supplies,Binders,768.77,,-15.91,Michael Armstrong,f3606af5,8210e431-9,0.0,Carlaside,25.63,In Transit
2023-05-21,East,Technology,Phones,950.46,2.0,218.35,Lauren Jenkins,0957214c,259d0d3c-5,0.2,Laurenland,33.07,Delivered
2023-03-19,Central,Office Supplies,Paper,303.23,10.0,60.66,Carly Parrish,1a43a866,588ead60-a,0.1,East Cassandra,10.21,Delivered
2023-01-11,South,Furniture,Tables,56.37,9.0,,Jennifer Lewis,d31927ba,46164361-2,0.1,Jonesville,44.95,Delivered
2024-12-07,South,Technology,Phones,818.64,6.0,119.08,Amanda Oliver,1b535967,0d118806-a,0.0,East Kenneth,44.65,Delivered
2023-11-30,South,Furniture,Bookcases,927.21,1.0,-93.87,Grant Garza,5dff878c,01d6ee76-c,0.1,,13.09,Delivered
2022-08-02,South,Office Supplies,Paper,124.43,2.0,29.72,Tanya Smith,0186d2d0,6efd3307-b,0.1,East Stephanie,33.45,Delivered
2024-05-23,West,Furniture,Tables,11.58,8.0,0.36,Matthew Johnson,8a85173a,a3ee4191-6,0.3,Diazborough,25.43,Delivered
2024-11-05,East,Office Supplies,Paper,348.41,3.0,-67.81,Nicole Harris,9b48a606,1e657a0b-b,0.2,East Glenn,43.78,Cancelled
2025-02-28,South,Technology,Accessories,936.03,9.0,106.11,Victoria Chang,d96fde42,7ce2ab88-d,0.0,Andersonville,43.45,Delivered
2022-11-20,East,Office Supplies,Binders,339.0,1.0,30.73,Sara Gray,fc8fc02a,70b66eba-0,0.3,New Morganville,29.98,Delivered
2025-02-22,South,Furniture,Tables,,9.0,91.58,Kelly Mills,a962112d,7157c062-6,0.0,Wolfside,25.79,Cancelled
2023-03-02,West,Technology,Phones,620.27,5.0,149.85,Michele Bryant,9b5b1d9f,39a9a104-7,0.2,Lydiastad,6.13,Delivered
2023-02-20,East,Furniture,Bookcases,258.82,9.0,7.49,Dr. Katrina Wheeler,d617f2f8,73e453bb-8,0.1,East Louisshire,24.92,Delivered
2025-07-02,Central,Office Supplies,Labels,602.95,4.0,-31.15,Daisy Spence,32c86c93,d0dd0816-2,0.0,South Josephside,31.95,Cancelled
2022-11-22,West,Furniture,Tables,780.47,10.0,-103.08,Jeffrey Peck,ed044227,465cb737-a,0.1,Mortonfort,5.16,Delivered
2023-02-09,East,Furniture,Furnishings,684.46,9.0,133.16,Paul Richards,b49281e5,fecb2df4-6,0.1,Kendraland,46.41,Delivered
2025-04-14,West,Technology,Accessories,29.17,8.0,7.53,Rebekah Williamson,53563c52,67453fc2-3,0.1,Charlesmouth,,Delivered
2023-07-26,West,Technology,Phones,784.78,5.0,158.87,Thomas Austin,f19a3e83,be285832-8,0.0,Port Mackenzie,47.5,Cancelled
2023-10-13,West,Furniture,Furnishings,689.45,3.0,61.77,Betty Morris,81c27abb,899e5851-a,0.0,West Keith,15.05,Delivered
2022-12-06,Central,Technology,Phones,950.94,5.0,279.6,David Ball,8a1ead2c,ccd88ff6-6,0.0,Port Amy,23.47,In Transit
2023-08-20,West,Furniture,Furnishings,619.37,8.0,146.49,John Gomez,397fa250,0f254c76-0,0.0,Nicoleton,27.97,Cancelled
2023-10-21,South,Office Supplies,Labels,580.08,6.0,0.42,Robin Jones,c99752c9,7c184139-3,0.2,North Christopherberg,44.93,Delivered
2022-10-03,South,Furniture,Bookcases,217.85,5.0,-34.31,Steve Booker,d23ed711,c592461d-a,0.1,Port Anthony,10.54,In Transit
2025-01-03,West,Furniture,Tables,485.34,4.0,,Joshua Davis,a406c0e8,2755f1e4-5,0.0,North Samantha,34.63,Delivered
2024-09-19,East,Technology,Machines,214.38,7.0,-3.42,Charles Brown,4314d07a,06745379-9,0.0,Peterborough,6.49,Delivered
2024-06-02,West,Furniture,Furnishings,367.97,9.0,0.95,Cathy Benitez,06a6d2c7,871b1d9f-8,0.0,New Tannerview,13.61,Cancelled
2024-05-24,West,Technology,Accessories,479.36,10.0,-80.48,Garrett King,38d5dc1d,0a8a8833-b,0.2,South Johnstad,14.41,Cancelled
2024-01-23,West,Technology,Phones,,6.0,227.85,Rita Rhodes,b5974c04,6b50b38a-c,0.0,Jessicafort,12.17,Delivered
2022-10-12,Central,Furniture,Chairs,,2.0,-33.02,Sean Murphy,6368856d,fcdd8869-a,0.0,West Ryan,23.29,Delivered
2023-10-09,East,Furniture,Tables,647.56,3.0,-34.05,Jeremy Cunningham,6c96a138,794a4be6-e,0.0,North Sandra,26.19,Returned
2025-06-16,Central,Furniture,Bookcases,102.58,8.0,-8.11,James Tran,97ebe3f6,9ed966c1-e,0.0,Lopezchester,11.44,In Transit
2022-09-10,Central,Furniture,Chairs,,6.0,-168.12,Jose Hunter,3f918da0,0acaafe6-d,0.0,Shawntown,33.96,In Transit
2022-07-30,West,Furniture,Chairs,675.19,8.0,60.52,Larry Krueger,16602461,37c6f747-e,0.2,New Andreamouth,34.6,Delivered
2025-05-05,West,Furniture,Chairs,523.71,7.0,69.98,Jessica Barnes,c9963f75,b4b89a2e-8,0.0,Royhaven,21.56,In Transit
2023-11-17,East,Furniture,Chairs,11.16,4.0,-1.19,Jason Kent,da6dc173,f236fa3c-b,0.0,Lake Paulshire,48.76,In Transit
2022-07-28,Central,Furniture,Furnishings,434.41,,-17.4,Cynthia Lopez,3e53ca5d,3ae4ff74-a,0.0,North Anthony,39.08,Delivered
2024-01-28,West,Technology,Copiers,295.63,2.0,-30.27,Jeffrey Phillips,08306d16,e4f0b100-c,0.0,Lake Brian,35.13,Delivered
2023-06-16,South,Furniture,Furnishings,629.86,10.0,163.77,Patrick Wilson,2e764579,cdd6b0c1-6,0.2,East Ryan,29.6,Delivered
2024-07-11,Central,Technology,Phones,896.89,3.0,229.81,Bonnie Roth,5905ef23,c77fbb4f-2,0.0,Mccartyfurt,41.82,Delivered
2025-01-20,Central,Office Supplies,Labels,826.44,4.0,48.53,Christopher Valdez,dc483c8a,53dab3f1-3,0.0,Moonbury,,In Transit
2022-08-01,South,Office Supplies,Binders,270.31,4.0,60.31,Rebecca Brown,f0b18933,41101e00-f,,West Rogerville,41.0,Cancelled
2022-10-06,Central,Technology,Accessories,367.53,7.0,46.6,Karen Pineda,5ec0e680,38652e00-8,,Emilymouth,33.88,Delivered
2022-08-30,East,Office Supplies,Binders,74.84,1.0,12.12,Daniel Stewart,e720c78f,c675a9d0-9,0.0,West Bethany,20.66,Cancelled
2025-05-17,West,Furniture,Tables,806.35,5.0,158.26,Shirley Charles,e3170047,e0fc0007-f,0.0,Rebeccashire,28.91,Cancelled
2024-06-12,West,Office Supplies,Art,890.09,9.0,-11.51,Charles Jones,a5984dad,6a9eb30c-f,0.0,New Davidfurt,31.09,Delivered
2025-06-04,Central,Office Supplies,Labels,890.77,9.0,-173.45,Kimberly Mcmahon,654e074e,72632635-2,0.2,West Kimberly,41.48,Delivered
2023-11-15,South,Office Supplies,Labels,331.84,2.0,59.67,Tracy Jefferson,448fd31f,567f2613-0,0.0,South Tara,5.13,Returned
2023-05-04,East,Office Supplies,Paper,,10.0,165.53,Roberta Sullivan,0741d039,45b8458e-c,0.0,Madisonville,27.93,In Transit
2024-08-22,East,Technology,Copiers,251.78,5.0,47.74,Carlos Graham,73f743fb,6677b4c6-3,0.0,Tamiborough,38.92,Delivered
2023-02-25,Central,Office Supplies,Labels,119.4,1.0,29.52,Matthew Jackson,d8c2870c,46d6fc8b-b,0.0,Sarahville,38.16,Delivered
2023-05-20,South,Furniture,Bookcases,211.78,10.0,-13.28,Traci King,24d43c0c,c1270509-9,0.2,East Jeromemouth,47.11,Delivered
2023-04-26,Central,Furniture,Furnishings,448.68,6.0,,Emily Blair,20faa59b,c394b498-2,0.0,Lake Alexis,39.02,In Transit
2022-11-19,East,Furniture,Chairs,325.26,6.0,8.0,Allen Anderson,44cc7c88,c28cf66f-b,0.2,Bobmouth,49.3,Cancelled
2023-02-17,East,Furniture,Bookcases,,3.0,-102.67,Anthony Jones,033be6ba,ffa104c7-e,0.1,Whitestad,14.0,Delivered
2023-08-16,South,Office Supplies,Binders,360.25,10.0,-61.12,Johnathan Wilson,ff608c61,efe529df-7,0.0,East Williammouth,7.29,Cancelled
2022-11-17,West,Technology,Copiers,,3.0,-16.28,David Chavez,8d13fac1,34bd1d97-b,0.2,South Peterfort,29.25,Delivered
2024-08-31,South,Office Supplies,Binders,,5.0,-100.38,Christina Sullivan,d784deb0,e96a8196-2,0.1,Margaretton,7.14,Delivered
2024-08-07,Central,Furniture,Bookcases,580.12,6.0,58.16,Maria Gonzalez,798e3f04,e5908f08-5,0.2,Port Tamara,11.06,In Transit
2023-06-24,Central,Technology,Copiers,211.41,1.0,-35.62,Kelly Valenzuela,3deb61ba,47720e29-6,0.0,North Shawn,36.42,In Transit
2024-06-21,Central,Furniture,Furnishings,154.3,5.0,21.13,Curtis Porter,82aefe8f,521225ab-8,0.1,Lake Jessica,18.27,Delivered
2023-01-29,Central,Office Supplies,Paper,824.83,9.0,118.19,Robert Randall,a8c0685e,656e5e1d-f,0.2,Ryanmouth,18.44,In Transit
2024-07-24,Central,Technology,Phones,320.25,10.0,11.88,Shawn Campbell,f83917cb,efc08303-4,0.0,Edwardhaven,38.96,In Transit
2024-07-09,East,Furniture,Furnishings,663.78,7.0,15.98,Kenneth Hunt,900a803d,efdf8eab-6,0.0,Shepherdburgh,29.67,In Transit
2023-10-13,Central,Office Supplies,Paper,467.38,9.0,25.62,Breanna Atkinson,f51966eb,6413cb5d-9,0.2,East Calvinville,49.15,Delivered
2023-02-28,Central,Furniture,Furnishings,79.07,9.0,17.82,Erin Christensen,980291c1,7ab28efd-3,0.3,Josephborough,,Cancelled
2022-11-07,South,Technology,Machines,235.06,4.0,17.51,William Nguyen,19bb9449,54be470f-8,0.0,West Maurice,37.86,Delivered
2023-02-08,East,Furniture,Tables,439.99,,49.04,Theodore Holmes,6e46a661,0f223d39-7,0.0,Forbeschester,18.27,Delivered
2023-07-06,West,Office Supplies,Binders,506.36,1.0,-45.44,Brittany Schwartz,f5949fb2,2e2540b6-0,0.0,Port Bryanmouth,25.47,Delivered
2024-07-28,East,Technology,Phones,927.42,5.0,-182.68,Deborah Hamilton,65607836,801d4ef5-a,0.0,Briggsborough,42.09,In Transit
2023-04-30,West,Technology,Accessories,888.37,8.0,153.97,Sarah White,5115c467,3b4f3a1f-0,0.0,Cruzview,47.45,Delivered
2022-10-14,East,Office Supplies,Labels,157.49,5.0,4.47,Carrie Davis,606ea633,a2deaeb0-7,0.1,Robinview,21.74,
2024-07-24,West,Furniture,Bookcases,675.52,2.0,-93.16,Tammy Williams,198c6d52,a7ab5d55-6,0.1,West Amyborough,25.05,Delivered
2024-07-26,Central,Office Supplies,Paper,574.08,3.0,-12.49,Scott Nicholson,a9af3a13,205f0452-d,0.1,South Bradley,32.76,In Transit
2024-05-01,West,Furniture,Bookcases,798.78,1.0,2.14,Sarah Roberts,d71c9094,6673af1e-d,0.1,North Kellifurt,24.51,Delivered
2022-12-21,West,Technology,Machines,597.83,10.0,-60.07,Antonio Scott,b9c33ff9,3050eb8c-e,0.0,Margaretville,16.4,Delivered
2024-09-01,West,Furniture,Chairs,35.24,9.0,4.24,Deanna Golden,4f1d57b0,aeacf0f7-5,0.2,East Joshua,34.35,Delivered
2024-06-08,East,Furniture,Bookcases,871.38,8.0,-88.28,Susan Dickerson,01ddabce,c21b1320-0,0.0,North Charles,32.12,Delivered
2024-03-10,South,Technology,Machines,725.76,3.0,,Marc Bush,5ff08b1c,65cc0ce6-f,0.0,Smithton,46.2,Delivered
2024-04-14,Central,Furniture,Bookcases,946.23,1.0,221.47,James Estrada,9e015eac,88cf54f6-7,0.1,West Andreaport,,In Transit
2024-02-02,Central,Furniture,Furnishings,252.97,3.0,-42.27,Jon Hernandez,93618a69,ee20c6ad-0,0.0,,13.61,In Transit
2025-03-25,South,Furniture,Bookcases,918.39,9.0,134.85,Brian Ingram,70a64d0a,61997c95-5,0.3,Jamesburgh,,In Transit
2023-07-22,East,Furniture,Furnishings,574.79,6.0,34.76,Madeline Huff,32f89cdf,ecd04407-6,0.0,Kirbystad,17.35,Delivered
2022-11-17,South,Technology,Machines,552.95,2.0,-14.89,Shane Bush,dddb8001,9b29f7d6-4,0.1,Alexanderchester,12.31,Cancelled
2022-09-27,South,Office Supplies,Binders,523.34,5.0,77.56,Allen Frazier,c8fcd89b,e7390015-8,0.1,Morganfurt,47.35,Delivered
2023-04-10,West,Technology,Copiers,,1.0,75.37,Ashley Elliott,2b481879,0a9d6c8b-f,0.1,Port Austinshire,10.83,In Transit
2022-12-06,South,Technology,Machines,174.82,9.0,52.09,Michelle Beck,f819e4d3,94b9ae45-7,0.0,Collinsport,11.64,Delivered
2023-04-10,West,Furniture,Furnishings,363.48,7.0,-41.02,Andre Washington,36cbde3b,68a30005-b,0.0,North Richardbury,26.16,Delivered
2022-07-28,Central,Furniture,Bookcases,103.12,3.0,26.21,Dr. Michael Brown,fce3aefa,5ac351c4-9,0.2,Sosahaven,40.03,Delivered
2024-03-21,West,Furniture,Tables,56.88,10.0,12.6,Sydney Patel,cb583314,f0afbe30-d,0.0,Kennethfort,37.1,In Transit
2024-08-02,East,Furniture,Chairs,412.22,10.0,2.47,Devin Davis,a46285cc,53490187-2,0.0,Johnburgh,23.05,Delivered
2023-03-31,East,Office Supplies,Art,332.17,4.0,-59.78,James Smith,c681c428,7b44cd0f-9,0.0,North Tanya,47.84,Delivered
2024-10-26,Central,Technology,Accessories,727.9,6.0,-84.73,Lisa Morrow,3c8e0209,b3f6a561-7,0.2,West Martinport,22.04,In Transit
2025-06-17,Central,Office Supplies,Labels,206.64,7.0,58.73,Susan Gilbert,4e838d29,ee4f0a43-7,0.1,Hernandezshire,,In Transit
2024-06-11,East,Office Supplies,Art,721.18,7.0,92.42,Raymond Ali,9c611274,8b6b999a-8,0.2,West Jennifer,22.7,Delivered
2024-08-02,Central,Furniture,Tables,990.85,4.0,256.86,Mary Osborne,74d9c31c,6b1e5fc1-e,0.1,South Williammouth,37.18,Delivered
2023-08-12,South,Office Supplies,Labels,858.79,5.0,-134.29,Jesse Jones,b6a3ff56,fccdf234-8,0.2,Jotown,27.64,Delivered
2023-12-12,East,Office Supplies,Art,211.83,6.0,-7.08,Danielle Gilbert,6cf05369,b4327d86-c,0.3,Morganstad,49.41,In Transit
2025-05-22,West,Office Supplies,Labels,659.79,4.0,173.85,Gerald Hayes,3160980d,d5f3f65d-7,0.0,Lake Todd,45.18,In Transit
2024-03-24,Central,Furniture,Tables,420.69,8.0,2.17,Bruce Pearson,c1ad4f3c,0a943070-0,0.3,New Jennifershire,49.57,Cancelled
2024-01-21,South,Technology,Copiers,603.3,10.0,128.73,Margaret Lynch,7c9e8c18,407ed0fe-f,0.0,Stephenbury,18.73,Delivered
2023-12-23,West,Office Supplies,Labels,876.44,9.0,-65.0,Amanda Hanson,124e4bb8,31e66f5c-1,0.0,Jacquelineville,17.07,Returned
2024-12-07,East,Technology,Phones,744.41,6.0,45.22,Alexandra Woodward,9cf481c4,aaa27557-d,0.0,Russellton,5.99,In Transit
2022-09-28,West,Furniture,Chairs,565.02,5.0,160.49,Alex Freeman,e16c5263,5f5ef6eb-9,0.0,Isabellaville,14.59,Delivered
2024-12-05,South,Furniture,Chairs,298.19,9.0,-17.73,Victor Alexander,b09f74e0,85a4f237-2,0.0,West Chadmouth,10.44,Delivered
2022-12-30,West,Technology,Copiers,811.7,10.0,,Erin Thompson,6b4f7124,aeeec757-3,0.0,Lake Johnfurt,34.27,Delivered
2022-12-23,West,Furniture,Tables,645.75,2.0,-118.03,Barbara Wood,5de92a23,a6697e5a-8,0.2,Coleton,26.39,Delivered
2025-04-04,East,Office Supplies,Paper,203.3,3.0,-37.74,Andrew Walker,372c0e9b,c5a4ea0e-8,0.2,West Jessicaville,39.37,Cancelled
2023-08-05,South,Technology,Phones,524.56,4.0,93.43,Andre Martinez,9cfa59ed,cf568301-4,0.2,New Seanburgh,41.29,Delivered
2024-04-12,East,Technology,Phones,464.86,3.0,16.11,Charles Roberts,4463b0c3,305417fa-e,0.1,Port Jasonhaven,30.15,Delivered
2023-07-12,West,Office Supplies,Binders,263.98,7.0,-38.35,Austin Aguilar,5488c620,a9fd2349-1,0.0,Lake Carolinehaven,6.42,In Transit
2024-05-05,South,Office Supplies,Labels,409.7,9.0,-29.19,Ryan Riggs,da8c2b8e,66fe383d-a,0.0,Port Robertchester,11.03,Delivered
2024-08-06,Central,Furniture,Tables,294.36,3.0,64.07,Vincent Baker,3ca65603,445ac2a8-6,0.0,Mcdanielborough,36.21,Delivered
2024-05-27,East,Office Supplies,Art,287.6,5.0,57.27,Jessica Allen,f889b9b1,9da619cb-8,0.0,West Patricia,27.44,Delivered
2022-10-17,South,Technology,Machines,557.48,2.0,-1.82,Paul Mcmahon,763f975d,9817d92d-5,0.0,Lake Shelby,36.94,Delivered
2022-09-05,West,Office Supplies,Binders,495.82,1.0,-10.96,Veronica Clark,a78f5636,e8275307-7,0.0,Tinamouth,49.54,In Transit
2025-01-21,Central,Furniture,Tables,711.25,2.0,197.05,Jenny Johnson,8df2ccad,2f21f88d-3,0.0,Curtisville,6.47,Cancelled
2024-04-17,South,Furniture,Furnishings,36.04,8.0,10.41,Ashley Wolfe,0e7c6548,e39a054b-1,0.2,Port Shellyton,24.46,Delivered
2024-06-23,West,Technology,Copiers,409.62,9.0,122.25,Brendan Cox,03dec4fa,6f095d7f-0,0.0,Alexandrabury,47.53,Delivered
2023-01-30,West,Furniture,Bookcases,158.25,2.0,-7.64,Scott Holmes,c717c7b0,e623c788-f,0.0,Lauriehaven,25.71,Cancelled
2024-08-28,West,Furniture,Chairs,205.84,1.0,-34.32,Emily Martin,350a54ac,a90bbe69-8,0.2,,46.86,Delivered
2024-09-20,South,Office Supplies,Binders,76.29,3.0,-13.85,Alexandria Romero,8469f6a0,81065bd3-d,0.0,Cherylborough,5.67,In Transit
2025-01-22,West,Furniture,Chairs,991.02,10.0,270.31,Justin Smith,e3ed9308,de012837-c,0.0,Shaneburgh,14.75,In Transit
2024-05-22,West,Office Supplies,Labels,538.53,1.0,-53.5,Brandon Lawson,a9ee7670,c07b6c75-2,0.0,Gailview,29.25,In Transit
2025-02-09,East,Furniture,Tables,136.21,8.0,30.71,Richard Smith,e300dfe3,16328db2-1,0.1,Dawnfurt,41.47,In Transit
2024-04-25,West,Furniture,Bookcases,834.77,2.0,126.55,Ryan Wagner,537beaa7,5e4dc38f-4,0.1,Brianport,32.41,Cancelled
2024-02-02,Central,Technology,Accessories,869.44,8.0,101.09,Stephanie Young,43a1550c,26f6a2c5-1,0.0,Port Christopher,41.31,Delivered
2024-11-22,West,Office Supplies,Art,75.54,7.0,-6.0,Shane West,5a35e4e7,71211c44-e,0.0,East April,31.59,In Transit
2024-06-23,Central,Technology,Copiers,436.94,2.0,,Edward Hernandez,411b1614,bfec6c3b-1,0.1,Parksburgh,42.32,Delivered
2024-07-24,West,Technology,Accessories,594.0,9.0,83.98,Amy Espinoza,4a627bb2,2301e86c-1,0.2,East Jeffrey,23.06,Delivered
2023-01-05,Central,Technology,Machines,714.94,7.0,14.25,Anthony Acosta,0fecd2b6,caa389b5-e,0.1,South Roberthaven,31.73,Delivered
2024-12-20,Central,Furniture,Tables,861.52,10.0,95.63,Sheila Moore,b9820811,6369c541-c,0.3,Samanthaton,9.1,In Transit
2023-05-19,East,Furniture,Bookcases,688.54,6.0,-88.95,William Maynard,ab6ccb30,8b75e595-d,0.3,Port Adam,33.12,In Transit
2024-06-15,South,Office Supplies,Labels,268.27,2.0,-8.65,Marie Sandoval,65db112a,887cd224-0,0.0,North Mariomouth,46.15,Delivered
2023-06-06,West,Office Supplies,Paper,474.56,2.0,107.65,Daniel Riley,a78cea6d,4310d4f8-6,0.1,Bauerchester,30.83,Cancelled
2023-05-27,Central,Office Supplies,Binders,480.42,3.0,76.95,Jeffrey Reynolds,8e23236d,7f01c280-b,0.3,Mosleymouth,27.89,In Transit
2025-05-18,Central,Furniture,Bookcases,467.73,4.0,-77.32,Alexa Brooks,a1693c45,950257ae-e,0.0,Tracihaven,38.12,Delivered
2023-03-01,South,Technology,Accessories,845.44,10.0,160.81,Beth Smith,4b37b087,a8395f1e-1,0.0,North Keithview,31.66,Delivered
2024-10-16,Central,Office Supplies,Paper,40.25,10.0,-6.9,Jessica Martin,65ad1944,99be0971-3,,Duncanchester,11.36,Delivered
2025-03-20,West,Furniture,Furnishings,747.14,2.0,-58.14,James Morales,9aa0ad1c,4cf466f8-8,0.0,Hickstown,19.59,In Transit
2024-07-26,East,Office Supplies,Binders,102.35,8.0,13.47,James Thomas,1dd6f8db,9f8b1c1d-6,0.2,Justinside,39.11,Delivered
2024-10-31,South,Office Supplies,Art,873.81,,23.03,Rebecca Evans,90756bef,fe1b158f-9,0.3,Jenkinsstad,12.5,Delivered
2024-11-14,East,Furniture,Chairs,382.13,7.0,-47.01,Nancy Case,c08a8f06,5441cce8-3,0.0,Michelemouth,16.52,Delivered
2024-01-21,Central,Technology,Copiers,257.17,9.0,-20.26,Daniel Taylor,7c6b04fc,993e3bf1-1,0.0,Copelandton,7.81,Delivered
2024-01-26,East,Office Supplies,Paper,894.2,6.0,262.6,Paul Olson,1b2b6987,85c76d6c-5,0.0,North Ashlee,22.49,Returned
2025-01-16,West,Technology,Accessories,108.29,2.0,-19.9,Nicholas Riggs,91e60851,18dec6c6-5,0.3,North Caleb,31.38,Delivered
2023-03-02,West,Technology,Machines,208.34,7.0,-31.58,Jeremy Walker,809ad1e6,8726cc32-3,0.1,South James,44.64,In Transit
2022-08-20,West,Furniture,Furnishings,653.87,3.0,54.9,Mark Jackson,0a85d152,7859c716-3,0.1,West Tamara,45.44,In Transit
2024-01-02,West,Technology,Phones,445.76,1.0,-72.78,Corey Martin,ef2a27d8,24ebf07d-f,0.0,North Vanessa,44.9,In Transit
2023-01-09,West,Furniture,Tables,133.19,3.0,-4.26,Ethan Guerrero,35801afd,edce7650-c,0.1,West Dustinville,6.53,Returned
2023-04-06,South,Furniture,Tables,26.34,4.0,1.71,Erin Gates,26400930,ddae788d-2,0.3,Davisstad,28.6,Cancelled
2022-10-06,Central,Technology,Machines,410.53,3.0,81.05,Joseph Simmons,9197683b,89666ef1-8,0.2,Sanchezton,33.9,Cancelled
2023-09-18,South,Technology,Phones,376.19,7.0,-24.19,Mark Hays,0ead70a1,d4dc0ab5-3,0.2,Lake Seth,35.18,Delivered
2024-12-19,South,Technology,Accessories,696.36,8.0,57.12,Ryan Aguilar,775c99db,af9ba71d-3,0.0,Sherryside,26.31,Delivered
2025-06-14,Central,Office Supplies,Labels,319.27,10.0,93.36,Ashley Ayers,36cf04da,8e5cf6a1-4,0.0,Billfort,32.23,In Transit
2025-05-03,West,Technology,Phones,579.63,1.0,109.89,Breanna Ross,d692b0cd,ea6ac4df-c,0.3,Robertport,21.79,Cancelled
2025-01-31,Central,Furniture,Furnishings,168.27,2.0,-7.83,Andre Holmes,3f24df2b,5d657292-c,0.0,South Jennifer,28.48,Delivered
2025-06-08,South,Office Supplies,Art,922.58,5.0,-47.46,Alexis Salazar,985a1250,51bd1fc8-2,0.2,Port James,15.41,Delivered
2024-10-21,East,Office Supplies,Art,352.56,10.0,-50.55,Michael Roach,6bf1d975,66ce9708-f,0.0,Angelaburgh,31.92,In Transit
2023-05-02,Central,Furniture,Bookcases,960.68,1.0,102.95,Brian Evans,d6e0d907,02f9937a-b,0.2,Olsenstad,8.27,Delivered
2023-12-09,West,Furniture,Tables,878.1,7.0,143.5,Alyssa Matthews,9b104c9f,76b79795-c,0.0,Taylorfurt,36.95,In Transit
2025-03-14,West,Furniture,Furnishings,973.67,10.0,243.83,Melinda Clark,952d673c,77f12183-3,0.2,Lake Mitchellside,19.41,In Transit
2025-06-19,East,Furniture,Tables,925.47,5.0,-11.87,Melinda Rivera,eb4aa484,a9e67e9a-e,0.2,East Thomasburgh,36.48,Cancelled
2024-01-17,East,Technology,Machines,236.49,4.0,-12.03,Amanda Nash,6e356da9,4c56420b-9,0.0,North Jamesville,46.96,In Transit
2022-12-28,West,Technology,Accessories,,8.0,37.48,Lee Anderson,3577297f,bc4436e0-4,0.0,Kelseyfort,11.26,Returned
2024-02-13,East,Technology,Machines,164.34,3.0,24.71,Alexis Gray DVM,3e8f221f,c0f6d90f-f,0.3,Tapiaview,19.89,In Transit
2024-09-18,East,Furniture,Tables,603.6,8.0,,Eric Chavez,8e5b45e5,a6d1170e-4,0.0,Bowmanfort,23.37,Delivered
2024-06-25,West,Office Supplies,Art,538.59,10.0,60.23,Jeremy Wagner,7dbc9ebe,6ada45b6-e,0.1,Barnettfurt,22.14,Delivered
2024-09-26,East,Office Supplies,Labels,796.86,7.0,144.82,Mrs. Sandra Gordon,4de4d382,ad827501-e,0.0,Lake Amber,48.08,In Transit
2023-05-16,South,Office Supplies,Binders,496.93,9.0,-76.04,Randy Hill,36df3f3b,0391ee62-5,0.0,Christophertown,26.81,Delivered
2025-05-31,East,Technology,Copiers,729.62,9.0,-68.99,Shelby Daniel,39445f30,53695923-d,0.1,Kennethstad,32.9,Returned
2024-05-17,West,Furniture,Furnishings,676.9,4.0,77.1,Chase Levy,74854fd8,14a6f3cb-f,0.2,Lake Vicki,44.16,Delivered
2024-01-19,West,Technology,Accessories,806.02,5.0,128.5,Donald Allen,2df941c7,d9d00310-b,0.0,Gilesville,39.48,Delivered
2023-11-22,South,Office Supplies,Art,881.25,9.0,134.44,Brittany Nguyen,fd54ce67,5f85882e-4,0.3,Padillaview,26.51,Delivered
2024-05-14,South,Office Supplies,Binders,964.22,3.0,101.74,Gregory Johnson,f6eadc6f,7d1203cc-2,0.0,Richardside,38.8,In Transit
2023-10-25,East,Office Supplies,Binders,340.66,5.0,-15.38,Lisa Williams,2cc79198,0d8e7d0b-c,0.0,Debraberg,22.27,Delivered
2023-09-12,East,Office Supplies,Paper,324.14,7.0,-18.69,Melissa Luna,ea9d8872,fe867c04-b,0.0,South Robinchester,29.53,Delivered
2024-07-30,Central,Furniture,Chairs,451.32,,8.02,Kyle Hurst,c539c670,6895b095-f,,Valenciamouth,45.63,Delivered
2025-01-12,South,Technology,Accessories,114.42,10.0,-15.73,Dana Richard,3ab29da9,0a463ae1-a,0.0,Port David,19.45,Delivered
2023-07-25,West,Office Supplies,Binders,320.57,5.0,25.29,Nicholas Richardson,5397e610,2b7c6a62-7,0.0,New Brittany,46.69,In Transit
2025-06-03,East,Furniture,Bookcases,751.49,3.0,134.66,Olivia Johnson,a2660fb7,7a2e223c-e,0.0,New Bridgetbury,10.78,Delivered
2024-09-03,East,Technology,Copiers,75.01,2.0,-2.23,Thomas Pennington,8411fb88,03c4a388-4,0.1,Cynthiaton,46.98,In Transit
2023-01-26,South,Furniture,Bookcases,431.01,6.0,9.38,Jeffrey Martin,85ccb30e,43116d66-d,0.1,Port Curtisland,,Cancelled
2023-10-25,Central,Technology,Phones,974.03,2.0,217.88,Christopher Pham,1eaf58cc,679c59b4-c,0.2,Aaronborough,36.62,Delivered
2024-03-24,Central,Technology,Accessories,813.49,10.0,-82.86,Zoe Wilson,808d47cc,047039aa-3,0.0,East Patrick,46.52,Delivered
2024-04-20,South,Technology,Copiers,379.09,4.0,-33.49,Michael Jones,6053643f,5773d3d8-4,0.0,East Randyfort,14.82,In Transit
2022-07-16,South,Furniture,Furnishings,755.05,3.0,185.06,Megan Frank,be9e9144,46966082-e,0.0,Meredithhaven,42.59,In Transit
2022-10-08,West,Office Supplies,Art,291.58,7.0,-34.08,Scott Cooper,3321f065,d6458aca-e,0.1,Mosleyview,33.07,Delivered
2024-03-21,East,Office Supplies,Binders,695.59,3.0,-97.85,Daniel Adams,308d5710,5f31fa86-1,0.2,Hardinchester,7.05,Delivered
2024-06-09,East,Furniture,Chairs,819.62,3.0,-48.72,Jesse Schaefer,c3c44867,4f8a51b6-b,0.0,Bushville,30.38,
2024-09-14,East,Technology,Accessories,22.16,8.0,1.1,Zachary Ryan,25bda90e,e27bfda6-7,0.1,Housemouth,41.41,In Transit
2025-02-14,West,Office Supplies,Binders,240.06,4.0,31.81,Clarence Baxter,43fe9263,34315907-b,0.0,Charlestown,10.06,Delivered
2024-05-07,East,Office Supplies,Art,943.51,5.0,-155.41,Damon Mullins,a906f1ea,e85ab8a1-a,0.2,North Rickyview,43.98,Delivered
2025-04-05,Central,Office Supplies,Paper,262.32,10.0,-42.73,Calvin Herrera,72b53547,1094ef7e-3,0.0,New Nicholasland,13.18,In Transit
2023-08-17,Central,Technology,Phones,468.65,4.0,112.27,Ellen Barber,2101f494,d70349ca-a,0.0,Lake Jenniferfurt,44.58,Delivered
2023-02-01,Central,Furniture,Chairs,232.8,5.0,-38.82,Robert Rhodes,8f5de54a,e3378d2c-0,0.1,Reedshire,19.78,Delivered
2024-09-23,South,Technology,Accessories,498.52,1.0,58.86,Holly Sellers,8bf42edd,b89259af-5,0.2,South Jason,22.73,Delivered
2024-06-30,South,Furniture,Tables,70.19,7.0,-9.85,Patrick Hall,66307e9e,7877900c-0,0.1,Michaelmouth,7.93,Cancelled
2024-03-04,East,Furniture,Tables,88.29,10.0,18.3,Timothy Schultz,66584bc4,566f820c-b,0.0,Lake George,17.76,Returned
2025-06-09,East,Furniture,Tables,707.13,5.0,149.88,Frederick Hodges,f2de5584,b0df01fa-9,0.1,West Donna,32.22,Delivered
2023-01-10,East,Technology,Accessories,128.03,1.0,32.55,Mikayla Stanley,60f9099f,d88f19f8-f,0.3,New Williamfort,6.87,In Transit
2022-07-25,Central,Technology,Copiers,66.28,1.0,10.38,Steven Miles,58d2eaff,f9a5614b-3,0.2,Annetteton,20.09,In Transit
2025-01-07,Central,Office Supplies,Labels,177.0,8.0,15.4,Amy Simon,e5b0e723,6073673a-a,0.0,Kimberlyside,13.79,Cancelled
2022-08-04,West,Furniture,Chairs,350.82,3.0,63.78,Olivia Kirby,e7aff253,2ebf195b-4,0.2,East Christian,7.01,Delivered
2024-05-18,East,Office Supplies,Labels,696.5,3.0,37.31,Sandra Alexander,84cfc0d6,6bc5a7ca-2,0.0,South Kaylabury,45.79,
2024-03-05,East,Furniture,Chairs,58.26,10.0,-11.59,Richard Ford,fb146369,80e0b5dd-5,0.0,Shawnaburgh,25.25,In Transit
2022-07-24,South,Technology,Phones,475.39,7.0,-53.79,Carly Martinez,2101f85f,baf4c6ea-e,0.0,South Francisco,,Delivered
2025-02-02,East,Office Supplies,Labels,651.33,10.0,142.44,Sarah Rush,efe36b46,a4bc2e4b-d,0.3,Lake Latoya,28.9,In Transit
2024-06-18,Central,Furniture,Bookcases,440.35,1.0,-5.56,Rachael Perez,fe70ac3b,dcf0557c-9,0.1,North Traci,30.26,Delivered
2023-04-16,Central,Office Supplies,Paper,680.65,3.0,-34.58,Bobby Wright,73d4914c,a3d6fb65-8,0.0,New Michael,15.76,Delivered
2025-03-07,Central,Furniture,Bookcases,826.86,9.0,-18.58,Brandi Kaiser,1bcad16a,9fb4b53d-b,0.2,West Christopher,7.02,Cancelled
2023-08-04,South,Office Supplies,Binders,602.89,9.0,105.37,Christopher Hill,597dae05,2edad4ac-5,0.3,Laramouth,32.09,Returned
2024-01-19,West,Furniture,Furnishings,875.49,7.0,204.45,John Thompson,96d615b9,f957f83e-5,0.1,Paulaton,12.6,Delivered
2023-12-30,East,Technology,Copiers,837.57,4.0,123.02,Kimberly Goodman,b439f0d5,cd69c3bd-b,0.0,Millerview,32.44,Delivered
2025-01-11,South,Furniture,Chairs,369.07,6.0,13.58,Jessica Kane,b37c5b55,ee3f9927-2,0.2,Youngtown,12.38,Delivered
2023-08-03,Central,Technology,Machines,141.47,5.0,24.39,Matthew Robinson,007cac68,4ae893bb-2,0.0,Watkinschester,41.54,Returned
2024-05-10,West,Technology,Accessories,339.18,7.0,40.04,Shawn Caldwell,28d1c4b9,fe04a37d-3,0.3,Port Staceymouth,37.68,Delivered
2025-01-29,Central,Technology,Copiers,739.04,5.0,90.83,Brandi Ross,f8731048,498a317d-5,0.0,North Matthew,6.69,Delivered
2023-12-30,Central,Office Supplies,Art,251.17,5.0,-26.51,James Martinez,d5dac3d3,5e698d28-c,0.0,West Michael,38.0,Delivered
2024-02-11,West,Office Supplies,Binders,456.84,7.0,-58.16,Justin Moore,40f91a3e,33776a9e-5,0.2,South Austin,41.59,Delivered
2023-06-03,South,Furniture,Furnishings,923.72,,119.37,Keith Smith,39814d5f,2aa842b9-5,0.2,Ryanville,32.58,Delivered
2024-10-20,Central,Furniture,Tables,627.97,5.0,158.54,Jack Baker,97fd1344,b3cec778-7,,Lake Elaineport,32.28,Delivered
2025-01-07,East,Office Supplies,Binders,403.25,5.0,118.69,Tina Long,a7a3c5c4,9bc68aa7-7,0.0,North Briannabury,5.45,Delivered
2025-01-18,East,Technology,Machines,821.69,2.0,-156.59,Jeffery Bowen,0f418425,bda48d09-8,0.1,Melissashire,32.79,Delivered
2023-09-04,South,Furniture,Chairs,341.02,8.0,98.18,Matthew Cook,2c9a590b,87b8d9fc-0,0.2,Lake Martha,25.21,Delivered
2023-05-20,West,Furniture,Furnishings,387.44,3.0,102.15,Mr. David Clark,1b68f09e,0dede32f-2,0.1,Jonesview,23.49,Delivered
2024-10-11,Central,Furniture,Furnishings,814.9,2.0,12.53,Thomas Snyder,26e71f99,80d3c1d8-5,0.0,North Steven,33.79,Delivered
2025-06-20,East,Furniture,Chairs,487.31,3.0,115.09,Patricia Jones,6a2f1dd3,e29c7913-1,0.0,Timothyhaven,33.43,Cancelled
2024-06-15,West,Office Supplies,Art,643.46,5.0,47.57,Evelyn Nichols,e5e3b654,5934ead1-0,0.0,New Carl,45.58,Delivered
2023-06-10,South,Office Supplies,Labels,612.12,8.0,-103.1,William Rowe,bf4dc30a,62ef3b4c-e,0.0,Fitzpatrickport,,Delivered
2023-03-30,Central,Technology,Phones,570.41,1.0,,Jeffery Garner,39a34eab,26e4258f-a,0.2,Mollyborough,30.51,Delivered
2023-12-19,East,Technology,Machines,936.35,8.0,104.85,Lindsey Brown,624b2392,560d65d8-9,0.3,Rayton,43.26,Delivered
2023-03-15,Central,Furniture,Bookcases,759.38,8.0,-4.08,Randy Moore,5804c3d1,4dfe0263-9,0.3,West Aaron,32.45,Delivered
2023-09-12,West,Technology,Machines,923.06,4.0,-38.86,Lisa Cooper,33ba45fb,befe600b-d,0.2,West Joshua,23.51,In Transit
2024-10-11,South,Office Supplies,Paper,570.18,7.0,56.02,Nicole Mcgrath,0e1f8424,ff246f8b-8,0.2,Port Leslieberg,19.6,Delivered
2022-08-05,Central,Furniture,Bookcases,907.94,2.0,,Thomas Reed,35466618,5cb88c87-2,0.0,South April,10.8,In Transit
2023-09-23,South,Furniture,Furnishings,906.35,1.0,190.1,Kelly Williams,de4e67d5,ee9a44b0-a,0.1,Julieberg,45.02,In Transit
2022-10-04,South,Office Supplies,Art,,10.0,-14.23,Henry Horn,030fc641,9d57e11a-c,0.0,New Andrewborough,31.99,Delivered
2022-07-20,Central,Office Supplies,Binders,669.34,7.0,15.86,Jose Clark,bd0f77cc,1e3962a4-2,0.3,New John,26.55,Delivered
2024-01-14,Central,Office Supplies,Binders,528.18,10.0,-82.02,Darren Mckinney,c0bcf42d,26500ff0-7,0.1,Josetown,15.28,Cancelled
2022-12-10,West,Technology,Accessories,145.44,1.0,-14.83,Shawn Harris,f605d470,6af9d550-5,0.2,Lisabury,31.6,Delivered
2024-02-07,East,Office Supplies,Labels,130.6,3.0,-14.81,Kelly Johnson,dc4dce66,2d304c56-6,0.2,North Rhonda,16.92,Cancelled
2024-08-26,Central,Technology,Copiers,418.49,8.0,114.17,Daniel Montgomery,bbd7225a,f355b149-3,0.0,Caitlinfurt,12.01,Delivered
2024-11-05,Central,Technology,Machines,834.7,1.0,229.5,Billy Williams,ecf5287a,f7309f4e-7,0.0,Bryanhaven,8.64,Delivered
2025-01-22,East,Office Supplies,Paper,64.24,4.0,-10.51,Joshua Chavez,b3b61323,53800b90-6,0.0,East Josephborough,36.9,Delivered
2024-08-31,East,Technology,Accessories,823.55,1.0,178.34,Tyler Kelly,cd2568c3,f713e391-5,,Brittneyside,27.51,Delivered
2025-05-13,West,Office Supplies,Paper,613.68,10.0,62.57,Makayla Ramirez,94f67483,34aee64a-d,0.1,Angelatown,38.11,Returned
2023-04-22,East,Office Supplies,Labels,834.46,5.0,-79.21,Ian Little,f1151710,c97fe637-e,0.2,Port Rodneyhaven,26.33,Delivered
2024-09-11,West,Technology,Accessories,845.36,5.0,72.84,Joshua Lucas,3cde1abd,f5a67efe-7,0.0,Bellville,28.58,Cancelled
2024-06-12,Central,Office Supplies,Art,629.59,8.0,-51.93,Michelle Nelson,4e7c66f4,1858471c-f,0.0,Colemanville,25.72,In Transit
2024-09-04,Central,Furniture,Tables,342.3,6.0,96.91,Tony Carter,c7a782ca,7535001b-6,0.0,Kleinland,16.11,Delivered
2023-07-20,East,Technology,Copiers,,1.0,121.88,Karen Newman,1aed2bca,6f511881-d,0.0,East Williamhaven,17.64,Delivered
2023-09-21,Central,Furniture,Chairs,716.78,8.0,-50.18,Michael Price,9a6d93f5,21c54802-0,0.0,South Pam,32.14,Delivered
2024-12-17,East,Office Supplies,Art,176.01,9.0,38.41,Dr. Sara Manning,08252ef3,a0daefcb-d,0.0,Port Sarahmouth,32.29,Delivered
2025-05-24,South,Furniture,Bookcases,283.88,5.0,-30.5,Sarah Bradley,a14a5211,51e117dc-f,0.3,Nelsonshire,16.18,Delivered
2022-07-20,Central,Furniture,Furnishings,448.57,4.0,130.91,Rachel Dyer,5e6a2236,5fb33b3f-4,0.2,East Stephen,7.42,Delivered
2025-05-15,Central,Office Supplies,Binders,35.89,4.0,5.06,Michael Henderson,a2631f27,fab0e50d-b,0.0,West Katherine,20.97,Delivered
2025-06-07,West,Furniture,Chairs,876.99,8.0,-16.41,Robin Davis,2400d12c,ec778457-e,,New Kathrynville,34.93,Delivered
2024-05-28,East,Technology,Accessories,955.59,5.0,-78.68,Megan Davenport,c2e622c9,5af7d16d-3,0.0,Michelleside,28.82,Delivered
2023-08-03,South,Office Supplies,Binders,546.75,4.0,139.66,Kendra Hudson,8b7e2cf0,479d756f-5,0.3,Lake Ericmouth,47.24,Cancelled
2022-11-02,South,Technology,Machines,244.91,4.0,58.08,Sophia Navarro,f13c32a0,a27d045e-d,0.3,Adkinshaven,18.26,Delivered
2022-08-29,West,Technology,Copiers,98.53,4.0,-14.02,Ryan Roy,33a6860a,5d022a22-9,0.0,New Lisaport,20.5,Delivered
2022-07-26,East,Technology,Accessories,843.68,5.0,159.06,Dr. Jessica Hampton,699a5a5c,368a82cf-e,0.0,Annettefurt,27.43,Delivered
2023-06-12,East,Furniture,Bookcases,412.88,7.0,-0.74,Joshua Aguilar,b2c3d280,07741525-6,0.0,Carolynfort,25.04,Delivered
2024-03-13,East,Furniture,Bookcases,810.71,10.0,143.95,Jessica Wang,df80bfff,43e57c89-0,0.2,Lake Leslie,14.8,Cancelled
2023-03-15,Central,Office Supplies,Binders,611.37,1.0,24.57,Jeremy Neal,e89c80c0,4e11b2f4-6,0.0,Lake Lori,,Returned
2022-12-28,East,Technology,Accessories,163.28,,26.3,George Jackson,59b084f5,a54add80-4,0.2,Bennettfort,12.22,Cancelled
2024-05-18,East,Office Supplies,Labels,495.71,4.0,142.69,Daniel Miller,e39fa079,2fc5f850-c,0.3,Thomaston,,Delivered
2024-06-11,East,Technology,Copiers,751.39,,,Chad Gordon,c1e872ab,4e22c5b6-7,0.2,Port Kelly,14.79,In Transit
2023-01-12,East,Office Supplies,Binders,69.59,8.0,15.44,Adam Cook,28989bf3,b5e70431-a,0.0,New Michael,6.44,Delivered
2025-07-03,South,Furniture,Furnishings,,1.0,-31.91,Leslie Lynn,75af85a7,5922d228-0,0.0,Monteston,25.02,Cancelled
2025-05-01,South,Furniture,Furnishings,447.79,4.0,-88.93,Erik Sanchez,2261b5e4,5f060e20-5,0.0,Peterside,9.86,In Transit
2024-08-01,South,Furniture,Furnishings,966.4,3.0,126.72,Melissa Lewis,dd5bcddc,a9db804a-9,0.1,South Stacey,11.51,Cancelled
2023-12-27,East,Technology,Machines,393.22,8.0,-17.5,Tiffany Hamilton,27d11981,5a445cd0-0,,New Sharon,28.58,Delivered
2022-08-17,South,Furniture,Furnishings,660.4,9.0,-64.38,Paul Larson,62e17b2d,937b4413-f,0.1,Rebeccashire,20.48,Returned
2024-08-26,East,Office Supplies,Paper,281.92,10.0,70.85,Dominique Smith,ae482c24,8e268412-0,0.2,Matthewberg,15.27,Delivered
2024-08-14,South,Furniture,Tables,323.04,3.0,-42.18,Rachel Mckee,324985a8,aff1ff77-d,0.2,Port Cassandra,37.59,
2024-10-27,East,Office Supplies,Binders,57.56,10.0,14.57,Dr. Matthew Lopez MD,9f2df4b7,cc640f07-c,0.0,West Lindaton,47.23,Delivered
2024-07-22,South,Technology,Copiers,457.06,8.0,74.76,Tamara Alvarez,0a8f06f7,10fb3eb4-9,0.0,New Gary,44.19,Cancelled
2022-12-26,South,Furniture,Chairs,152.26,2.0,7.8,Terri Costa,12187588,8f691f59-0,0.2,Kimside,29.09,In Transit
2025-02-06,West,Office Supplies,Binders,205.22,7.0,42.89,Diana Stewart,791cedce,96ee4988-8,0.0,Gonzalezberg,27.87,In Transit
2024-05-26,West,Office Supplies,Art,,,22.2,Dennis Lester,feaee7c0,f7001da0-d,0.1,Laurentown,36.52,Delivered
2023-12-12,West,Technology,Machines,321.57,7.0,32.51,Samantha Shelton MD,ede79956,d514a4df-2,0.1,Joseburgh,19.81,Delivered
2023-03-14,Central,Office Supplies,Binders,231.56,1.0,16.6,Bruce Torres,302ef394,c6c67cb6-7,0.0,Zacharyborough,19.17,Cancelled
2025-06-12,South,Technology,Accessories,511.8,4.0,148.12,Kevin Estrada,79558405,ae774e3f-4,0.0,Lake James,27.23,Delivered
2023-04-24,South,Furniture,Chairs,510.71,2.0,-27.82,Linda Travis,91ffd76e,1063ed02-b,0.0,Danielburgh,48.66,Cancelled
2024-04-09,East,Furniture,Bookcases,341.87,5.0,-25.38,John Webster,16ee68e4,398ba47a-a,0.0,Andresport,9.97,Delivered
2022-10-28,South,Furniture,Bookcases,98.4,4.0,3.55,James Sims,1460a053,a285c4ec-2,0.1,Kathleenmouth,9.94,In Transit
2024-01-23,South,Office Supplies,Labels,455.43,7.0,84.17,Sarah Huff,44885ae5,2c134d59-8,0.1,Johnsonstad,29.04,In Transit
2024-06-21,South,Technology,Accessories,103.8,7.0,-4.43,Michael Lara,411b143a,b94a247b-0,0.1,North Katherineland,20.73,Delivered
2022-10-10,West,Technology,Accessories,241.98,,-16.76,Dr. Thomas Friedman DDS,b218402f,db4f47ba-4,0.0,Lorimouth,48.69,Delivered
2023-05-11,South,Technology,Machines,,9.0,-53.67,Cory Murray,6d3f3d92,418d301e-0,0.0,Jensenchester,15.29,In Transit
2023-08-19,South,Office Supplies,Paper,626.32,4.0,-61.41,George Dominguez,cd4e6d4b,6c33f087-e,0.2,New Timothy,12.33,In Transit
2022-08-23,Central,Technology,Machines,850.2,6.0,-88.46,James Bradshaw,0abbf0df,7b9be94f-4,0.1,New Angela,11.62,In Transit
2023-10-22,Central,Technology,Copiers,859.19,1.0,-50.97,Jacqueline Best,9dbedb18,52e2bf74-c,0.3,Port Lorichester,26.58,Delivered
2023-08-14,Central,Technology,Copiers,456.73,1.0,-33.91,Nathaniel Watkins,21b449e1,2e5cdfb1-f,0.0,Fisherfurt,27.26,Delivered
2023-03-28,East,Furniture,Chairs,579.93,2.0,-37.13,Timothy Mejia,5150534f,5876f08a-6,0.2,Juanborough,13.86,Delivered
2025-04-05,Central,Furniture,Bookcases,593.93,,152.68,Stacy Cameron,f1d85b89,487f19b6-1,0.1,Hicksmouth,28.98,Delivered
2022-12-20,South,Technology,Copiers,412.39,7.0,108.23,Nina Moreno MD,8ae56b0d,d52c9e67-8,0.0,West Taylorshire,28.18,Delivered
2025-06-29,West,Furniture,Chairs,773.87,4.0,59.61,Patricia Saunders,b9f40446,1594f862-0,0.1,Port Crystal,25.91,Delivered
2024-12-18,Central,Technology,Copiers,830.46,10.0,-70.79,Raymond Patton,c24e5121,bac9d2b4-8,0.2,Garnerberg,42.29,Delivered
2022-07-21,Central,Technology,Accessories,772.71,7.0,20.64,Patricia Wells,e646f9e9,7d663294-7,0.2,Changberg,45.22,In Transit
2023-04-11,South,Office Supplies,Labels,185.47,5.0,43.8,Stefanie Richardson,477c7a2b,76cc5161-e,0.3,West Mary,,Delivered
2023-02-14,South,Furniture,Tables,688.45,4.0,204.24,Ashley Yu,088acc9f,051357b1-2,0.2,Suttonton,38.3,Delivered
2023-11-22,West,Technology,Machines,661.92,8.0,-114.05,Stephanie Berry,ff806e6a,9fce1ca2-0,0.0,Abigailfort,23.63,Delivered
2023-02-05,South,Furniture,Furnishings,345.76,5.0,53.99,Brandon Brown,1a8e4e4b,63a42cc7-5,0.0,Larryview,18.23,Delivered
2023-05-03,West,Furniture,Chairs,541.67,1.0,-103.27,Kathryn Sullivan,d78824f1,bcbfb7c1-d,0.2,Mcleanborough,49.19,Delivered
2024-08-22,Central,Furniture,Bookcases,12.99,9.0,1.78,Jason Watkins,d90d5d6d,af1af557-9,0.0,Martinberg,18.98,In Transit
2024-01-17,Central,Furniture,Furnishings,998.02,7.0,272.32,Mason Young,17598f82,5f9a0b47-5,,Mcdonaldburgh,32.16,Delivered
2024-02-26,South,Technology,Accessories,695.45,9.0,-2.2,Lauren Anthony,46298081,5fc85414-1,0.0,Cuevasmouth,6.45,In Transit
2024-09-26,West,Office Supplies,Paper,246.18,8.0,0.2,Ellen Green MD,bfdd6f81,025c6d0d-f,0.2,Douglasstad,25.51,Delivered
2023-09-17,East,Furniture,Furnishings,551.37,9.0,-21.92,Dustin Wright,4e2d2aa4,1307be79-9,0.0,Seanmouth,45.62,Delivered
2024-02-18,West,Technology,Copiers,141.99,1.0,22.64,Fred Rhodes,d0c2db18,49aaad59-7,0.2,Kirkfurt,38.57,In Transit
2024-04-29,West,Office Supplies,Paper,561.68,6.0,-99.28,Joseph Chapman,2251cb5f,3123ace3-d,0.0,Sandovalmouth,29.02,Cancelled
2023-01-19,West,Office Supplies,Art,597.09,10.0,157.18,Tanya Vaughan,4caea409,91053d0d-5,0.0,Mullinsberg,32.61,Delivered
2025-03-15,East,Technology,Phones,564.52,7.0,50.78,William Smith,7203183d,22d05123-7,0.3,Danaport,13.24,Delivered
2024-02-13,South,Furniture,Bookcases,304.61,8.0,-45.83,Jesse Butler,31842dbd,5ac0041b-c,0.2,Walshmouth,44.88,Delivered
2023-03-14,West,Technology,Phones,143.81,9.0,-14.35,Jean Foster,8e7b9abc,8d4d9fcc-f,0.3,North Edgar,45.45,Delivered
2023-07-10,Central,Technology,Phones,730.59,,-21.85,Jessica Lawson,b6a82620,0a043ede-a,0.0,North Aaron,33.86,Delivered
2025-06-20,Central,Furniture,Tables,801.57,9.0,65.46,Leah Dyer,ce92afbe,7519f7c6-8,0.0,New Alan,18.28,Cancelled
2025-01-15,South,Technology,Accessories,676.57,7.0,-69.11,Erika Jackson,6f6340c4,6dea0c13-7,0.0,North Heather,39.46,In Transit
2023-01-18,South,Furniture,Tables,251.35,7.0,56.42,Eddie Graham,f8483fa7,a4020244-c,0.2,Bullockborough,38.24,Delivered
2024-08-06,West,Office Supplies,Labels,892.22,6.0,42.48,Jonathan Weber,b779b923,307e20b2-e,0.0,South Melissa,38.0,In Transit
2025-05-02,East,Office Supplies,Binders,584.3,,-38.74,Kimberly Johnson,11f9811a,1d69c966-7,0.1,East Tabitha,44.89,In Transit
2024-03-29,South,Furniture,Tables,239.82,6.0,29.88,Kristi Gilbert,e0ed996e,6f7f9cba-2,0.0,North Tonihaven,8.42,Delivered
2023-12-04,Central,Furniture,Furnishings,155.63,8.0,23.37,Michael Bailey,07e0d2e6,7f6106ea-c,0.0,Geraldland,31.56,Cancelled
2023-11-02,Central,Technology,Accessories,556.33,6.0,126.39,Charles Wilson,ca4eeb17,15b49f5b-a,0.0,Manuelton,20.44,Cancelled
2025-03-31,Central,Technology,Phones,69.94,5.0,17.82,Linda Morgan,6f3165b5,5227476c-a,0.0,South Allison,23.08,Returned
2023-07-03,East,Technology,Copiers,893.59,5.0,42.95,Michael Reed,2f5e5b64,40f7eda0-f,0.1,Mosesmouth,43.48,Cancelled
2024-05-21,South,Office Supplies,Binders,583.77,4.0,134.61,Nicolas Myers,21241d3c,9d073e34-8,0.1,Connorberg,6.78,Delivered
2024-02-27,South,Office Supplies,Labels,13.17,2.0,2.89,David Bailey,d450907e,58899302-3,,Craigborough,21.59,Delivered
2022-08-20,South,Technology,Phones,818.41,3.0,91.98,Stephanie Moss,a5e0dcb0,14b051ca-3,0.1,Curtisville,29.09,Delivered
2024-01-15,Central,Office Supplies,Labels,798.24,2.0,96.19,Paul Shepard,94bf5c9c,18828e94-5,0.0,North Nichole,24.08,In Transit
2024-11-15,Central,Technology,Machines,104.16,6.0,,Dawn Perkins,5c2972c2,ab046306-8,0.3,Vargashaven,36.35,Delivered
2025-06-17,Central,Technology,Accessories,88.3,6.0,8.59,Jessica Byrd,9255ba27,3332d0cf-d,0.0,Lake Danielburgh,44.57,In Transit
2024-05-14,South,Technology,Phones,907.81,3.0,-24.2,Darryl Torres,7c4742fb,6f396a20-a,0.0,Lake Markview,47.88,Delivered
2023-11-24,West,Technology,Copiers,254.98,4.0,-33.02,Andrew Peterson,77fc5eba,fc4d9052-5,0.1,East Eddieview,38.99,Delivered
2022-10-07,Central,Furniture,Chairs,922.14,3.0,253.64,Casey Reed,9037a98e,a7716c97-2,0.0,Howardside,7.27,Cancelled
2023-06-03,East,Technology,Copiers,129.71,2.0,31.59,Sarah Smith,bfbd04a4,e4e2e6e2-b,0.2,Port Elizabethville,38.93,Delivered
2023-12-17,East,Office Supplies,Paper,971.78,6.0,-142.28,William Lambert,5dba2a82,df7c73a7-c,0.0,New Erik,32.21,Delivered
2023-10-18,Central,Office Supplies,Paper,199.63,5.0,-7.84,Margaret Fox,191a20df,b8f76a86-f,0.0,Davidton,7.2,In Transit
2023-02-15,South,Technology,Phones,13.94,2.0,-1.56,Steven Weiss,7fc7b4ef,19215420-3,0.2,Andersonmouth,7.91,In Transit
2024-11-17,West,Office Supplies,Paper,193.95,3.0,26.11,Kelsey Anderson,bc6b9307,a697aa50-3,0.1,North Jenniferberg,41.34,In Transit
2024-01-13,West,Office Supplies,Binders,,2.0,71.24,David Mitchell,718e278d,9ba4f076-d,0.1,Melissahaven,30.63,Delivered
2024-09-14,East,Office Supplies,Paper,467.59,9.0,132.27,Heather Clay,8c151832,1246eb56-0,0.2,New Michaelfort,17.14,In Transit
2024-01-03,South,Technology,Machines,633.8,4.0,100.21,Devin Swanson,e7c4e183,4550c945-d,0.1,Juliaborough,20.27,Delivered
2023-11-23,South,Technology,Machines,584.27,7.0,-76.98,Sandra Andrews,aa074653,48f8fbe2-d,0.2,Phillipport,18.3,In Transit
2022-11-16,Central,Furniture,Chairs,766.08,6.0,179.65,Todd Patterson,f729da28,9c17b4cc-e,,Tracyfort,7.18,Delivered
2024-02-13,South,Office Supplies,Labels,27.14,8.0,1.92,Jesse Johnson,4960146c,7a110b03-c,0.2,Nicolefurt,24.65,Delivered
2023-03-07,East,Technology,Machines,780.05,9.0,205.85,Michael Rogers,f41c46e4,e3508bae-1,0.0,Woodberg,10.5,Returned
2025-03-17,Central,Office Supplies,Labels,616.03,8.0,55.18,Jessica Smith,d2ed0641,e0997739-7,0.3,Suarezshire,26.75,In Transit
2024-07-27,West,Furniture,Chairs,853.51,4.0,130.02,Tiffany Young,019b2311,c8e4f5ea-9,0.0,East Noah,38.86,In Transit
2024-12-18,South,Furniture,Tables,791.91,5.0,-41.44,Michael Myers,00c99dc0,26e9f92e-5,0.3,Lisaburgh,22.93,Delivered
2022-12-20,West,Technology,Copiers,821.3,8.0,136.09,Shirley Williams,bc45239f,0fab4ece-8,0.0,Port Kenneth,,Returned
2024-12-17,West,Furniture,Bookcases,329.38,2.0,60.69,David Parks,b792292e,c1fdf368-f,0.0,Sandersview,39.43,Delivered
2024-07-31,East,Office Supplies,Binders,988.17,3.0,70.98,John Stout,b1ebe364,5dc370d1-2,0.0,North Alisonmouth,11.37,Returned
2025-02-20,South,Technology,Copiers,137.19,6.0,-17.1,Sara Hamilton,b53080ff,7ee24290-b,0.2,East Matthewtown,28.92,Delivered
2023-11-20,West,Furniture,Bookcases,160.38,6.0,27.57,Amy Anderson,e2c81c56,2e249c61-8,0.3,New Robertstad,10.06,In Transit
2024-09-08,West,Office Supplies,Labels,,5.0,-19.69,Mary Riley,962f51bc,e86f5c24-e,0.1,North Meganborough,29.02,Cancelled
2024-09-08,East,Furniture,Chairs,622.92,7.0,62.62,Angela Williams,66601f77,b416779c-0,0.0,South Wendyside,37.09,Cancelled
2024-01-29,West,Office Supplies,Paper,,7.0,13.7,Lisa Johnson,f856bd89,ab9aa99d-b,0.1,Yatesport,28.58,Delivered
2023-11-17,Central,Furniture,Furnishings,563.76,7.0,-94.92,Dawn Dalton,b09a5caf,a9437e82-4,0.0,Kennethland,41.46,Delivered
2025-05-27,South,Technology,Accessories,702.94,3.0,-84.1,Joshua Brown,72e072ec,3150cd05-c,0.3,Lake Garyborough,7.02,Delivered
2024-06-14,South,Furniture,Bookcases,388.52,4.0,,Judy Hunter,e11e82a7,ced50362-c,0.2,West Melissa,26.46,Delivered
2022-10-24,West,Furniture,Furnishings,129.8,1.0,15.22,Brenda Jackson,ef2fa240,a78ce077-7,0.1,Briannaport,5.52,Delivered
2023-10-30,South,Technology,Machines,431.19,8.0,,Brett Pearson,c04d3c95,4e3b9554-3,,South Ryanhaven,48.4,In Transit
2023-06-20,Central,Office Supplies,Binders,376.94,5.0,13.61,Christopher Parker,e1fd5f0e,f0a40fee-3,0.0,Harrisborough,49.33,Delivered
2023-03-25,South,Office Supplies,Labels,661.89,9.0,128.27,William Sandoval,9f649928,58880b2d-f,0.1,Lake Erinmouth,16.8,Delivered
2025-04-06,East,Furniture,Chairs,683.44,3.0,-19.97,Steven Bartlett,1ea921a0,e4806f80-2,0.0,Holmesfurt,26.82,In Transit
2024-03-30,Central,Office Supplies,Labels,868.5,4.0,200.42,Desiree Sherman,cd398587,83104e3b-0,0.0,Cristinaview,13.99,Delivered
2024-09-09,East,Furniture,Tables,778.78,10.0,90.45,David Carroll,8ae2b140,a7a4cbd0-a,0.0,Jonathanville,43.37,Cancelled
2023-06-26,East,Technology,Machines,99.4,5.0,-19.57,Meghan Hill,3edfa97d,1c774045-0,0.0,Millermouth,38.05,Delivered
2023-11-01,South,Technology,Machines,51.64,4.0,15.47,Emily Alvarez,5382cc2b,2164acfc-8,0.3,East Briannaburgh,46.86,Delivered
2024-03-29,West,Office Supplies,Binders,358.12,2.0,-53.65,Melanie Lane,43fd86b7,162076be-a,0.0,Davidchester,45.11,In Transit
2023-10-08,South,Furniture,Furnishings,932.7,9.0,17.85,Donna Peterson,c83a9ed8,b6ed75ae-d,0.0,Ramirezstad,47.7,Delivered
2023-06-05,Central,Office Supplies,Art,99.96,10.0,-3.01,Austin Ochoa,fd8281af,3a472fff-d,0.1,Elizabethton,25.15,In Transit
2024-11-12,East,Furniture,Furnishings,53.65,6.0,-5.24,Charles Brady,54e5cde6,75c41e7d-b,0.1,Thompsonstad,41.69,Delivered
2023-01-17,West,Technology,Machines,304.34,9.0,57.46,Tammy Hahn,c0d21ed3,16dc40a4-4,,Toddhaven,11.34,Delivered
2024-08-21,West,Office Supplies,Art,689.99,6.0,,Charles Mason,af1bfef5,711d9bbe-b,0.2,Davilafort,47.76,Delivered
2025-03-01,South,Office Supplies,Art,671.48,7.0,60.89,Jared Carpenter,81c18328,830e202b-2,0.1,Andrewsville,12.69,In Transit
2025-03-15,Central,Technology,Copiers,587.73,2.0,118.57,Justin Livingston,c10a93f0,e6382e2d-7,0.2,West Kirstenberg,26.54,Delivered
2024-10-02,South,Office Supplies,Labels,37.96,1.0,0.27,Lacey Harper DDS,8e313017,db7ad506-5,0.0,Zacharyburgh,10.58,In Transit
2025-06-12,South,Office Supplies,Art,148.06,2.0,-19.57,Joshua Crane,153458b4,03ad4462-0,0.0,West Kennethhaven,40.94,Delivered
2022-09-16,Central,Office Supplies,Labels,145.57,3.0,30.85,Kenneth Joyce,ff5a0722,c81df84e-f,0.0,Bullockton,11.74,Delivered
2022-08-19,East,Office Supplies,Paper,554.85,1.0,115.29,Pamela Powell,4637c9c6,9025c8a9-7,0.0,Lorimouth,42.32,Delivered
2023-06-11,South,Furniture,Furnishings,206.34,6.0,59.49,Holly Torres,f953b02e,4e0662df-6,0.1,Lake Ryanbury,43.61,
2022-12-23,Central,Office Supplies,Labels,997.27,10.0,161.92,Joel Rivera,3b4c0295,658e89a0-1,0.1,Jenniferville,7.4,Delivered
2025-04-24,South,Office Supplies,Labels,605.19,6.0,-104.68,Tiffany Ryan,fe2d7255,26f3a441-5,0.0,South Josephburgh,37.47,In Transit
2023-04-13,South,Office Supplies,Paper,714.42,1.0,209.75,Derek Rowe,d114fa4d,2359421c-f,0.1,Port Jenniferbury,40.85,Delivered
2025-03-27,East,Office Supplies,Paper,348.18,3.0,-57.39,Mark Roberts,fb102a0a,19a52773-8,0.0,Kyleberg,11.34,Delivered
2022-11-10,South,Technology,Phones,935.87,,-101.07,Mary Carroll,87042709,e3265099-4,0.0,Leblancmouth,26.11,Cancelled
2024-11-17,West,Office Supplies,Art,824.89,3.0,-123.61,Steve Beck,cb12b00c,17676eed-d,0.0,South Melvinland,40.98,In Transit
2023-07-02,West,Office Supplies,Labels,168.87,8.0,,Edward Reynolds,69c5e238,580128e6-9,0.0,West Tristan,11.09,Cancelled
2025-03-10,South,Technology,Copiers,832.28,4.0,0.47,Hannah Montgomery,cfab6206,03c4d739-3,0.0,South William,26.52,Delivered
2024-04-09,East,Office Supplies,Binders,172.82,4.0,4.74,Martin Owens,126c9c1c,14f3edb8-9,0.0,Knappville,27.99,Delivered
2024-03-25,West,Office Supplies,Art,593.82,5.0,-14.99,Debbie Valenzuela,8e53787c,54e93090-9,0.1,Jamestown,48.53,Delivered
2024-11-25,South,Technology,Phones,248.92,4.0,44.33,Allison Rice,7112ed62,a55492f7-e,0.1,Lake Danieltown,45.64,Delivered
2025-04-03,East,Furniture,Furnishings,345.67,,-49.52,Robert May,bb805ad2,14d00668-1,0.1,East Anna,36.8,Delivered
2022-09-14,Central,Technology,Copiers,352.94,2.0,,Nicholas Parker,01a81c7a,d0c325be-7,0.0,Foxbury,16.28,Delivered
2023-12-25,West,Office Supplies,Binders,639.05,7.0,-66.13,Daniel Raymond,f991858e,c0191692-f,0.2,Katherineview,8.11,Delivered
2024-03-25,East,Technology,Phones,474.46,8.0,-49.01,Michael Bradford,84eca674,fc876dd8-6,0.0,Jordanport,46.72,Delivered
2024-04-19,South,Technology,Copiers,461.3,10.0,135.66,Jason White,6d3e4bc9,c23d3af2-3,0.0,Williamsside,13.41,In Transit
2024-12-03,South,Office Supplies,Art,252.74,6.0,5.09,Mitchell Johnson,a2889814,b32e386c-e,0.2,North William,30.36,Delivered
2023-01-11,Central,Technology,Machines,778.84,,-124.22,Joseph Li,ffaf0ccc,172c9464-9,0.0,North Tyler,28.06,In Transit
2024-08-06,East,Office Supplies,Paper,547.49,5.0,53.38,Denise Rodriguez,4b9d3c3e,54edf845-8,,Costaport,46.6,In Transit
2025-01-19,Central,Technology,Machines,972.12,6.0,,Craig Coffey,e24f1adb,1222b483-a,0.1,West Joetown,38.53,Returned
2025-04-11,East,Furniture,Bookcases,863.55,3.0,-44.73,Kelly Burns,96a806c4,92f3b41b-0,,Andrewmouth,16.45,Delivered
2023-11-08,Central,Technology,Accessories,82.89,9.0,19.8,Adam Garcia,71447a4f,fb92bdba-a,0.0,West Michaelborough,10.99,Delivered
2025-01-11,East,Technology,Copiers,766.5,1.0,-47.35,Joe Smith,51f2f4e2,76541bd6-d,0.2,Welchside,42.98,Delivered
2024-07-31,Central,Technology,Machines,241.69,8.0,-39.68,Felicia Baxter,1599357f,f9d8c8d0-7,0.3,Port Dawntown,20.95,Delivered
2025-06-13,South,Office Supplies,Art,241.33,10.0,-48.12,Eric Blake,12fd183c,779673a1-8,0.0,Port Andrewbury,8.07,Delivered
2023-05-28,East,Furniture,Chairs,237.12,10.0,-41.79,Ethan Coleman,64293f85,de726460-c,0.1,North Teresa,11.8,Cancelled
2024-02-08,South,Office Supplies,Binders,248.31,5.0,2.69,Kayla Lee,5ab0b262,d5f0af2e-7,0.0,Lake Patricia,35.56,Delivered
2024-02-22,Central,Technology,Accessories,231.22,3.0,6.31,Debra Hale,85d15d32,b8f0821e-3,0.3,Hollowayton,22.28,Cancelled
2023-09-01,Central,Office Supplies,Binders,921.7,10.0,199.03,Richard Hudson,15196e0e,ddd92bfc-b,0.2,East Melissaport,17.85,Returned
2023-11-20,West,Technology,Phones,265.09,3.0,-2.57,Stephen Graham,7443820c,3f3f6ee7-3,0.0,East Jonathanchester,37.26,Delivered
2023-01-13,South,Office Supplies,Art,396.22,5.0,-67.05,Rachel Mitchell,de32994a,f61171a5-e,0.1,Lake Jasonside,5.59,Delivered
2024-08-28,South,Technology,Machines,208.4,8.0,42.95,Lauren Martinez,737c85c2,91b343ec-1,0.1,Ashleyfort,20.12,Delivered
2022-08-07,South,Office Supplies,Binders,719.87,8.0,-124.96,Cynthia Washington,2bd3be86,1bb4a2f2-9,0.0,Gregorychester,29.02,In Transit
2024-03-11,West,Office Supplies,Paper,733.1,10.0,35.49,Marcus Hale,04802f94,e11bf360-3,0.0,Dannyburgh,11.16,Cancelled
2024-09-20,Central,Office Supplies,Binders,382.1,,,Dennis Wagner,4761377e,fb83ebbf-e,0.1,Robertside,49.72,Delivered
2023-12-11,East,Furniture,Furnishings,491.54,10.0,142.57,Anna Becker,8e6b9ef5,5e49656e-6,0.0,New Nancy,30.63,Delivered
2025-04-01,Central,Office Supplies,Art,425.2,7.0,-43.37,Samantha Gomez,9377a1a4,8489d996-4,0.0,Simmonsfort,23.78,In Transit
2022-07-15,West,Technology,Phones,261.94,8.0,64.91,Justin Young,4770f1ac,8b1d07ac-a,0.1,East Richardton,23.16,Delivered
2023-07-10,South,Technology,Copiers,878.38,8.0,-153.01,Kristopher Moreno,d2517945,f52110f9-6,,Peckfurt,45.81,Delivered
2023-10-25,West,Furniture,Bookcases,91.2,3.0,-1.12,Scott Ballard,4fe9b460,51d47294-4,0.2,West Jonathanfort,23.56,Delivered
2023-02-24,Central,Technology,Machines,198.9,4.0,41.43,Jordan Bryant,19e447f6,661b6da2-f,0.0,Deleonbury,45.99,Cancelled
2022-11-01,South,Furniture,Chairs,533.02,7.0,-65.56,Rebecca Campos,004d2e47,3fcd72bb-0,0.2,North Zachary,27.74,In Transit
2024-09-08,East,Technology,Machines,467.93,7.0,66.58,Sonia Sanders,0c919a9b,25f11f8c-1,0.0,East Kaitlynfort,24.74,Delivered
2023-11-10,South,Technology,Machines,216.98,2.0,-38.58,Amanda Castillo,58c3a217,bdcff7c9-3,0.2,Johnborough,36.59,Delivered
2024-02-04,Central,Furniture,Chairs,954.77,5.0,206.84,Kristina Thompson,537dabd6,4379fbfa-3,0.0,East Veronica,14.47,Delivered
2024-07-17,South,Technology,Phones,340.58,7.0,-32.64,Jessica Campbell,476cf06a,9e6f8140-4,0.0,South Alexandrashire,30.51,Delivered
2023-03-16,Central,Furniture,Bookcases,526.23,1.0,-21.0,Michael Robinson MD,050c504d,8f422248-c,0.0,South Wendy,5.18,Returned
2025-02-16,South,Office Supplies,Art,943.19,6.0,-2.57,Mary Kidd MD,08095784,44bab604-4,0.2,West Jamiefurt,34.49,In Transit
2025-06-10,Central,Office Supplies,Paper,721.46,9.0,-134.04,Sara Copeland,cc42756f,545e5225-6,0.1,New Shawnshire,45.52,In Transit
2024-05-23,South,Office Supplies,Art,762.24,3.0,103.18,Shawn Wallace,569293f0,0a0c99c8-7,0.0,East Julia,24.44,Returned
2023-02-01,South,Furniture,Chairs,,,-173.14,Heather Shepherd,939df173,2a805713-f,0.0,Jameshaven,,Delivered
2024-02-05,Central,Office Supplies,Art,987.15,4.0,255.75,Mike Chan,18633a2b,fb0fbe1e-1,0.0,East Richardchester,23.08,Cancelled
2024-02-22,East,Furniture,Tables,752.25,10.0,-110.32,Charles Garza,e6117f51,b4d9b6a3-7,0.3,South Phillipton,32.43,Delivered
2023-12-16,East,Technology,Phones,394.58,,48.48,Jennifer Boyd,0d7f7b38,e8a3b26b-f,0.0,North Lisaberg,8.08,In Transit
2024-12-17,Central,Technology,Phones,35.57,1.0,7.56,Andrea Rogers,f5ab34cb,c6016c77-2,0.0,New Joshuafurt,46.1,Cancelled
2024-01-11,South,Office Supplies,Art,334.26,6.0,-19.95,Madison Peterson,ed749295,3cb157e8-3,0.0,Mayerfurt,6.16,In Transit
2023-11-30,Central,Technology,Accessories,835.18,,,Jack Mcguire,c7a5e403,1094c853-6,0.0,Ginamouth,5.59,Delivered
2024-11-16,East,Furniture,Tables,231.59,1.0,-1.06,Samuel Young,f28c4e46,bc4a2490-e,0.3,Vasquezberg,16.99,Delivered
2024-06-29,South,Furniture,Bookcases,849.1,2.0,-29.67,Kayla Griffin,2c5fe05d,253789bd-1,0.0,East Reginamouth,5.25,Cancelled
2024-09-08,Central,Furniture,Bookcases,,10.0,60.06,Ricky Peters,4767a251,47ae0750-1,0.0,Joyceside,19.08,Delivered
2024-12-27,South,Furniture,Chairs,860.03,8.0,145.11,Christopher Stone,ff802eb0,a87b8d56-5,0.0,Hallton,45.63,Delivered
2025-01-28,Central,Furniture,Tables,308.74,7.0,-28.81,Amy Richardson MD,c9486e1b,f5cf35be-b,0.1,South Elizabethton,14.87,Delivered
2024-05-24,East,Furniture,Tables,712.57,5.0,2.38,Rebecca Castaneda,46a10572,177547bc-3,0.0,Castillotown,9.55,Delivered
2023-01-25,South,Technology,Copiers,835.46,4.0,4.43,Leslie Miller,26fd29a2,7c64c159-8,0.0,Hansentown,,Delivered
2023-06-15,West,Office Supplies,Binders,250.21,1.0,65.07,Katherine Harvey,4139b946,19544ea1-3,0.1,Jamestown,31.82,In Transit
2025-05-27,South,Office Supplies,Labels,487.41,7.0,-2.66,Amanda Hardy,f96002f6,420104f8-7,0.1,Audreyhaven,17.27,Delivered
2023-09-19,West,Technology,Phones,950.25,1.0,54.13,Keith Mueller,87406f45,893ca1b1-5,0.0,Foxberg,48.58,Delivered
2025-02-09,West,Technology,Machines,837.24,2.0,194.15,Jamie Simpson,c56203ec,f4ecf2c7-2,0.0,Shannonberg,9.65,Delivered
2023-12-23,West,Technology,Copiers,483.13,7.0,140.03,Michael Medina,339c9dd8,985ce4fa-2,0.2,Brittanystad,23.31,Returned
2024-09-28,Central,Technology,Accessories,114.58,4.0,8.54,Denise Pearson,72da6b23,9bee8136-e,0.0,South Hollyland,30.16,Delivered
2024-02-19,East,Technology,Copiers,495.83,6.0,-88.0,Kenneth Meyers,750c7648,887a888e-1,,Bennettfurt,20.44,Returned
2024-01-30,East,Office Supplies,Art,728.07,3.0,110.41,Amy Lopez,a3f8be8d,8b8d4f23-2,0.0,Millerside,31.99,Delivered
2022-09-23,South,Office Supplies,Art,190.46,10.0,33.6,Keith Taylor,74b2c0f5,4d8abe1a-5,0.0,Hudsonland,22.0,Delivered
2025-04-06,West,Technology,Accessories,222.65,3.0,-31.04,Kyle Smith,a9aaa7ac,3bf52285-7,0.0,Michaelton,15.91,Delivered
2023-08-11,West,Furniture,Furnishings,950.47,4.0,47.64,Jeremy Jones,f439e27e,32ef3792-9,0.2,West Paul,33.4,Delivered
2024-04-16,East,Furniture,Tables,596.81,,171.88,Victoria Rosales,77ac17f0,b1dcdbd5-e,0.0,Andrewborough,41.19,Delivered
2022-07-18,East,Office Supplies,Labels,595.83,7.0,107.0,Mark Lee,1b971b45,9c387c44-5,0.3,Leblancchester,10.2,Delivered
2024-10-26,South,Technology,Phones,844.15,2.0,199.34,Gregory Medina,e4d6f6c9,d6450697-f,0.0,Lake Dennis,32.8,Delivered
2025-04-02,West,Technology,Accessories,396.6,1.0,104.15,Lisa Kennedy,faaa3b3e,4381a16e-f,0.0,East Jason,44.24,Delivered
2023-01-12,West,Technology,Machines,765.99,9.0,-135.05,Kenneth Miller,d0c6a7a3,94b91efc-2,0.1,Jameston,30.22,Delivered
2023-08-29,South,Furniture,Tables,959.32,6.0,-97.25,Rachel Cruz,3a97bc7a,78619944-7,0.0,Tiffanyfurt,24.12,Delivered
2022-11-10,East,Technology,Machines,,7.0,2.73,Jared Bowers,ec16802d,6a57fa28-6,0.2,North Debra,29.41,In Transit
2024-06-26,East,Office Supplies,Art,505.28,4.0,-15.99,Alicia Coleman,2966290c,ad7a16a7-d,0.2,Jessicaborough,21.42,In Transit
2024-02-16,South,Technology,Copiers,842.88,6.0,236.23,Miranda Johnson,bb341daa,665871a8-5,0.2,,22.65,Delivered
2024-12-29,Central,Office Supplies,Labels,101.23,1.0,2.72,Wayne Becker,6f73c980,3a2ba0f8-a,0.0,East Michaelberg,28.12,Delivered
2023-01-08,West,Furniture,Chairs,138.71,2.0,-8.46,Lynn Cruz,5886b2a8,363ae6e5-b,0.0,East Susanstad,47.76,Delivered
2023-12-13,West,Technology,Phones,,,52.49,Nathan Nelson,13607f79,ff62eaea-2,0.0,Jacobstad,44.91,Delivered
2023-10-08,Central,Furniture,Bookcases,106.75,10.0,26.74,Amy Christensen,587b9112,08cb12be-f,0.0,Lake Andrea,29.69,In Transit
2024-07-13,Central,Furniture,Bookcases,888.89,8.0,98.25,Brandon Lopez,4bd91c77,bc1aa55e-5,0.3,Avilaberg,5.35,Delivered
2024-08-05,South,Technology,Accessories,665.82,6.0,148.84,Michael Wong,b993e8db,02f8ffba-6,0.2,Port Amandaburgh,26.19,In Transit
2023-09-19,East,Office Supplies,Binders,639.25,7.0,-114.93,Russell Sherman,a7a18920,6f2c666e-a,0.0,Mitchelltown,5.43,Delivered
2025-03-13,South,Furniture,Tables,980.34,5.0,154.57,Phillip Lynn,d725ca5e,560693c9-3,0.1,North Stephanie,45.53,Delivered
2023-05-30,East,Furniture,Bookcases,110.85,4.0,10.93,Jill Armstrong,6b8d5ced,cbf2e4fd-c,0.2,West Bernardside,20.1,Returned
2024-08-25,West,Office Supplies,Paper,485.61,2.0,92.31,Randy Brewer,1e5d356e,a80d4597-8,0.0,Lake Robert,45.66,In Transit
2025-05-08,East,Technology,Copiers,894.18,2.0,117.49,Alyssa Tyler,6bf19b9d,d66cc968-8,0.0,Matthewberg,7.44,In Transit
2024-10-12,West,Office Supplies,Binders,760.06,7.0,26.77,Donna Nguyen,616da6f7,cad27f53-7,0.3,Barryshire,43.13,Delivered
2024-09-18,West,Office Supplies,Art,,1.0,1.5,Daniel Salazar,14b4f7c4,41871924-2,0.2,Susanberg,28.75,Cancelled
2024-05-08,East,Technology,Phones,939.06,5.0,-8.82,Kathy Cooper,fe54f846,3985872b-e,0.3,Scottstad,21.94,Delivered
2024-04-10,Central,Technology,Machines,126.76,5.0,13.85,Mary Vincent,f91d90b3,12a620ca-a,0.1,Ronaldstad,6.74,Cancelled
2025-03-17,East,Office Supplies,Art,136.26,5.0,-22.68,Laurie Thomas,f9b27f36,d9c0654a-0,0.0,North Kevin,39.93,In Transit
2024-10-14,Central,Office Supplies,Labels,569.4,3.0,,Jessica Goodwin,2b59097c,d5e16c0f-3,0.0,Floresland,26.36,Delivered
2023-04-22,South,Furniture,Furnishings,408.44,8.0,-63.6,George Brown,52542c4a,c63fa6d7-b,0.0,Riosmouth,34.59,In Transit
2023-05-02,West,Furniture,Chairs,615.54,,122.88,Marcus Woods,0f0a411f,e7f6cbca-c,0.0,New Heather,28.73,Cancelled
2024-08-07,East,Technology,Machines,826.26,4.0,-65.17,Paula Walker,d33aa71b,d6ea195b-0,0.2,South Paul,33.71,Cancelled
2023-11-16,West,Technology,Accessories,61.46,5.0,0.51,Monica Wu,ebe48be0,8728e53e-c,0.1,Johnsonview,46.52,Delivered
2024-02-17,West,Technology,Accessories,968.21,8.0,115.47,Tina Myers,4a272e6b,e3712210-f,0.0,Williamland,49.41,Delivered
2025-06-06,West,Technology,Machines,38.22,10.0,5.65,Mark White,4adf2533,a58c25aa-3,0.0,West Kellyfort,12.82,Delivered
2023-01-23,East,Office Supplies,Binders,84.5,,23.63,Jasmine Howe,d743008e,a8ce34b9-5,0.2,South Chad,5.17,Cancelled
2024-04-25,West,Furniture,Furnishings,,7.0,135.34,Jose Willis,6a558290,59c01e27-0,0.1,New Jasonview,6.74,Delivered
2023-10-17,West,Office Supplies,Labels,203.61,5.0,-28.78,Taylor Farrell,cde64404,7a15999d-2,0.0,Port Davidmouth,,In Transit
2024-08-21,Central,Technology,Accessories,220.57,,22.57,Dawn Patton,647054f8,d83ba8d1-5,0.3,North Garymouth,7.21,Delivered
2024-04-16,East,Technology,Copiers,845.13,3.0,-166.65,Anne Evans,a0c089ce,9697b966-9,0.0,East Lauren,26.46,In Transit
2024-08-07,South,Furniture,Bookcases,42.62,6.0,10.41,Eric Long,410f4392,04c9009b-9,0.0,Lake Richardfort,43.46,Delivered
2023-09-29,West,Furniture,Chairs,259.3,4.0,2.91,Michelle Moore,ea65a8bc,39a970b9-d,0.1,Davidville,5.45,Delivered
2023-07-31,West,Furniture,Bookcases,691.77,4.0,127.48,Glenn Brown,0c8efaaa,589c75cb-8,0.0,Port Angela,39.22,In Transit
2025-06-09,West,Office Supplies,Labels,378.97,,-8.34,John Gray,6dd12867,422e1d2a-f,0.3,Espinozatown,26.93,In Transit
2024-02-10,South,Office Supplies,Labels,737.64,,-132.65,Allen Brown,64dcf98e,ce9a3b73-6,0.1,Lake Stephanie,7.59,In Transit
2024-11-28,South,Furniture,Tables,447.49,8.0,113.35,Kevin Fields,d3c475a9,674df8ae-1,0.2,East George,17.12,Delivered
2023-03-25,South,Technology,Phones,757.81,4.0,-33.0,Ryan Duncan,a5c6c61f,f6a391bc-3,0.1,Westshire,43.63,Delivered
2023-03-31,West,Technology,Phones,992.32,10.0,-185.65,Stephanie Evans,e6809398,fab7623f-2,0.0,South Stephanieshire,38.64,Delivered
2024-11-06,South,Office Supplies,Labels,156.42,10.0,-30.37,Logan Bullock,f2fda40e,818e33d8-7,0.0,Andrewmouth,15.08,In Transit
2025-01-03,West,Office Supplies,Art,805.39,3.0,138.24,Amy Zhang,6100cbfa,ca53a290-3,0.0,Sydneyberg,16.95,Delivered
2023-12-30,Central,Technology,Machines,95.39,2.0,28.55,Daniel Galloway,c895c6b0,7b294614-4,0.1,North Ashley,43.46,Delivered
2025-02-19,Central,Office Supplies,Art,952.25,10.0,-93.65,Matthew Taylor,11d152d8,dac78740-0,0.2,Janicestad,37.86,In Transit
2024-02-26,Central,Furniture,Bookcases,575.75,9.0,93.12,Rachel Goodman,0c8a5a11,19884539-3,0.1,Thompsonmouth,37.79,Delivered
2023-02-11,Central,Office Supplies,Paper,925.25,9.0,-39.23,James Hill,b34e7bf9,de93001f-3,0.1,Masonmouth,16.91,Returned
2024-08-04,Central,Office Supplies,Art,660.36,3.0,-11.74,Megan Young,84d3842e,5ed8d683-4,0.3,North Debra,6.94,In Transit
2024-11-05,South,Furniture,Chairs,191.52,2.0,-13.55,Jennifer Hendrix,9c0a65a4,96951eb4-5,0.0,Port Abigail,6.67,Returned
2023-08-11,East,Furniture,Tables,399.41,6.0,64.55,Cheryl Salas,2e70a92a,cead6349-3,0.1,East Joshua,21.22,Returned
2023-03-13,East,Technology,Accessories,508.79,3.0,39.15,Gary Smith,8e2ea86b,83c242da-6,0.1,North Susanstad,21.32,Delivered
2025-03-14,East,Office Supplies,Art,454.72,,35.61,Brooke Mcgee,a6e6bce9,f00b9c35-f,0.1,South Nicholebury,46.0,In Transit
2024-08-11,Central,Office Supplies,Art,53.16,6.0,,Stacy Bell,e4f4ccbb,e996c8d0-3,0.2,South Alejandroton,27.23,Delivered
2024-01-22,West,Technology,Machines,132.55,1.0,34.08,Daniel Whitehead,01f4c971,33b33064-c,0.1,Danielshire,47.29,Delivered
2023-07-17,Central,Technology,Machines,707.37,4.0,44.85,Jessica Rodriguez,afe8ce48,5b0380f2-0,0.0,North Tiffany,6.79,In Transit
2025-05-21,South,Office Supplies,Art,669.89,9.0,179.06,Joseph Johnson,0456f7b0,6bd36aed-a,0.0,Annefort,23.7,Cancelled
2024-03-21,South,Office Supplies,Binders,791.73,2.0,82.47,Christopher Woods,45f91014,9b816bed-4,0.2,Port Aliciastad,31.59,Delivered
2024-01-11,West,Technology,Copiers,619.9,4.0,139.25,Mr. Jacob Gilmore,4c01313d,877443ef-1,0.1,South David,45.5,Cancelled
2024-06-07,Central,Office Supplies,Binders,872.0,10.0,-37.3,Brian Jackson,9cb5d2ce,952e088b-7,0.2,Lake Nicolehaven,28.89,Delivered
2024-09-08,West,Technology,Machines,171.67,,26.72,Kelly Riley,6ae3d599,8d2d489b-2,0.0,Mariechester,40.16,Delivered
2024-08-29,South,Technology,Copiers,678.72,3.0,-87.18,Katelyn Fuller,f8197340,ec9e1c57-d,0.0,Lake Theresa,29.48,In Transit
2023-07-13,South,Furniture,Bookcases,239.99,9.0,-13.54,Amy May,3c61dd72,1a1855a6-1,0.0,Davisport,22.44,In Transit
2023-11-19,Central,Furniture,Bookcases,796.77,6.0,128.25,Cynthia Young,06ad40a6,843bb9e6-a,0.0,Tanyastad,15.8,Delivered
2023-04-09,South,Office Supplies,Binders,587.47,3.0,98.46,James James,9c9591cd,1402cd27-9,0.0,South Sharonburgh,21.57,Cancelled
2024-01-18,South,Office Supplies,Labels,597.31,8.0,-16.66,Melissa Valdez,23460812,e7239089-c,0.0,Katelynstad,47.95,Delivered
2025-03-22,West,Office Supplies,Paper,321.14,3.0,93.95,Daniel Wilson,b2f98e98,9e8bdcc0-e,0.0,Anthonyfurt,9.71,In Transit
2024-04-29,South,Furniture,Bookcases,646.21,9.0,,Christian Schaefer,6b78dfe7,d4a4a808-e,0.0,East Lance,17.38,In Transit
2022-09-08,East,Technology,Phones,475.13,1.0,36.17,Diana Berg,b1842763,d3f9cbe6-3,0.1,West Spencershire,18.64,In Transit
2025-03-14,South,Furniture,Tables,937.53,7.0,-64.51,Alexandra Castillo,43d20287,3727136a-0,0.0,North Kimberlystad,26.14,In Transit
2024-02-05,East,Technology,Machines,635.9,2.0,161.53,Stephen Smith,4db1e372,e6409804-9,0.0,Gonzalezland,17.65,In Transit
2024-04-30,West,Office Supplies,Labels,178.81,10.0,-2.32,Michael Vasquez,b52c42aa,7a82bdf6-2,0.0,South Brandon,13.93,Cancelled
2023-01-19,West,Office Supplies,Paper,377.95,5.0,-0.1,Latasha Deleon,4ee79dd7,d12e1578-e,0.0,Harrellfort,47.6,Delivered
2024-11-10,South,Technology,Phones,385.66,4.0,,Amber Mack,c3ca238c,c9b399be-c,0.1,Vincentton,,In Transit
2024-01-14,East,Furniture,Chairs,735.5,2.0,161.88,Denise Miles,37e8ece4,edd2a64c-8,0.2,Jeffreyton,19.21,Cancelled
2024-05-14,South,Office Supplies,Labels,658.51,7.0,-81.25,Michael Reynolds,e21a4927,34ff78f2-3,0.0,Patriciaton,26.54,Delivered
2023-03-03,East,Technology,Phones,834.13,9.0,209.18,Michael Norris,23ec5acb,1e6516ac-f,0.1,Lake Michael,44.8,In Transit
2022-10-07,West,Technology,Phones,555.29,7.0,-17.12,Matthew Cooper,16a03474,06ed85c7-8,0.1,Hicksland,15.99,Delivered
2025-03-20,Central,Office Supplies,Binders,940.81,1.0,,Michael Thompson,d9279f01,7b0b0343-3,0.0,Arellanomouth,28.61,Delivered
2024-04-10,East,Furniture,Bookcases,524.58,3.0,-79.79,William Welch,e40d08e1,92a4793c-a,0.0,Jacobfort,30.95,Delivered
2024-12-05,Central,Technology,Copiers,635.21,3.0,-101.62,Victoria Sims,e0b889b8,b48df376-f,0.0,South Rubenchester,5.21,Delivered
2023-07-13,West,Technology,Phones,23.33,8.0,-1.27,Jasmine Baker,33dbf964,539b74dc-c,0.0,South Jamie,43.2,Delivered
2025-05-28,Central,Furniture,Chairs,99.51,10.0,-0.51,Gina Villegas,55907cf8,71c631cc-4,0.0,North Stephaniefort,34.21,Delivered
2024-03-05,Central,Technology,Copiers,815.36,2.0,139.34,Mary Holden,a3c32da5,cf36ceff-2,0.2,Freemanburgh,49.25,In Transit
2025-06-10,South,Furniture,Chairs,694.97,9.0,-90.04,Brandon Davis,57a463db,e30e2f0d-9,0.0,New Loribury,12.42,Delivered
2025-06-23,East,Technology,Machines,190.46,9.0,10.0,David Peterson,2dbe1017,d6078614-d,0.0,East Troymouth,33.22,Delivered
2024-06-23,Central,Furniture,Tables,53.59,9.0,13.35,Deborah Underwood,030137d3,4024fc8e-4,0.0,East Jennifer,39.96,In Transit
2022-11-15,South,Office Supplies,Art,570.16,,157.51,Robert Lee,a73ba98b,8adfdeaf-9,0.0,East Wendy,16.58,Delivered
2022-08-04,West,Technology,Phones,595.56,9.0,-95.58,Jeffrey Heath,9ab4c638,f7874466-f,0.0,West Michael,8.68,Delivered
2025-01-05,Central,Office Supplies,Binders,720.22,2.0,159.28,Adam Morgan,3fc27dd2,b71b51ae-d,0.0,New Davidfurt,5.32,Delivered
2024-08-16,East,Office Supplies,Binders,585.36,7.0,55.2,Christopher Davenport,b8f6782c,e570e69a-d,0.2,Victoriabury,45.42,In Transit
2023-06-03,East,Furniture,Tables,794.77,8.0,-136.31,Anna Miller,4e7ae240,22099930-8,0.2,South Patriciaton,42.57,Delivered
2024-07-18,West,Technology,Phones,396.05,10.0,-24.57,Jane Manning,7ae877d2,c2f78f1e-8,0.0,Jenniferbury,47.52,Delivered
2022-09-02,Central,Technology,Copiers,140.04,3.0,39.58,Raymond Gutierrez,bdad4e66,8d712944-7,0.0,West Amandaland,7.0,In Transit
2025-06-26,South,Office Supplies,Labels,617.13,9.0,95.43,Nicholas Morton,bb9a4f2a,42ad8b9b-0,0.0,Port Joshua,40.32,Delivered
2024-08-21,West,Office Supplies,Binders,24.28,7.0,3.17,Jo Vasquez,4145f5fd,3d04a910-f,0.0,Jasonmouth,13.83,Delivered
2024-04-30,South,Technology,Machines,876.85,1.0,68.5,Edgar Schmidt II,2f7d3f12,5192a031-2,0.0,Lake Danielchester,39.85,Delivered
2022-07-30,East,Technology,Phones,797.03,3.0,,Ronald Gonzales,2dd507d0,6fc92c9d-4,0.0,Natalieland,19.58,In Transit
2023-02-09,South,Technology,Phones,493.11,1.0,-30.82,Diane Dougherty,e729baf4,d6b13218-c,0.0,South Christopher,45.53,In Transit
2022-09-21,West,Technology,Accessories,754.46,3.0,-130.49,Paul Becker,d3812607,1f08b66e-1,0.0,Salinasstad,43.7,In Transit
2025-03-24,Central,Technology,Phones,227.39,5.0,23.43,Eric Nelson,eacc5e69,6dd40d52-e,0.1,Jenniferhaven,11.52,Delivered
2022-11-16,West,Furniture,Tables,824.52,2.0,217.28,Lisa Terrell,1eeea736,4a0c1813-1,0.0,New Kyle,47.85,In Transit
2024-05-30,East,Technology,Phones,446.81,5.0,82.44,Mary Gutierrez,2c5b4b98,33f7d98a-0,0.0,Kendramouth,45.49,In Transit
2023-07-10,East,Office Supplies,Art,300.96,8.0,-13.68,Laura Neal,ea53ab8d,cbd04cfe-8,0.1,West Tinatown,44.94,Delivered
2022-08-16,West,Office Supplies,Binders,590.36,4.0,116.41,Sarah Jones,b574d622,f031d3ec-a,0.0,Dennisborough,9.91,Delivered
2025-01-13,South,Technology,Accessories,290.66,5.0,17.43,Regina Ellison,4ed8669e,08efd634-9,0.0,Robinsonberg,37.81,In Transit
2023-10-28,East,Technology,Phones,537.46,9.0,104.55,Colleen Gray,826dc685,3fea3ac5-c,0.2,Lake John,41.57,Delivered
2022-11-25,West,Technology,Phones,587.69,5.0,138.68,John Delacruz,55256ee9,e31ebd89-a,0.1,East Christineburgh,42.56,In Transit
2022-10-12,South,Furniture,Chairs,736.2,7.0,-85.57,Katrina Dominguez,776318a1,d2c83359-a,0.0,Jasonmouth,48.17,Delivered
2023-11-03,West,Office Supplies,Labels,484.94,8.0,,Kendra Potts,b872e46b,fe490951-2,0.0,Deniseshire,14.38,Returned
2025-03-15,East,Technology,Accessories,536.86,,75.69,Steven Smith,a3266afa,236ae38c-9,0.1,Lake Dennis,47.81,Delivered
2023-12-13,East,Office Supplies,Binders,156.91,5.0,11.62,Frank Baker,e3aa80e3,ca8cbad0-c,0.0,Fergusonbury,17.44,Cancelled
2023-05-05,Central,Technology,Accessories,140.31,1.0,-12.64,Patrick Fitzgerald,752ae596,aa2ef989-a,0.0,Ashleyborough,38.75,Delivered
2023-07-20,West,Furniture,Furnishings,991.46,4.0,21.92,Adrienne Fry,bc8514c0,1d798aed-5,0.3,North Cassandra,8.42,In Transit
2024-04-23,West,Office Supplies,Binders,254.85,1.0,58.89,Craig Serrano,76a80e69,b9e8c173-1,0.0,Port Adam,9.89,Delivered
2024-09-15,West,Office Supplies,Labels,400.03,4.0,17.72,John Wang,8db54b7a,55ced8be-1,0.0,New Nicole,25.27,Delivered
2025-04-15,East,Furniture,Tables,158.34,5.0,5.61,Brooke Howard,aa020954,6497cd25-e,0.2,North Peterland,40.39,Delivered
2025-03-04,West,Office Supplies,Art,152.77,8.0,0.73,Cheyenne James,22572d4d,362f52c2-c,0.1,East Erinfort,10.76,Delivered
2022-08-19,West,Office Supplies,Labels,978.98,8.0,239.58,Cathy Allen,e6a00d75,ff993466-8,0.0,Bruceberg,9.85,Cancelled
2023-08-05,Central,Furniture,Chairs,725.79,7.0,-64.54,Chelsea Bishop,6e91f947,8ba49bbc-6,0.0,Barnesmouth,22.81,Delivered
2025-06-05,Central,Furniture,Bookcases,867.63,2.0,-10.07,Alison Bush,ceaa7fe0,02130a16-1,0.0,Hillland,33.01,In Transit
2023-05-09,Central,Technology,Copiers,213.16,1.0,-34.42,Annette Lin,8f3b1820,b8ff0722-6,0.0,East Rhondaburgh,46.06,Delivered
2024-10-10,Central,Technology,Copiers,291.29,8.0,4.3,Donna Harrington,fb268a58,d86b4340-e,0.1,New Jermaine,39.54,Delivered
2023-04-19,East,Furniture,Bookcases,195.55,10.0,54.54,Suzanne Evans,0876e086,bcdbe3bb-e,0.1,North Juliatown,7.45,Delivered
2025-07-03,West,Technology,Accessories,264.93,9.0,23.14,Stephen Oneill,14f24c2e,e11d2b98-f,0.0,Kleinhaven,47.36,Delivered
2024-02-22,West,Technology,Phones,386.72,2.0,-6.84,Jacqueline Johnson,ea802261,4262729f-9,0.1,North Wesleyview,48.17,Delivered
2025-06-16,West,Furniture,Chairs,16.19,,3.64,Maria Brandt,531a012c,c7060770-8,0.1,Port Bryan,34.6,In Transit
2022-11-14,South,Furniture,Furnishings,430.22,3.0,102.79,Luke Ochoa,8c49dae6,191d3a6b-0,0.2,Danieltown,45.54,Delivered
2022-08-21,West,Furniture,Furnishings,8.94,9.0,-1.63,Gina Gardner,9ccb5cd3,62ad3d0b-b,0.1,Port Paulshire,7.34,Delivered
2024-07-13,East,Office Supplies,Art,778.95,7.0,-124.06,Kathy Harper,b135a263,b1c072c6-3,0.0,Milesbury,44.4,Delivered
2024-03-19,East,Technology,Accessories,473.39,10.0,-10.02,Frank Wood,065dd52a,4bdc749b-7,0.1,Alyssaside,20.87,In Transit
2025-06-02,East,Furniture,Tables,787.88,1.0,,Edward Chen,ddb41acf,40e556cc-5,0.1,Karenfort,24.74,In Transit
2024-07-18,South,Office Supplies,Labels,320.22,9.0,35.84,Barbara Alvarez,613f22d6,084862ae-4,0.2,Fowlertown,21.99,Delivered
2024-09-11,South,Office Supplies,Binders,122.98,10.0,28.21,Mary Lewis,a2f79c01,e2598944-c,0.2,West Cassandraton,38.97,Delivered
2024-02-08,West,Technology,Copiers,,2.0,-7.37,Amanda Riley DVM,ad2c5f03,71f5b568-a,0.0,Lake Stephanieville,10.65,Delivered
2022-08-14,East,Furniture,Tables,201.9,5.0,,Jessica Santos,9e8674ff,de5035bf-3,0.0,Harrisborough,37.8,Delivered
2025-06-13,West,Office Supplies,Paper,224.28,6.0,66.01,Mr. John Williams,c39bca1a,9d6a2fc4-a,0.0,Williamstown,48.39,Delivered
2023-07-15,South,Furniture,Tables,552.84,10.0,151.53,Stephen Collins,e194224e,2d4bd1d1-0,0.2,Rodriguezshire,27.22,Delivered
2022-08-03,Central,Office Supplies,Labels,740.09,5.0,-50.69,Victoria Griffith,ab04f070,05994182-c,0.3,Lake Lesliestad,23.28,Delivered
2023-02-05,East,Technology,Phones,816.42,8.0,34.86,Kathryn Wood,37cfbc62,dca5a8a6-0,0.0,Lake Amy,40.36,Delivered
2025-07-13,East,Office Supplies,Paper,846.76,6.0,-107.37,Cynthia Smith,74c46c62,bce28be0-0,0.3,Martinezton,37.43,Cancelled
2024-01-26,Central,Office Supplies,Binders,417.6,4.0,-29.01,Emily Miller,00a135d8,1e1060f2-1,0.3,Dawsonchester,47.97,Delivered
2024-07-22,Central,Technology,Machines,174.74,4.0,-30.23,Rachel Hicks,f9cbaa91,6893d07b-f,0.1,Ryanview,35.29,In Transit
2023-03-04,Central,Office Supplies,Art,263.95,6.0,-51.41,Lauren Hodges,b25d3998,6ff0718c-2,0.1,East Richard,27.49,Delivered
2023-10-07,West,Technology,Machines,565.34,8.0,0.07,Devin Torres,d8cecfed,e4b5e8cb-c,0.2,North Christopher,42.23,Delivered
2023-05-05,Central,Furniture,Tables,307.05,6.0,-43.13,Jessica Rodriguez,3011a281,51b754d2-4,0.2,South Katiefurt,24.15,Delivered
2025-04-18,West,Office Supplies,Binders,894.79,3.0,37.62,Derrick Frey,0939e71c,5a43436f-9,0.1,Jenniferborough,47.47,In Transit
2024-05-13,South,Technology,Accessories,45.11,6.0,10.67,Linda Acosta,ab986637,76e76b82-3,0.0,Port Michaelamouth,34.98,In Transit
2024-12-27,West,Technology,Accessories,577.13,10.0,69.65,Donna Hoover,a3abc42d,5936d65b-5,0.0,New John,45.59,Delivered
2023-05-29,South,Technology,Copiers,394.11,5.0,,Lisa Conley,1338e415,5a7f263a-a,0.0,East Joshua,15.61,Delivered
2025-03-04,West,Technology,Copiers,925.12,3.0,270.78,Alyssa Quinn,255ad6fa,32096a13-3,0.1,Gilberttown,46.45,Delivered
2024-06-26,West,Office Supplies,Paper,241.8,8.0,14.32,Molly Cox,20a0e2ac,df02ee29-0,0.0,West Elizabethside,30.3,Returned
2024-09-16,Central,Furniture,Chairs,394.93,2.0,114.8,Tony Garcia,cbd21f71,7738d3f4-e,0.3,Danielsshire,13.16,Delivered
2023-12-08,East,Technology,Machines,62.1,8.0,4.52,Cynthia Kennedy,65ae0317,5b88791c-f,0.0,,33.76,Delivered
2024-10-04,East,Technology,Accessories,202.87,1.0,5.95,Megan Malone,d451c526,50012d03-e,0.1,Rogerschester,21.55,Delivered
2024-05-20,West,Furniture,Bookcases,476.33,2.0,12.82,Margaret Ray,497eff02,f69ab416-3,0.2,West Danielleton,28.01,Delivered
2024-07-27,West,Furniture,Bookcases,990.6,3.0,-155.41,Anne Hood,dbf69ae3,0b467b1e-b,0.0,Joshuatown,35.93,Delivered
2023-01-15,East,Technology,Copiers,,8.0,-109.64,John Cook,c83ec24e,f0933b21-5,,New Donald,38.84,In Transit
2024-03-08,West,Office Supplies,Paper,584.14,1.0,147.36,Christopher Holmes,f6e74011,d2ec6ba8-b,0.2,Sawyerfort,11.61,Cancelled
2022-09-26,Central,Furniture,Bookcases,418.31,5.0,102.36,Douglas Allen,80336069,5b5cab49-2,0.3,Reginashire,11.22,In Transit
2023-01-14,Central,Furniture,Bookcases,41.21,3.0,7.9,Evelyn Johnson,c759098b,46ea8844-f,0.0,New Jonathon,25.95,Delivered
2024-09-10,South,Furniture,Tables,922.49,6.0,-168.96,Jennifer Cordova,01578d25,a5a3dbbe-8,0.1,New Frederick,47.66,In Transit
2024-07-28,Central,Office Supplies,Art,978.61,9.0,228.1,Natalie Turner,580d31a8,a3fc0fe7-2,0.1,New Scottfurt,19.24,Delivered
2025-05-11,Central,Technology,Phones,927.93,7.0,225.99,Martha Palmer,bdf216a4,a4cee3b5-5,0.1,Scottburgh,29.04,In Transit
2024-02-10,East,Technology,Accessories,969.71,9.0,-33.28,Raymond Nelson,69f322b6,a936195a-8,0.2,East Drewtown,7.73,Delivered
2024-09-12,Central,Furniture,Furnishings,215.55,1.0,24.23,Jessica Mendoza,431428a2,bc6720da-9,0.1,North Dawnborough,21.98,Delivered
2023-10-11,East,Technology,Phones,473.96,8.0,114.58,Brian Henry,bbc914a0,00402e8d-d,0.0,Port Michele,,Cancelled
2025-05-19,West,Furniture,Tables,370.63,4.0,-3.69,Ann Craig,154fde8a,76f0946b-8,0.1,Williamsberg,40.66,Delivered
2024-04-19,East,Office Supplies,Binders,878.28,8.0,11.03,Anthony Jackson,8b2ab6e4,a49add70-a,0.0,West Devonville,49.03,Delivered
2024-09-10,South,Furniture,Tables,731.6,4.0,17.41,Kayla Palmer,82970d48,bd288c1e-0,0.0,North Kenneth,6.28,Delivered
2024-05-28,South,Technology,Accessories,749.19,3.0,63.29,Abigail Lawson,c9107d51,27dbefd7-f,0.0,North Margaret,14.35,In Transit
2025-06-12,South,Office Supplies,Binders,518.09,10.0,-71.21,David Sims,8b72e43c,7239be3d-8,0.0,South Shelby,44.53,Delivered
2024-08-13,West,Technology,Accessories,471.63,2.0,24.6,Latoya Adams,5677fd99,41c00bfd-2,0.2,Moorefurt,45.14,Delivered
2025-04-14,East,Office Supplies,Labels,729.29,10.0,137.29,John Price,65b29801,f8283174-3,0.3,East Matthew,40.93,Delivered
2023-02-25,West,Office Supplies,Art,710.39,1.0,-137.42,Marcus Diaz,54df008c,b0159f4c-3,0.2,New Kimberly,47.84,Delivered
2023-08-24,Central,Office Supplies,Labels,366.19,5.0,-40.33,Kevin Pope,4a52b78a,7139bc0c-3,0.2,Gregton,32.74,Returned
2024-11-19,Central,Furniture,Bookcases,657.15,8.0,-90.63,Douglas Shaffer,900afe96,96b53f14-f,0.0,Riverafort,41.43,Cancelled
2023-06-18,South,Technology,Machines,782.5,9.0,45.96,Seth Flynn,ec6b1cf9,949ec602-b,0.3,South Joannberg,10.42,Delivered
2024-06-20,South,Furniture,Chairs,25.56,,-1.22,April Peterson,77e0543b,9500c5e9-8,0.0,New Seanstad,24.45,In Transit
2024-09-02,South,Technology,Accessories,36.44,9.0,-5.52,Amber Goodman,75a6a309,2406918a-5,0.0,Lake Kaylafort,32.36,In Transit
2025-03-19,Central,Office Supplies,Labels,230.46,3.0,-12.7,Barbara Perez,196c7357,f9621096-0,0.3,Dalechester,,Delivered
2023-09-24,East,Technology,Accessories,97.8,6.0,-11.41,Carla Bell,bac71586,9ba847c5-4,0.1,Nicolefurt,9.28,Cancelled
2023-09-11,South,Furniture,Furnishings,607.13,2.0,69.93,Michelle Sanchez,07637cd3,e42e1459-3,0.1,Ashleystad,40.52,Delivered
2024-07-20,South,Office Supplies,Binders,288.33,8.0,-40.35,Dawn Mahoney,38fb1785,be0ce355-0,0.0,Patriciaport,44.01,Cancelled
2025-03-06,East,Technology,Accessories,512.88,4.0,34.02,Katherine Jones,8aa8b8c2,26ee87ad-6,0.3,West Dale,27.6,Delivered
2024-12-04,South,Technology,Machines,820.08,3.0,157.29,Melissa Willis,c1950095,97f48d7f-8,0.2,Lake Aprilbury,21.31,Delivered
2025-02-22,Central,Office Supplies,Labels,975.52,5.0,193.42,Nathaniel Cisneros,53334b2e,c9ae8635-f,0.1,Warnerfort,39.44,Delivered
2022-11-16,West,Office Supplies,Paper,287.44,3.0,2.67,Benjamin Gay,22ae0394,f64d6857-5,0.0,North Christinaton,20.5,Delivered
2023-08-27,Central,Office Supplies,Binders,447.74,9.0,71.18,Michael Chambers,ab317a88,dfd9fa49-4,0.3,Walterstad,,In Transit
2023-08-21,West,Office Supplies,Binders,582.11,7.0,10.47,Michael Robinson,10e58152,9a3f7d8f-6,0.0,Micheleport,48.45,Delivered
2024-01-03,South,Office Supplies,Labels,,9.0,200.68,Lindsey Curry,8bb26348,c0e3bf86-7,0.0,Ginaborough,41.9,Cancelled
2023-10-04,South,Office Supplies,Binders,490.4,5.0,37.15,Andrea Hernandez,1dfa1f1a,e552b7d1-1,0.0,Port Chadport,32.61,Delivered
2024-12-12,West,Furniture,Bookcases,866.55,7.0,,Lisa Lawson,4f50bb42,20ded904-e,,Port Darleneview,31.48,Delivered
2024-06-16,Central,Office Supplies,Binders,912.97,8.0,244.77,Kent Mitchell,5da68fb3,2b9d416c-f,0.0,Port Lindamouth,8.42,Delivered
2023-10-27,East,Technology,Copiers,981.19,7.0,-31.76,Joshua Howell,2124de19,cf54d332-6,0.0,Bennettchester,38.28,Delivered
2023-06-09,South,Office Supplies,Art,450.81,6.0,117.09,Timothy Mitchell,29ab9680,99f6fc28-5,0.0,North Annaborough,38.68,Delivered
2024-10-07,East,Technology,Copiers,19.21,3.0,0.33,Danny Coleman,07ca45c7,f872b51c-1,0.1,Kristinbury,9.66,Delivered
2024-01-26,South,Technology,Phones,374.66,9.0,-29.72,Joseph Lambert,5e796a72,a8d050ef-4,0.0,Lake Matthew,24.89,Delivered
2024-04-18,West,Furniture,Bookcases,847.64,8.0,196.7,Tina Moore,d43ea84f,50a7ba2d-e,0.0,Ryanhaven,33.17,Cancelled
2023-08-06,Central,Furniture,Bookcases,267.12,4.0,5.02,Nathan Chapman,e1928e79,9c554b21-2,,East Joannamouth,41.85,
2023-06-25,South,Technology,Phones,357.92,,101.67,Nathaniel Garza,d232eb29,b82acb91-5,0.0,Joneschester,28.74,In Transit
2024-03-17,Central,Office Supplies,Labels,430.36,2.0,108.93,Shawn Park,296f9f7b,b062eae9-1,0.1,Vincentfort,47.39,Delivered
2024-03-14,East,Technology,Accessories,528.13,9.0,50.92,Alexis Brennan,a931b04a,56091f39-d,0.2,New Robertport,35.77,In Transit
2023-02-02,East,Furniture,Furnishings,66.92,3.0,-0.47,Natasha Garcia,0c33b688,a44402d7-8,0.0,Lake Dawnhaven,44.66,Delivered
2024-11-08,East,Furniture,Tables,568.51,9.0,-36.34,Catherine Davis,f47d859a,b207cd5c-3,0.1,Destinyview,22.84,Delivered
2025-03-22,East,Technology,Machines,900.16,,-167.52,Bethany Mullen,25e2bb22,915bf54f-b,0.1,North Christophershire,27.52,In Transit
2024-02-11,South,Furniture,Bookcases,694.16,10.0,-93.55,Barbara Valdez,16166aa3,2954886b-0,0.0,Port Brucefort,23.75,Delivered
2022-12-04,Central,Technology,Accessories,522.38,6.0,-53.12,Jordan Thomas,edcee8d6,b94c4e54-8,0.2,South Marymouth,24.96,In Transit
2023-09-15,West,Furniture,Bookcases,844.86,9.0,-8.37,Derek Pace MD,d04fc8af,6539a523-1,0.3,Lake Kevin,44.34,In Transit
2023-10-25,South,Office Supplies,Art,380.14,2.0,19.63,Max Griffin,05570d74,a110103f-0,0.0,South Jefferystad,15.75,In Transit
2022-09-16,South,Technology,Machines,,1.0,-108.36,Steven Hoffman,6e86df97,00656364-d,0.2,East Katherine,9.15,Delivered
2024-05-15,West,Furniture,Bookcases,619.81,2.0,16.62,Jessica Murphy,5abaa259,142321a0-f,0.0,New Steven,31.94,Delivered
2024-10-14,East,Office Supplies,Art,877.59,3.0,161.86,Crystal West,cb9b8f0c,8d6635ac-8,0.0,East Susan,35.73,Delivered
2022-08-18,Central,Technology,Phones,242.7,,-22.81,Charles Ross,1b6109c8,9f40e98c-f,0.1,Andreamouth,21.29,Returned
2024-01-01,East,Technology,Copiers,980.23,1.0,-107.52,Austin Garcia,25b0dcc1,2ee12840-c,,West Shannon,41.85,Returned
2022-11-24,Central,Office Supplies,Labels,707.18,3.0,126.74,Jeffery Johnson,d9ccb2d4,c2dcdfdf-a,0.0,East Kristen,40.15,In Transit
2024-02-02,Central,Furniture,Tables,575.29,4.0,112.48,Ana Eaton,7daaeb07,2b4c1e38-3,0.0,Dawnside,43.7,In Transit
2025-06-04,South,Office Supplies,Art,988.08,2.0,146.79,Shawn Orr,f56af574,28f581ed-5,0.2,Martinezbury,41.09,Delivered
2024-01-01,South,Furniture,Chairs,153.86,1.0,30.66,Theresa Washington,bb74d4b0,9031a0ad-1,0.0,Christopherfort,38.27,Delivered
2024-05-03,West,Technology,Copiers,996.45,6.0,260.22,Nicole Sanchez,52e19a65,3bc8b19a-7,0.2,Williamsside,12.46,Delivered
2025-06-22,East,Technology,Accessories,601.72,2.0,159.11,Nathan Fletcher,b348ee17,56d16346-f,0.2,South Christinabury,38.08,Delivered
2022-08-05,South,Office Supplies,Binders,573.63,7.0,-7.75,Kevin Rogers,2c17c598,b8015e36-b,0.0,Mcdonaldtown,26.51,In Transit
2025-04-11,Central,Office Supplies,Labels,271.02,10.0,6.69,Roberta Williams,c7dfa018,ada7681d-3,0.0,Port Melanie,41.44,In Transit
2025-05-04,East,Office Supplies,Art,10.57,6.0,-0.38,Robert Brown,5787c21e,4b3eef1f-8,0.0,Rodriguezborough,12.57,In Transit
2023-01-28,East,Technology,Phones,592.03,8.0,126.75,Nancy Kline,9eaa0e21,18bf8766-7,0.2,Darleneshire,37.8,Delivered
2025-06-17,East,Office Supplies,Labels,826.41,7.0,57.43,Megan Smith,6a9f9722,f20d2834-9,0.0,Maryshire,39.68,Delivered
2022-09-05,South,Furniture,Bookcases,345.92,3.0,39.55,Adam Bowers,c1f6beca,32589d3c-a,0.2,Millston,17.59,Delivered
2025-03-14,South,Furniture,Bookcases,605.5,6.0,140.41,Brenda Schmidt,ff671d65,ae370e63-f,0.1,Lake Karen,23.1,Delivered
2025-02-07,East,Office Supplies,Art,850.88,1.0,-111.61,Zachary Charles,87cfbb4a,9e5d8c63-0,0.2,Lake Lauren,9.23,Delivered
2024-01-29,West,Furniture,Bookcases,342.02,,43.59,Jacqueline May,96c63f1e,c00c9748-d,0.0,New Aaron,44.43,Delivered
2022-07-29,Central,Technology,Accessories,196.66,8.0,1.75,Emily Blevins,c0a97e0d,2734f471-b,0.2,Grahamshire,18.73,In Transit
2022-08-25,South,Furniture,Bookcases,,10.0,34.59,James Warren,47dd44a2,b1f2988b-a,0.0,Garciaton,9.63,Cancelled
2025-04-01,East,Technology,Phones,480.38,7.0,55.88,Joel Rios,ca2f08f4,d7ef424f-0,0.0,Robbinsfort,5.97,Delivered
2025-06-28,South,Technology,Accessories,714.07,8.0,-104.55,Cynthia Freeman,f839630d,ad42b4ae-f,0.0,North Cassandratown,35.44,Delivered
2025-01-07,Central,Technology,Machines,456.34,2.0,-70.47,Karen Ramsey,25547598,d16cef1f-e,0.0,Andrewshire,23.58,Cancelled
2023-10-05,West,Technology,Accessories,331.75,7.0,87.94,Donald Turner,7491dc0c,90a1b8f6-c,0.1,South Hollyshire,37.25,Delivered
2023-11-11,West,Technology,Machines,468.09,7.0,6.79,Erica Sutton,25777150,332fbcad-2,0.0,Thompsontown,33.17,Delivered
2025-01-07,Central,Technology,Machines,153.52,7.0,4.3,Alexander Wood,8660436e,f65fa087-c,0.3,Garciafort,32.57,Cancelled
2022-11-10,West,Technology,Accessories,104.0,5.0,9.68,Gregory Mcdaniel,60a7dedd,74366a2b-4,0.0,Lake Megan,43.4,Delivered
2024-06-24,West,Office Supplies,Labels,404.87,7.0,20.46,Lauren Carter,a9f120ec,4ea571cd-c,0.0,Pearsonberg,22.18,Delivered
2024-02-11,South,Office Supplies,Binders,906.57,10.0,195.92,Jacob Branch,0f4f2bae,24fbf427-0,0.1,,19.0,Delivered
2024-06-06,East,Office Supplies,Art,,6.0,-25.08,Robin Davis,2864a88f,fb5fd7b9-f,0.2,Port Tony,10.83,Delivered
2022-08-31,West,Furniture,Tables,96.51,5.0,-12.85,Antonio Keller,833ce47f,012198c9-4,0.0,Port Ericville,41.97,Delivered
2023-04-29,West,Furniture,Bookcases,358.35,9.0,-67.83,Bradley Miller,b75051f4,f17a6da5-0,0.2,Martinchester,36.98,Delivered
2024-12-29,Central,Technology,Machines,431.44,8.0,86.92,Scott Chavez,9f8db570,c754d97b-9,0.0,North Judith,20.21,Returned
2022-08-08,South,Furniture,Tables,639.14,9.0,19.49,Sean Mason,469dbaf2,a3a725ff-e,0.0,Lake Summer,35.29,Delivered
2024-03-30,South,Technology,Machines,188.76,9.0,39.39,Russell Pace,ae2fa83c,7b19a9d0-2,0.0,Lake Angela,20.89,Delivered
2023-06-29,East,Office Supplies,Labels,551.73,,-19.67,Donald Fuller,f664b295,48818880-d,0.1,Reedhaven,31.95,Delivered
2022-10-21,West,Furniture,Chairs,532.28,1.0,-64.53,Leonard Jenkins,53b29807,23e361e0-6,0.0,New Ronald,19.36,In Transit
2022-10-21,Central,Furniture,Bookcases,411.18,8.0,39.12,Benjamin Smith,55729c50,694cfa3d-7,0.0,Lake Janetmouth,12.55,Delivered
2023-01-19,East,Office Supplies,Labels,144.55,4.0,-21.48,Samuel Lewis,8734a0b3,30055a12-5,0.1,North Terrance,49.32,Delivered
2024-01-19,East,Office Supplies,Binders,562.17,9.0,-29.95,Kayla Kennedy,030ebeea,0295ad69-e,0.0,Stoneland,43.61,Delivered
2023-10-24,West,Office Supplies,Paper,683.47,3.0,15.79,Michelle Castaneda MD,900319f7,4c7a4e62-8,0.0,Port Brent,30.31,Delivered
2023-11-19,West,Technology,Machines,427.01,6.0,115.55,Lawrence Smith,306e6ec4,742c2502-7,0.2,North Jamesville,9.02,Cancelled
2025-01-01,West,Technology,Accessories,260.96,3.0,-26.27,Kimberly Brooks,d8f25c98,aa963150-8,,North Thomas,36.3,Delivered
2025-03-29,South,Technology,Phones,812.42,6.0,95.34,Michael Simpson,0960f9d8,6c0fd226-9,0.2,Frankfort,48.31,Delivered
2024-08-23,East,Technology,Machines,618.79,2.0,,Nicole Harper,0dd0fc5a,aabfd942-b,0.0,Suttonburgh,8.79,In Transit
2025-04-22,South,Furniture,Bookcases,595.88,9.0,67.25,David Avila,56881771,1e2883dc-4,0.2,North Kimberlymouth,49.38,In Transit
2023-01-12,West,Office Supplies,Paper,326.54,7.0,59.64,Brian White,7c7087d8,1481b6f4-c,0.0,West Nicholasshire,16.8,Cancelled
2024-11-29,South,Office Supplies,Labels,56.92,8.0,8.74,Jaime Arellano,070738a3,384f9973-7,0.2,North Anthony,22.79,Delivered
2023-02-24,South,Office Supplies,Binders,260.29,10.0,41.56,Deborah Berry,aa5097c4,58f42372-7,0.1,Barberton,12.82,Delivered
2023-05-27,West,Office Supplies,Paper,208.39,2.0,29.24,Adam Gibson,41dc48ca,de318c6f-3,0.2,West Christopherberg,41.19,In Transit
2023-02-01,South,Furniture,Bookcases,568.24,8.0,152.21,Brett Silva,d67191e1,2cdc6238-b,0.0,West Leahport,28.86,Delivered
2022-11-14,South,Office Supplies,Binders,115.7,7.0,-17.07,Jessica Cooper,cf4ceb47,88c9ee0b-3,0.1,Taylorton,12.97,Delivered
2023-08-13,East,Technology,Machines,80.71,8.0,-4.52,Sarah Thompson,8e3f2b1d,8bf37571-4,0.0,Santiagoside,27.66,Delivered
2025-05-11,Central,Technology,Copiers,88.49,5.0,-7.76,David Weber,ef59a366,cfbd73eb-a,0.2,Lake Jennabury,5.76,Delivered
2024-08-11,Central,Technology,Accessories,146.6,4.0,27.18,Mr. Christopher Mcdonald,66993194,df1bd6b3-1,0.2,Kaylaberg,27.24,Delivered
2022-12-12,Central,Office Supplies,Paper,124.38,9.0,13.5,Anthony Murphy,de37ccbd,110750c3-a,0.0,Lake William,42.09,In Transit
2024-02-17,West,Furniture,Bookcases,480.75,9.0,99.65,David Davis,c508a42d,6875febd-7,0.0,West Amy,44.64,Delivered
2023-04-12,Central,Technology,Phones,299.04,9.0,63.13,James Jones,d2452bf4,bc311229-2,0.0,Vanessaville,43.03,Delivered
2025-04-13,East,Furniture,Tables,927.52,2.0,260.27,John Lopez,c87b511e,d54f29d9-d,0.0,Port Christopher,36.76,Delivered
2023-10-28,East,Furniture,Tables,388.76,5.0,-65.59,Justin Harrington,e1335bfb,10c9457e-b,0.2,Michaelstad,,Delivered
2024-06-25,East,Technology,Copiers,,2.0,,Emily Acosta,de051dae,93b0e7f7-a,0.3,Sanchezville,49.01,Cancelled
2023-09-30,East,Furniture,Bookcases,183.97,1.0,10.2,Bonnie Rodriguez,efe2e670,35430600-8,0.0,New Shawn,31.46,Delivered
2024-11-19,East,Technology,Phones,645.98,6.0,-46.29,Shane Harris,cb7019b7,a0188b86-a,0.2,West Jack,19.98,Delivered
2023-09-16,South,Technology,Copiers,487.22,3.0,113.41,Leah Nunez,e9cba31d,bca15b2e-f,0.0,Lake Zacharyport,29.37,Delivered
2024-12-17,East,Office Supplies,Labels,718.7,6.0,-37.53,Howard Reed,9f5da8a0,cd08d2ce-2,0.1,Lake Willie,47.72,In Transit
2022-11-03,Central,Office Supplies,Art,662.12,3.0,-65.51,Tiffany Jones,81bda52e,5d115cb3-8,0.2,North David,26.27,Delivered
2022-08-31,Central,Office Supplies,Art,398.6,5.0,14.4,Karina Johnson,8225656d,6da0b01b-0,0.2,Paulaton,10.26,Cancelled
2024-09-19,Central,Technology,Phones,916.43,3.0,175.44,Cody Bullock,3eea995d,9c7b5637-2,0.3,Stephaniebury,20.35,In Transit
2023-12-04,South,Technology,Copiers,868.28,2.0,215.94,Daniel Campbell,2f527d44,a80e4119-c,0.0,Kathrynmouth,17.31,Delivered
2024-02-26,West,Furniture,Chairs,26.59,1.0,,Matthew Parrish,eff82121,8dc6f2cc-b,0.3,Wandachester,14.61,In Transit
2025-06-22,East,Technology,Machines,57.13,,1.3,Elizabeth Obrien,3dc33317,40a5c365-0,0.2,East Josephshire,30.52,In Transit
2024-07-10,South,Office Supplies,Art,982.09,5.0,217.42,Mary Meyer,3043d63f,78ee6a27-8,0.0,North Margaret,23.73,Delivered
2024-05-27,West,Technology,Accessories,505.74,9.0,99.36,Taylor English,3a5aa451,deb2ab5d-1,0.0,Gonzalezton,33.03,Delivered
2024-01-07,South,Technology,Phones,10.24,4.0,0.62,Sara Jenkins,d6100337,2accf0cd-2,0.2,East Nicolemouth,33.1,In Transit
2025-04-15,Central,Furniture,Tables,994.58,9.0,-63.53,Andrea Reed,861663df,f3e6ebbd-d,0.1,Daniellechester,11.25,Returned
2024-04-30,South,Technology,Phones,310.22,1.0,65.36,Patricia Stanley,0731987a,dc355fa8-e,0.0,Duanehaven,16.22,Delivered
2024-09-05,South,Technology,Accessories,264.02,7.0,-6.65,Nicholas Bell,ca7123d7,66fc2df8-2,0.1,New Craigport,9.28,In Transit
2025-04-21,East,Office Supplies,Paper,80.5,6.0,3.89,Deborah Jones,9e75ebb0,93c158fb-0,0.0,Craigview,37.74,Delivered
2023-06-04,East,Technology,Machines,112.06,3.0,20.15,Misty Kramer,f1b15e45,d997d2a7-d,0.0,Dawsonburgh,22.38,
2024-06-15,South,Technology,Machines,678.07,7.0,,Mr. Michael Miller PhD,d898a48c,aca61167-6,0.0,North Joseph,23.72,Delivered
2023-05-12,South,Office Supplies,Labels,37.12,,-3.91,Antonio Powers,23807199,d2c4e749-2,0.1,Lake Briannastad,41.42,Cancelled
2022-08-26,South,Office Supplies,Paper,829.45,3.0,,Ian Taylor,a064da3a,8d5404af-f,0.0,New Alexashire,23.29,In Transit
2025-02-19,Central,Furniture,Tables,855.27,9.0,-94.03,Randy Wood,5f37a5a0,a2d9226c-c,0.0,Rodriguezport,18.25,Delivered
2024-04-04,East,Technology,Phones,488.58,8.0,-62.28,Yvette Gonzalez,1725f586,5526870b-9,0.2,Cortezfort,40.07,Returned
2024-05-24,South,Office Supplies,Binders,913.69,5.0,-103.86,Madeline Adams,6a6d4e1a,0e314553-1,0.3,Benjaminville,12.47,Delivered
2022-12-13,South,Office Supplies,Art,234.28,8.0,5.33,Phillip Hayes,65a27bec,67e8c622-d,0.0,Derrickton,,Delivered
2023-12-28,East,Technology,Accessories,231.47,7.0,43.95,Ethan Hanson,22d6ef74,c04ad5c0-9,0.0,South Sandrafort,42.4,Delivered
2025-03-03,East,Office Supplies,Paper,389.46,2.0,,Mr. Jeffrey Robinson,af88574b,15e70840-f,0.2,New Mollymouth,38.67,Delivered
2023-03-04,West,Technology,Accessories,525.88,5.0,-38.24,David Lambert,27b6bb55,cf79e000-d,0.1,North Marcuston,23.11,In Transit
2025-04-19,East,Furniture,Bookcases,679.43,3.0,65.55,Scott Wood,1afd655c,ea6cd0e8-a,0.1,East Ashley,27.18,Cancelled
2024-05-19,Central,Office Supplies,Paper,292.08,7.0,72.59,Nicholas Hood,a3908c59,53f82441-4,0.2,West Lorihaven,28.79,Delivered
2024-02-01,East,Furniture,Bookcases,940.96,10.0,80.57,Laura Martinez,d8370b7e,cadddbf6-c,0.1,Whitemouth,18.3,Delivered
2024-12-19,Central,Technology,Accessories,353.04,9.0,,Anthony Knapp,1116d9b6,1ed8e462-7,0.0,North Amanda,40.06,Delivered
2024-08-24,Central,Furniture,Bookcases,337.57,10.0,24.19,George Proctor,801a580f,8c35206b-3,0.1,Curtisside,31.34,Delivered
2024-04-09,East,Technology,Accessories,366.79,3.0,-61.79,Roger Yoder,bbae7085,cf14a689-7,0.0,Teresaland,20.06,Delivered
2024-08-12,West,Furniture,Furnishings,552.98,9.0,34.1,Jimmy Stark,663f1b93,27c648d3-c,,Port Sonia,13.75,In Transit
2024-05-29,East,Office Supplies,Binders,620.98,4.0,-49.13,Miranda Taylor,d5094fd7,ee4779f3-9,0.0,West Davidfurt,32.99,Delivered
2023-10-18,South,Furniture,Bookcases,814.8,2.0,-73.64,Joseph Rodriguez,d6b8b3ae,bd43dfd7-8,0.0,West Emily,43.1,Delivered
2024-05-24,South,Furniture,Furnishings,947.97,7.0,87.32,Mr. Joshua Ortiz,a5ac6d99,4edbb753-7,0.1,Erinburgh,8.58,In Transit
2023-11-04,South,Furniture,Chairs,339.46,3.0,-60.48,Ronald Boyd,29c8ae79,f7d9eb0b-e,0.2,Staffordport,19.47,Delivered
2022-09-01,West,Furniture,Bookcases,404.29,9.0,39.08,Steven Smith,03fcab88,67bff869-9,0.0,Kennethview,20.85,Delivered
2023-10-01,East,Furniture,Tables,155.7,6.0,-22.91,Michael Perez,01906210,d26d636d-c,0.1,East Rita,45.95,Delivered
2024-07-02,East,Furniture,Furnishings,482.19,10.0,79.91,Anthony Morales,e1dce0dc,9fbb65ca-e,0.3,Rodneyview,12.27,Delivered
2023-06-23,East,Office Supplies,Paper,302.7,8.0,-19.67,Jeffery Turner,98adee09,b0c30621-2,0.0,Ellisonland,,Delivered
2025-03-23,Central,Technology,Machines,707.56,3.0,-129.17,Michael Walker,e9511e90,6f2f84fa-0,0.0,West Matthew,39.07,In Transit
2024-04-27,South,Furniture,Bookcases,500.54,,107.65,Amanda Lewis,c14f6db0,f9c2634a-b,0.0,Port Christinachester,15.05,Delivered
2022-09-14,West,Furniture,Tables,962.85,5.0,48.41,Paul Torres,3d532092,20578380-0,0.0,Port Kimberly,35.73,Delivered
2024-11-16,East,Furniture,Tables,849.75,9.0,47.55,Danielle Vaughn,d87a2a20,a892ae2f-9,0.1,Sanchezborough,27.56,Delivered
2025-06-15,South,Office Supplies,Art,138.81,3.0,-9.03,Mary Lane,c83eb646,ae57d369-0,0.2,South Kristenfort,19.25,Delivered
2022-07-29,East,Office Supplies,Art,684.81,3.0,17.92,Tina Nelson,fe021aa4,a889459f-f,0.0,East Scott,18.12,Delivered
2023-10-21,East,Furniture,Bookcases,223.77,9.0,-20.4,Dominique Reese,e5347fea,579c95b7-c,0.2,Port Heidiburgh,40.62,Delivered
2023-02-09,South,Office Supplies,Binders,675.24,8.0,-30.48,Jason Edwards,c9bffdcf,731d8413-c,0.2,Leeton,38.17,Cancelled
2023-05-16,West,Technology,Machines,934.6,8.0,190.4,Lisa Griffith,127d6597,6d4d1666-9,0.1,Aaronstad,20.22,Cancelled
2024-04-01,East,Furniture,Furnishings,188.75,1.0,-7.4,Chase Barnett,3cdae64a,7182cb34-9,0.0,New Curtis,40.73,Delivered
2024-11-29,West,Office Supplies,Paper,891.02,10.0,181.91,Kevin Powers,a281bf7f,eb3c054c-6,0.0,Port Kimberly,41.25,In Transit
2023-06-08,South,Technology,Accessories,821.38,9.0,-53.19,Heather Keller,304254fd,06ead501-7,0.0,Mcdanielstad,36.23,Delivered
2023-05-13,Central,Furniture,Furnishings,840.13,5.0,-3.64,Erica Wilson,0df22a5d,0dc27885-d,0.1,Bernardchester,44.29,Delivered
2024-07-26,West,Technology,Copiers,953.84,9.0,-11.92,Elizabeth Moore,199421ce,6058d5db-7,0.1,Lake Jennifer,29.81,Delivered
2024-02-18,West,Technology,Phones,527.6,10.0,-35.51,Christopher Peterson,4234a648,0edc09fc-f,0.1,Lawsonview,,Returned
2024-04-01,West,Office Supplies,Binders,876.13,10.0,-146.33,Jordan Sanchez,2af3b4a0,13249cdd-9,0.1,East Codyfort,30.64,Delivered
2025-03-03,West,Technology,Accessories,56.06,4.0,8.22,Gregory Thomas,56d9698f,0be12ae1-9,0.3,North Rhondamouth,8.36,Delivered
2024-04-11,South,Furniture,Bookcases,238.34,9.0,44.74,Andrew Mcmillan,b123c428,03dc6f9f-0,0.1,Reynoldschester,31.97,Delivered
2024-05-28,East,Technology,Copiers,603.09,6.0,-7.18,Brent Mitchell,3851e689,013918b2-1,0.0,New Brian,47.76,Delivered
2024-12-23,East,Office Supplies,Art,643.5,2.0,65.27,Kaitlyn Jordan,eebc921a,ed52973b-5,0.0,Amandachester,38.54,Delivered
2023-06-05,West,Technology,Copiers,925.3,1.0,264.96,Alyssa Willis,08c5ac31,96460d30-d,0.1,Heatherchester,14.41,In Transit
2025-05-19,South,Furniture,Bookcases,710.95,2.0,4.8,Jacob Barajas,fcf6084b,548c4b3b-2,0.0,Port Paul,36.81,In Transit
2023-10-21,Central,Furniture,Bookcases,562.46,10.0,151.93,Eileen Lewis,cf6cb9c3,b259ba12-6,0.0,East Brianport,16.47,Delivered
2023-12-04,West,Technology,Accessories,267.5,2.0,-29.48,Mr. John Jones,ceb12edb,718ee15f-9,0.0,West Tonya,15.35,Delivered
2024-08-27,South,Technology,Copiers,926.23,8.0,95.05,Victoria Murphy,806d1240,fdb5df53-7,0.2,Smithburgh,26.71,Delivered
2023-08-05,East,Technology,Copiers,710.38,,-71.99,Sean Smith,53fdc365,38d9f7e5-a,0.1,Garzamouth,42.35,Delivered
2023-10-25,East,Office Supplies,Art,145.41,5.0,3.27,Betty Hardy,1422d557,7ed51cda-c,0.1,West Angie,20.39,In Transit
2023-12-01,South,Technology,Accessories,890.55,10.0,250.91,John Harris,643cda84,99e7a6eb-7,0.0,West Allison,7.37,In Transit
2023-04-17,South,Technology,Phones,,7.0,147.46,Helen Lewis,20c8a73d,362946ac-0,0.1,Turnershire,21.99,Delivered
2025-04-18,East,Technology,Accessories,211.27,10.0,45.77,Joshua Powell,e3702981,e5e04dd6-e,0.0,Williamview,39.98,Delivered
2024-06-18,Central,Office Supplies,Art,745.54,7.0,-31.59,Lauren Miller,fd3a21c4,5f72dbe9-e,0.0,Clarkborough,36.43,Delivered
2024-05-12,South,Furniture,Furnishings,634.28,7.0,-91.47,Darren Sharp,f2cb95f8,5e6fd356-6,0.0,South Debraview,29.73,Delivered
2024-08-03,South,Office Supplies,Art,397.38,1.0,28.54,Jeffrey Martinez,d12ad199,72e3921b-5,0.1,Nicolechester,37.13,Returned
2023-09-23,Central,Technology,Accessories,140.75,2.0,-3.91,Justin Hart,47eabbe7,454bc4fd-9,0.1,Bowenchester,49.39,Delivered
2025-05-06,Central,Technology,Machines,838.47,8.0,124.92,David Cook,95b9bb4e,cf70b892-0,0.2,East Nicole,13.09,Delivered
2022-09-03,South,Technology,Phones,758.64,8.0,-36.82,Michelle White,1c9eafa1,cfe8bb6d-1,0.0,Charlesberg,39.8,Delivered
2024-06-24,Central,Furniture,Tables,652.56,7.0,102.56,John Patton,6d2a08b1,0885c784-9,0.0,Mclaughlinburgh,33.9,Delivered
2024-12-01,Central,Office Supplies,Labels,683.63,9.0,84.14,Michael Palmer,1f0a049a,9c5d3b40-0,0.2,New Pamelachester,40.86,Delivered
2023-07-17,East,Office Supplies,Paper,635.14,8.0,-82.13,Debra Jordan,5530c2f2,80cd4572-7,0.1,Timothyberg,32.59,Delivered
2023-12-29,Central,Technology,Phones,191.02,6.0,-35.47,Kathleen Gonzales,ab6cdf55,35054535-c,0.0,North Andrewview,18.28,Delivered
2023-06-09,East,Office Supplies,Art,807.25,1.0,,Michael Marshall,a037659b,d38290f4-2,0.0,Conradmouth,13.97,Cancelled
2025-01-14,West,Office Supplies,Binders,730.66,1.0,92.32,Pamela Patel,97be3b91,bb40ed30-3,0.1,Nathanshire,29.57,In Transit
2024-11-10,West,Furniture,Furnishings,400.05,3.0,26.75,Savannah Thomas,517f1964,2228cecb-a,0.0,Kellychester,21.21,Delivered
2022-11-28,Central,Technology,Accessories,339.74,6.0,-66.27,Heather Ingram,a7501194,021e73fe-5,0.0,Potterside,11.12,Delivered
2024-02-25,South,Furniture,Furnishings,668.19,5.0,-47.27,Christopher Henderson,2198ea81,e0d73148-7,0.0,North Arthur,33.03,In Transit
2023-03-31,Central,Technology,Accessories,367.46,6.0,61.74,Emily Pace,3e1cfad5,4497e14f-b,0.0,Hernandezshire,44.7,Delivered
2025-04-04,Central,Furniture,Tables,879.5,7.0,-44.66,Brian Weaver,46e64ea7,612a34b3-f,0.2,South Debra,19.29,Delivered
2023-08-24,East,Office Supplies,Labels,138.3,4.0,19.28,Brian Ortega,c44bafcc,ebbad436-1,0.0,Victorville,5.03,Delivered
2024-09-06,South,Technology,Accessories,148.22,7.0,39.08,David Ramos,9e5dfd74,3f43a8a7-5,0.1,Simonbury,38.8,Delivered
2024-11-22,South,Office Supplies,Binders,812.85,7.0,,Crystal Ross,da93447e,972f112d-f,0.0,New Kathleentown,48.13,Delivered
2023-04-27,South,Furniture,Furnishings,23.95,2.0,1.86,Richard Patrick,49d0e70e,ee8a3309-1,0.0,Johnstad,19.1,Cancelled
2024-04-17,East,Technology,Machines,211.03,9.0,1.54,Lauren Hansen,37ef5c95,9280bd48-a,0.1,Susanberg,47.45,Delivered
2022-08-21,Central,Office Supplies,Paper,592.18,10.0,149.99,Shawna Castro,82f3682d,38e46084-8,0.0,West Adam,14.83,Delivered
2023-05-05,South,Technology,Machines,289.33,6.0,-14.85,Laura Jones,b558307e,8dfaa047-a,0.2,New Sarahberg,28.99,Delivered
2025-03-01,South,Technology,Phones,858.03,2.0,-139.25,Steve Dickerson,14b8dc2d,a9fe3d3e-2,0.1,South Connie,36.24,Delivered
2025-03-24,South,Office Supplies,Art,583.41,10.0,95.66,Sara Reynolds,9544dd24,bc381e6b-9,0.3,Fieldsville,35.9,Delivered
2024-04-24,Central,Office Supplies,Art,,4.0,105.19,Susan Allen,b88cf6a7,b285e92c-5,0.1,Sheastad,48.28,Delivered
2023-02-13,Central,Furniture,Furnishings,407.04,9.0,-3.68,Denise Peterson,6ad51cad,99ef3e57-e,0.3,New Omarville,32.17,Delivered
2024-03-28,West,Technology,Machines,178.72,1.0,23.79,Annette Jones,acbfc3f7,1305fae2-2,0.0,Lake Terriside,45.65,Delivered
2023-06-06,East,Furniture,Bookcases,,1.0,-89.52,Bonnie Velazquez,bce64b0c,2a0cf0ba-4,0.3,Katherineborough,21.59,In Transit
2023-04-11,West,Technology,Machines,89.11,6.0,22.43,Richard Taylor,a18b4218,0a7f0cbe-d,0.1,East Darren,26.75,Delivered
2024-11-19,South,Furniture,Bookcases,138.64,3.0,35.31,Karen Mitchell,f1d491c6,dc846a6b-2,0.1,Kevinside,30.65,In Transit
2023-05-28,West,Furniture,Tables,98.06,8.0,21.99,Jennifer Smith,eaa071b7,e93ce95c-8,0.0,Adamside,29.07,In Transit
2022-12-22,South,Furniture,Chairs,906.49,5.0,-120.79,Robert Mendez,ab52b508,a22eb7f1-d,0.0,Charleschester,13.25,Delivered
2023-01-15,West,Furniture,Furnishings,136.43,10.0,-5.59,Gregory Jones,e02aa8fa,4aca7863-2,0.0,East Brian,35.54,Delivered
2024-05-30,West,Office Supplies,Binders,524.51,4.0,-80.54,Spencer Sanders,0c95e1d3,bfa10123-8,0.2,Wrightberg,43.27,Cancelled
2024-01-03,South,Office Supplies,Art,712.51,9.0,-26.23,Tanner Thomas,f902fa01,06c71e8a-c,0.2,East William,37.3,In Transit
2025-05-28,Central,Technology,Machines,790.91,2.0,-25.47,Mary Rose,127645dd,56739f0f-7,0.3,Lake Stacie,19.19,Delivered
2024-12-27,South,Technology,Phones,464.03,8.0,-58.36,Sandy Ortega,c0e68b85,7f45dd65-d,0.0,New Davidfurt,43.04,Delivered
2022-11-25,Central,Office Supplies,Binders,112.12,6.0,25.43,Shannon Brown,74a4fcbe,719335d6-3,0.2,Colemanshire,39.43,In Transit
2025-03-22,South,Technology,Phones,589.54,9.0,-35.0,Melissa Burgess,5dad4e64,e234d9bc-9,0.0,West Joyce,45.23,Delivered
2024-02-12,Central,Technology,Accessories,532.12,8.0,95.24,Jeremy Nelson,df08f736,276e419a-6,0.3,Rhodesshire,8.92,In Transit
2024-10-19,West,Office Supplies,Labels,199.66,1.0,-32.71,Dawn Glover,3fa51e9c,cbbf9981-4,0.0,Port Timothyhaven,18.04,In Transit
2023-06-20,South,Office Supplies,Paper,751.21,7.0,54.09,Shannon Bowen,4410d5e2,46d4e4f5-4,0.0,South Ashleytown,28.69,Cancelled
2024-01-09,East,Furniture,Tables,594.94,2.0,-14.5,Jay English,ba1eae0b,8eb02181-c,0.1,Shahstad,30.35,Delivered
2023-06-22,Central,Furniture,Tables,636.39,1.0,-114.75,Kristin Dominguez,2bc7ba64,77131636-1,0.1,Edwardstad,37.39,Delivered
2024-12-31,Central,Technology,Accessories,430.34,7.0,-72.71,Randy Rogers,ff1746d2,4e5ba553-7,0.0,Murphyshire,34.79,Delivered
2025-04-07,West,Furniture,Furnishings,73.86,1.0,-3.49,David Walker,77a0205e,49a7b45d-1,0.0,West Mirandaview,47.6,Returned
2024-10-21,West,Furniture,Bookcases,222.55,2.0,-29.34,Stephanie Gray,4807d430,faa067a2-9,0.0,Roblesport,45.53,Delivered
2025-05-14,South,Office Supplies,Paper,764.43,7.0,-131.77,Kelly Howard,ecb32540,3765f6f1-8,0.2,West David,,Delivered
2023-01-20,South,Office Supplies,Art,388.62,6.0,28.32,Charles Hernandez,f93a4c3b,52be88cc-b,0.1,Fritzmouth,26.17,Delivered
2024-05-31,East,Technology,Accessories,315.12,1.0,47.17,William Parks,0ec2db8e,d4c7a539-6,0.3,South Bettyfurt,26.2,Delivered
2023-03-31,Central,Technology,Accessories,841.45,6.0,13.23,Rachel Gonzales,aeb4210d,5fe0a5fd-d,0.0,Annberg,43.61,Delivered
2023-09-13,West,Office Supplies,Art,662.8,7.0,70.19,Kevin Calderon,b2c3c4c5,278e65df-0,0.0,Port Shirleyshire,13.13,Delivered
2024-08-20,Central,Furniture,Tables,39.45,6.0,6.53,April Shields,6a3ac42c,b8b6a0ab-5,0.0,Carsonmouth,,In Transit
2022-07-17,Central,Office Supplies,Labels,230.3,3.0,11.02,Michael Mendez,14322aca,642f318b-f,0.2,Mccoybury,47.41,Delivered
2023-03-15,South,Office Supplies,Binders,247.2,10.0,53.25,Rachel Lambert,7598d180,450b18d8-7,0.3,Krystalmouth,22.86,
2025-03-20,East,Furniture,Furnishings,702.57,6.0,-122.91,John Cochran,caeb69b2,767e879a-2,0.0,Port Stephaniebury,25.52,Delivered
2023-04-02,Central,Technology,Machines,972.79,7.0,,Rebecca Jimenez MD,3ad71771,e1856532-6,0.0,Jenniferhaven,29.08,Cancelled
2024-08-24,East,Office Supplies,Labels,38.43,5.0,,Jacob Daniels,578cbca9,2d35b761-7,0.0,Port Natalieborough,32.38,In Transit
2022-07-29,East,Technology,Accessories,319.33,5.0,62.71,Rebecca Kerr,82171a8a,965c4498-7,0.2,Port Elizabethland,38.02,In Transit
2023-02-21,West,Office Supplies,Paper,67.03,7.0,8.34,Brian Jennings,1ef2c94c,d729abe7-3,0.3,East Mindyport,39.68,Cancelled
2025-03-31,Central,Office Supplies,Labels,708.45,5.0,-105.45,Mrs. Stephanie Morgan,93a80127,12ee330f-4,0.3,Lake Bryan,45.3,Delivered
2022-12-25,East,Office Supplies,Binders,767.19,4.0,-142.17,Michael Harrison,4b14f9a9,0e86ab3f-7,0.0,Vernonport,29.63,Delivered
2023-07-26,East,Furniture,Furnishings,35.38,3.0,-3.18,Craig Bond,edf41520,30ba9cf3-8,0.0,Lake Nicholas,40.09,Delivered
2023-10-21,Central,Office Supplies,Labels,756.97,10.0,-139.45,Zachary Maxwell,fb3104bd,1ea07f0a-8,0.0,Andersonfort,19.71,Delivered
2025-01-17,East,Furniture,Bookcases,988.0,10.0,21.77,Joel Rivera,34703607,d696fba4-8,0.2,Mckenzieport,22.95,Delivered
2024-03-10,Central,Furniture,Tables,222.24,10.0,-36.21,Dylan Morales,d125cccc,b2699201-5,0.2,Joshuabury,34.75,In Transit
2025-04-16,West,Office Supplies,Binders,712.6,4.0,181.15,Jeffery Perez,bb089951,8c309beb-f,0.0,New Jon,7.15,In Transit
2025-03-02,Central,Office Supplies,Binders,271.77,2.0,6.26,Laura Calhoun,890d28bb,221204ef-b,0.1,Marissaview,20.16,Delivered
2022-08-05,Central,Office Supplies,Binders,805.71,4.0,102.31,Christopher Ryan,3a1765c7,7bcfcd7c-5,0.0,Lake Curtisland,36.16,Delivered
2024-06-02,South,Furniture,Chairs,646.19,3.0,123.31,Paul Davis,c8482805,1984e722-c,0.3,East Adrianchester,38.63,In Transit
2022-09-18,East,Technology,Accessories,768.11,8.0,-50.59,Stephanie Miller,4e07d709,d6f50424-0,0.0,Floydfort,21.02,In Transit
2024-02-24,South,Furniture,Bookcases,713.09,8.0,-100.86,Daniel Perez,ac6e32c0,20694640-1,0.3,Angelastad,33.22,Delivered
2023-07-26,East,Furniture,Chairs,244.52,2.0,4.44,Mr. Donald Murray,ff1e3a02,ae1a48f4-6,0.3,East Rick,,In Transit
2024-11-06,South,Furniture,Chairs,418.49,7.0,5.89,Mr. Anthony Hunt PhD,eb46e7d4,9c0ee2ec-4,0.2,South Elijah,7.08,Delivered
2023-02-10,South,Furniture,Tables,630.88,1.0,,Kathleen Boone,8e226573,eb9cad90-b,0.3,Westchester,49.7,Delivered
2022-08-21,Central,Furniture,Furnishings,108.92,4.0,30.75,Jennifer Campbell,a2898e1a,9b7cadd1-1,0.0,North Frank,49.53,Delivered
2023-01-31,Central,Furniture,Furnishings,147.4,2.0,0.83,Steven Simmons,419817c7,44db689e-7,0.3,South Stevenshire,10.03,In Transit
2023-05-15,South,Furniture,Tables,896.4,2.0,113.69,Lisa Russo,4b838308,476f08f6-0,0.0,Medinaside,32.29,Delivered
2022-10-31,Central,Furniture,Chairs,100.1,10.0,28.06,Joseph Smith,815724fe,4540ee30-5,0.2,Carolynfort,23.59,In Transit
2025-04-26,West,Furniture,Chairs,328.67,3.0,,Candice Wood,d8095616,fc96f8ab-b,0.0,Martinezstad,45.26,In Transit
2022-12-20,Central,Furniture,Chairs,213.55,8.0,43.83,Joshua Pollard,2eb9cbad,b6e44178-f,0.3,South Emily,49.36,Cancelled
2025-07-10,Central,Furniture,Bookcases,979.85,6.0,178.61,Andrew Collier,474b8038,f3e5f792-1,0.0,Taylorview,7.95,Delivered
2024-03-18,East,Technology,Machines,130.41,7.0,8.38,Brittany Gilbert,8b890b23,93124480-4,0.2,New Robert,42.42,Returned
2025-04-26,East,Furniture,Bookcases,44.53,7.0,-1.01,Judith Travis,0692914b,5a567942-5,0.1,Andersonbury,34.54,Delivered
2022-10-21,East,Office Supplies,Labels,728.79,6.0,91.97,Ashley Lee,653fa881,8023af92-5,0.1,North Jessicabury,42.59,Delivered
2025-05-08,Central,Furniture,Furnishings,529.19,8.0,89.94,Andrew Lawson,6d57d029,284e4466-7,0.3,East Lisa,17.04,Delivered
2024-10-27,Central,Office Supplies,Art,663.25,9.0,164.34,Jeff Harrison,c2ab36a6,ec27fb5b-c,0.0,West Christopherfort,40.16,Cancelled
2024-05-15,Central,Furniture,Furnishings,823.29,5.0,180.66,Brian English,2723c2b1,45d6c3e8-0,0.3,South Nancytown,44.64,In Transit
2023-12-13,South,Technology,Machines,55.32,3.0,6.72,Dominic Smith,563c1ca6,7ab4da5a-f,0.0,Port Phillip,27.5,Delivered
2024-01-29,West,Technology,Accessories,997.03,3.0,186.74,Patricia Anderson,4dda349e,f3388fab-8,0.2,North Joshuahaven,9.54,Delivered
2024-03-06,West,Office Supplies,Art,396.23,9.0,-30.14,Marissa Hayes,56482267,9dd9101e-2,0.0,Juliaton,42.29,Cancelled
2024-10-31,South,Office Supplies,Paper,142.41,9.0,-3.23,Johnny Green,83ebcdcd,615495b6-0,0.0,Kramerberg,41.79,Returned
2024-09-04,Central,Office Supplies,Binders,48.08,5.0,-5.65,Alexis Obrien,7e0df1f0,efebcf7f-5,0.2,Lake Blakeburgh,28.48,Delivered
2023-12-07,Central,Furniture,Tables,748.95,2.0,-111.62,Brady Wise,973f05be,a1e531a8-2,0.0,Travisfurt,46.5,Delivered
2023-02-04,East,Furniture,Tables,534.85,6.0,149.9,Stephanie Martin,5fddfaf8,e44f3173-d,0.1,Millerland,43.3,Delivered
2025-07-14,East,Technology,Accessories,702.64,5.0,-131.07,Michelle Sanders,ca2e6355,71799179-b,0.2,Pattersonfurt,17.25,Delivered
2023-01-23,Central,Technology,Machines,329.4,7.0,-44.13,Charles Hardy,241fc006,40ace5aa-8,0.0,North Cassieside,20.22,Delivered
2023-08-11,West,Technology,Copiers,532.04,7.0,-40.74,Mrs. Laurie Bennett,20264f4d,159042b0-7,0.0,New Danielland,36.39,Delivered
2022-08-13,South,Furniture,Furnishings,650.54,4.0,169.83,Timothy Perry,374e51f6,25966ed3-d,0.2,West Karlatown,16.94,In Transit
2024-07-31,West,Furniture,Chairs,215.38,7.0,0.99,Angela Williamson,66251b61,edeb89ce-6,0.0,New Xavier,48.91,Delivered
2023-10-09,Central,Technology,Machines,554.42,10.0,150.68,Anthony Shah,79c5fddd,99c0945c-e,0.0,New Robert,6.5,Delivered
2023-09-19,East,Furniture,Bookcases,519.77,4.0,-72.98,Ryan Steele,0b07675c,e730efdd-e,0.0,Leeberg,12.68,Delivered
2023-06-23,East,Technology,Copiers,360.47,2.0,6.47,Karen Sutton,74e45a43,ebdb7402-6,0.0,Philliphaven,17.42,Delivered
2025-06-22,South,Office Supplies,Art,706.7,3.0,200.84,Barry Morrow,9a51ce4c,48a620f6-5,0.0,Michaelland,45.18,Delivered
2024-08-14,Central,Office Supplies,Labels,801.02,6.0,223.25,Samantha Lynch,427b570d,0df4f9f8-b,0.0,Lake Charlesborough,15.74,Returned
2023-07-23,South,Office Supplies,Art,437.85,8.0,92.44,Jeremy Bowman,28e7c205,1ba6d7b0-a,0.0,Port Wendyport,30.39,Delivered
2023-06-30,South,Technology,Accessories,733.38,9.0,-55.22,Kimberly Jordan,85253fa2,27b0f974-8,,Port Cynthiatown,20.74,Returned
2024-04-20,East,Technology,Phones,494.07,9.0,39.02,Peter Vargas,9e02e980,55d443b0-d,,North Rachelview,26.41,Delivered
2022-08-16,Central,Technology,Copiers,315.95,1.0,-17.99,Karen Boyer,48546502,63324b3c-7,0.3,Jacksonshire,14.65,Delivered
2023-07-22,South,Office Supplies,Binders,67.41,2.0,8.38,Taylor Williams,97aba7e2,5f0bc983-b,0.0,South Robertport,23.17,In Transit
2025-03-31,East,Office Supplies,Art,436.3,5.0,,Caitlin Obrien,76a96864,62ce86f5-b,,Samanthaview,37.44,Returned
2022-11-07,Central,Office Supplies,Art,931.58,5.0,-177.14,Andrea Lynn,90e3c203,0538ad68-7,0.2,Cooperland,28.12,Delivered
2023-03-06,South,Technology,Phones,804.35,8.0,130.47,Alex Baker,fb89aa9f,256fa72a-4,0.2,South Virginiahaven,21.97,In Transit
2023-08-05,Central,Furniture,Tables,824.18,8.0,177.29,Mrs. Erica Moreno,cdad2296,8200af42-0,0.2,Port Emilytown,6.71,In Transit
2024-07-31,Central,Office Supplies,Labels,,6.0,146.53,Jeffrey Graham,165dce3e,52f5d109-a,0.3,West Sharon,16.54,Delivered
2025-04-13,West,Furniture,Tables,644.23,5.0,-87.54,Angel Daniels DDS,89ba425d,5b342bcb-1,,Jamesshire,20.11,In Transit
2023-06-22,West,Furniture,Furnishings,118.52,3.0,24.15,Craig Golden,58001c95,f64c47e8-1,0.2,South Amy,13.92,Returned
2023-12-18,Central,Office Supplies,Binders,690.02,6.0,122.23,Michael Taylor,6ac400ba,1ce7b55c-a,0.1,South John,33.0,Delivered
2025-01-03,South,Office Supplies,Labels,272.22,9.0,26.7,James Wright,e718b774,4ddd2acb-9,0.3,New Robertbury,25.43,In Transit
2023-02-15,West,Office Supplies,Paper,432.65,9.0,98.56,Kimberly Dunn,7c085833,69f7bbfb-2,0.0,Lawsonshire,11.74,Delivered
2024-11-21,Central,Office Supplies,Labels,967.49,7.0,213.06,Felicia Hodge,db14e41f,d5b62e54-7,0.0,South Brian,42.18,In Transit
2025-03-11,South,Technology,Accessories,547.52,1.0,-97.67,Susan Stanley,bf6b3f3d,d04122a7-0,0.0,Wrightborough,43.91,Cancelled
2023-01-07,West,Furniture,Chairs,118.49,9.0,-14.3,Pamela Smith DDS,d2a87094,bf368114-6,,East Aaronburgh,,Delivered
2024-06-25,South,Furniture,Furnishings,626.01,4.0,-58.95,Anthony Brown,e201a1d3,9ec01bf3-b,0.1,Matthewsfurt,11.92,Delivered
2025-05-23,West,Furniture,Furnishings,595.8,1.0,-57.98,Miranda Delgado,c5c0dc7e,64a27598-f,0.0,Lake Courtneyburgh,49.69,Delivered
2025-04-23,East,Technology,Phones,474.42,9.0,52.75,Nicholas Gonzales,5a479b26,76bd0162-6,0.1,East Jamesport,12.96,Delivered
2025-05-13,East,Office Supplies,Paper,,1.0,-117.09,Leon Chapman,74aaa7f7,47183e57-6,0.2,West Kelly,16.8,Delivered
2024-11-01,South,Furniture,Tables,37.25,6.0,-4.75,Kimberly Moore,add805ab,bca8cb36-3,0.0,Suttonhaven,15.25,Delivered
2022-08-08,East,Office Supplies,Art,369.18,3.0,37.67,Miguel Robertson,d672d34b,a5cbe23d-5,0.1,Millerville,38.14,Delivered
2023-11-14,South,Office Supplies,Binders,622.49,3.0,55.23,Jackie Douglas,e4699cee,a3c98061-2,0.0,Greenland,10.98,Delivered
2024-05-12,Central,Technology,Accessories,681.5,7.0,31.07,Dr. Derrick Mullins DVM,fb1a0f57,db495a1b-3,0.1,Port Lacey,43.5,Delivered
2025-02-19,Central,Office Supplies,Binders,496.21,4.0,6.04,Kara Brown,32067ec3,87851447-c,0.2,Port Brandon,33.31,In Transit
2024-12-23,Central,Technology,Copiers,440.26,5.0,52.72,Julie Taylor,1316c562,f084b74c-6,0.1,Annland,21.17,In Transit
2025-06-26,Central,Office Supplies,Binders,589.41,8.0,175.02,Dave Schultz,7b5896fa,c91e5486-8,0.0,Navarrochester,18.68,In Transit
2025-05-19,Central,Technology,Copiers,442.99,2.0,,Andrew Martinez,4d09a50d,36260270-f,0.0,Lisamouth,31.92,In Transit
2023-07-28,East,Office Supplies,Binders,519.13,5.0,-74.29,Jeremy Tyler,02088df5,acb7197a-2,0.0,West Edwinmouth,22.21,Delivered
2022-12-03,West,Office Supplies,Labels,218.32,4.0,,Stacy Ayala,f06e949b,44dc1f96-c,0.2,West Tammy,11.99,In Transit
2024-09-25,West,Furniture,Bookcases,655.31,,36.47,Deborah Roman,e112f517,44b45831-b,0.0,New Mark,26.76,Returned
2024-03-27,West,Furniture,Tables,779.81,7.0,-110.93,Eric Cook,3562eaf1,f95391b4-d,0.0,South Geoffreybury,33.85,Delivered
2023-05-28,West,Technology,Machines,446.64,1.0,-79.13,David Montgomery,0939a7c0,d76f347a-6,0.0,Diazside,17.89,Delivered
2025-06-18,East,Furniture,Tables,140.15,8.0,,Amber Harris,d4c4ac83,fd397d4d-7,0.0,Davidfurt,5.85,Delivered
2023-01-09,Central,Furniture,Tables,719.36,1.0,185.7,Gregory Mcpherson,d8a7e8b2,ebe6f17b-a,0.0,Michaelfort,45.04,Delivered
2023-01-09,South,Furniture,Chairs,941.61,6.0,-99.57,Aaron Jones,55d46e6b,2e0bb657-f,0.1,Edwardton,15.32,Delivered
2024-05-06,Central,Furniture,Tables,244.33,4.0,7.34,Sandra Thompson,8d57f4c0,fa316ace-f,0.0,North Jessicabury,20.04,Delivered
2022-11-04,West,Office Supplies,Labels,74.66,8.0,0.21,Kristina Conner,140bfa5e,4f40f806-4,0.2,Perezchester,,Delivered
2024-09-04,South,Office Supplies,Art,865.67,5.0,97.32,Danny Summers,3b860801,1cf84b83-3,0.1,East Jason,23.94,Delivered
2022-12-28,West,Technology,Phones,683.7,9.0,35.96,Linda Matthews,b7393d06,cba610de-6,0.0,Garyfort,6.97,Returned
2025-06-30,East,Technology,Accessories,735.06,6.0,29.01,Karen Carter,650bbf78,426ac09b-a,0.2,South Melvinmouth,15.82,Returned
2024-05-31,Central,Technology,Copiers,213.95,7.0,26.34,Robert Jones,2e316416,9e2ad657-8,0.0,Deanhaven,6.56,Delivered
2023-09-25,East,Furniture,Furnishings,164.81,4.0,46.38,Pamela Scott,83183748,930d55bf-c,0.0,Sampsonburgh,24.67,Delivered
2022-11-12,South,Technology,Copiers,129.86,4.0,-18.11,Robert Davis,806809f7,7a81eb9b-e,0.1,Leeborough,34.92,Returned
2023-02-16,West,Furniture,Bookcases,837.83,4.0,101.45,Kelsey Brown,f31ae448,654f0972-6,0.3,North Reginaldview,8.22,Returned
2023-11-26,West,Furniture,Chairs,238.06,4.0,,Jane Snyder,19e2af37,40625d2e-a,0.2,Michaelchester,23.15,Delivered
2023-05-12,East,Technology,Copiers,105.72,9.0,31.26,Jessica Potts,67e750af,6d59d89e-6,0.0,Lake Claytonburgh,10.7,In Transit
2024-08-25,East,Furniture,Chairs,558.11,6.0,-11.01,Wyatt Meyers,cea3448f,20b7bf3c-c,0.2,Jacksonbury,,In Transit
2023-03-25,South,Office Supplies,Binders,837.04,6.0,-27.88,Vincent Mcmillan,5d4f3f76,90f01380-a,0.0,New Danielle,6.75,Delivered
2025-01-01,West,Furniture,Tables,946.97,2.0,85.65,Frank Hernandez,f87ebaf4,bb335bc2-1,0.0,Bartonberg,43.12,In Transit
2025-01-24,South,Furniture,Furnishings,434.13,10.0,-37.14,Allison Day,35785261,f971617d-f,0.0,East Kimberlyport,28.42,In Transit
2024-07-22,East,Furniture,Tables,523.48,1.0,71.58,Richard Smith,7bf53694,9fe828ee-f,0.1,West Brandon,35.7,Delivered
2024-12-30,East,Technology,Accessories,846.32,4.0,111.16,Erin Barrett MD,0952fc13,6fdebf0b-c,0.2,Port Andrew,48.73,In Transit
2022-08-06,South,Technology,Phones,939.47,2.0,,Scott Sims,af5da23c,5dd64359-6,0.0,Peterbury,24.0,Delivered
2024-03-22,East,Technology,Copiers,346.49,3.0,54.28,David Taylor,76ee747a,d0f23252-e,0.1,North Heidibury,10.47,Delivered
2025-04-11,South,Furniture,Chairs,865.32,5.0,-55.81,Julie Gutierrez,c6bcbd9d,2be793e0-b,0.0,Shawnburgh,49.48,Cancelled
2024-08-02,West,Technology,Copiers,665.13,10.0,169.73,Lauren Jordan,837fec1a,7d6c36e7-1,0.1,Lake Brianchester,47.08,Delivered
2024-11-11,Central,Furniture,Bookcases,152.46,2.0,34.6,Steven Perez,06fe3eb0,2d8dddfb-3,0.0,Peterport,11.44,Delivered
2023-04-14,West,Technology,Machines,592.52,5.0,37.47,Kelly Rosario,75d0afe9,9bdd63bc-c,0.2,Melanieton,26.73,Delivered
2024-02-18,West,Technology,Machines,499.27,4.0,15.58,Scott Williams PhD,917b958b,04af32a1-e,0.2,South William,7.86,Delivered
2025-01-15,East,Technology,Accessories,615.44,2.0,-42.76,Stephanie Hancock,1b13b5c8,bad431cd-e,0.0,Port Ricardo,42.3,Cancelled
2024-07-02,East,Technology,Machines,201.05,8.0,-34.89,Robert Bradley,cc0854a5,da44e354-b,,Port Petermouth,49.68,In Transit
2023-12-17,South,Furniture,Chairs,441.95,7.0,-59.42,Samantha Cochran,40f548a2,3d91b380-d,0.3,New John,36.18,Delivered
2023-10-11,East,Technology,Accessories,771.18,5.0,78.91,Tonya Bell,0bf17b7f,8fed5089-1,0.3,Gonzalezfort,42.58,In Transit
2022-09-13,Central,Office Supplies,Labels,431.79,7.0,112.26,Richard Hall,51500b62,19d5a65d-a,0.0,Snowfort,44.8,Delivered
2023-08-04,South,Office Supplies,Paper,881.22,9.0,38.06,Leslie Lee,6ad78fd6,a06c6d65-3,,South Philipton,22.81,Delivered
2024-04-12,West,Furniture,Tables,146.88,6.0,-26.45,Richard Lamb,9f4d0a24,06f524c1-5,0.2,Jamesmouth,23.72,Delivered
2024-05-07,Central,Technology,Machines,764.15,9.0,36.58,Stephanie Chavez,fae9e312,48330752-8,0.0,South Evantown,25.3,Cancelled
2024-04-26,East,Furniture,Tables,956.51,1.0,242.63,Lauren Meyer,2105994d,c8b8122c-f,0.2,West Erica,24.39,In Transit
2025-05-19,West,Technology,Copiers,34.21,9.0,5.15,Aaron Oliver,f971406d,b720e4e0-6,0.2,Lake Barbara,29.06,Cancelled
2023-10-17,South,Furniture,Tables,871.73,9.0,88.63,Lisa Cummings,b5f47b31,362d094d-6,0.2,Brittanyshire,27.22,Delivered
2023-08-08,West,Technology,Machines,501.6,6.0,-11.17,Ryan Gonzalez,6cf3705f,2bc9a33a-f,0.0,Georgeburgh,8.55,Delivered
2024-09-13,Central,Technology,Accessories,710.33,7.0,-120.38,Felicia Jackson,6898bff7,89c0837d-f,0.0,South Craig,,In Transit
2023-08-01,Central,Technology,Machines,900.95,4.0,258.15,Anthony West PhD,f94935ae,e022ea1a-2,0.0,East Randall,6.22,Delivered
2023-06-01,East,Furniture,Chairs,610.17,2.0,-43.85,Joseph Johnson,80482b19,2a4078a2-7,0.2,Mccormickville,31.88,Cancelled
2024-06-27,South,Technology,Copiers,695.77,,41.49,Lisa Zimmerman,7d48c5a0,24ccefd3-6,0.0,Port Marciamouth,49.88,Cancelled
2025-05-30,West,Furniture,Bookcases,814.34,2.0,-16.19,Jaclyn Clark,d7402ef3,6226292b-c,0.3,South Vincentland,42.01,Delivered
2024-05-23,East,Office Supplies,Art,404.88,1.0,93.5,Jessica Johnson,b3201867,4d973690-9,0.1,Lawsonberg,16.81,In Transit
2024-10-08,South,Technology,Machines,980.45,5.0,13.08,Shane Garcia,6b2db25e,1f96b002-c,0.0,West Yeseniachester,15.26,Cancelled
2023-04-05,East,Office Supplies,Art,156.45,9.0,-2.72,Sara Brown,91341388,7c002309-5,0.0,Hurleyside,6.53,Delivered
2023-03-27,East,Office Supplies,Art,326.18,7.0,85.02,Kyle Figueroa,7df7a41b,caab171a-d,0.0,South Barbarahaven,42.79,In Transit
2023-04-29,East,Technology,Machines,975.65,1.0,,Daniel Hayes,168ff617,c9246881-b,0.0,Ashleybury,38.21,In Transit
2022-11-13,Central,Technology,Accessories,728.07,7.0,140.29,Julia Ruiz,fa4b5470,a9b7853f-0,0.0,North Robinfort,24.59,Delivered
2023-08-06,Central,Technology,Phones,402.23,6.0,-64.43,Jaime Solis DDS,7963fa89,e941e6f7-c,0.0,South Melissaview,27.93,Delivered
2024-06-26,South,Furniture,Tables,132.12,5.0,-25.59,Joseph Cook,f81587dd,d6dd0bee-5,0.0,Lake Kimberlyborough,38.75,Delivered
2024-08-11,South,Furniture,Chairs,20.67,7.0,0.99,Carrie Hernandez,2a3b8830,aff1ee61-c,0.2,New Christine,30.56,Delivered
2023-02-18,West,Office Supplies,Paper,883.1,1.0,,Angela Lucas,5c8daf26,791ce958-c,0.0,Robertstad,6.75,Returned
2024-03-31,East,Office Supplies,Labels,935.29,4.0,146.62,Shawn Smith,a522ac23,6950244d-7,0.1,Davidville,6.0,In Transit
2022-12-14,South,Office Supplies,Art,567.04,8.0,162.82,Yvette Taylor,1abfd20a,2fa9bf63-1,0.2,Martinland,41.02,In Transit
2024-05-12,East,Office Supplies,Paper,122.35,3.0,31.53,Kevin Foley,558bec0b,26367a9d-e,0.1,West Bettyview,15.35,Delivered
2025-01-08,West,Furniture,Furnishings,446.61,6.0,76.05,Ryan Fernandez,116af843,16bb8ba9-4,0.0,Port Melissa,47.35,Delivered
2025-04-07,West,Technology,Machines,847.94,6.0,154.85,Daniel Riley,551b7a0c,09caf491-1,0.1,Juliechester,38.0,In Transit
2022-08-06,East,Office Supplies,Paper,585.71,9.0,112.32,Stanley Morton,cf07ecaa,791ddc0a-2,0.0,Longfort,15.38,Delivered
2025-03-21,South,Office Supplies,Art,533.57,8.0,48.61,Kevin Solomon,6b3a11a0,1648c321-6,0.0,West Cherylview,39.44,Returned
2024-01-09,East,Furniture,Tables,188.85,5.0,,Joseph Barber,195fc017,1aa73f9a-a,0.3,Michaelbury,22.54,In Transit
2022-11-22,West,Furniture,Bookcases,772.2,3.0,180.02,Dr. Richard Hernandez,1568b8b9,b6ff6278-2,0.2,Shermanbury,24.02,Delivered
2023-08-25,West,Technology,Phones,519.02,10.0,86.18,Jason Hodge,7b32a58a,5cc5445c-3,0.2,Jonview,39.39,Delivered
2023-08-29,West,Office Supplies,Labels,364.97,,,Kenneth Flores,58e4abf0,e2d7cb02-e,0.0,East Robert,8.31,Delivered
2023-09-10,East,Technology,Copiers,,,41.49,Shane Foley,892d197d,8773ecaa-9,0.0,Port Todd,29.78,Delivered
2024-01-04,South,Furniture,Bookcases,651.93,2.0,99.13,Wendy Figueroa,540fd74d,8eca3ef7-a,0.1,South Jennifershire,17.82,Cancelled
2024-02-21,West,Furniture,Chairs,54.23,10.0,-4.45,Peter Moss,ff099235,96410cf0-8,0.1,Devonfort,40.37,Cancelled
2023-01-12,Central,Technology,Machines,702.24,3.0,201.09,Charles Grimes,ad51df75,0138a779-a,0.2,Campbellview,7.47,Returned
2025-06-23,Central,Technology,Accessories,243.41,7.0,-3.61,Donald Cox,5ba0a943,10ce80ad-a,0.0,Jessicachester,19.35,Delivered
2023-07-27,Central,Furniture,Furnishings,607.84,9.0,-61.49,Kimberly Carson,6b85cd38,33a4b4ff-f,0.1,Port Anthonyland,38.09,In Transit
2024-06-29,West,Office Supplies,Binders,304.68,2.0,28.89,Natasha Green,8e9001f3,586b7672-3,0.1,Wallacemouth,11.0,In Transit
2022-12-16,West,Technology,Accessories,444.4,6.0,23.66,Beverly Harris,3f70205f,6af2b2e9-1,0.0,North Marc,39.35,Returned
2023-11-01,Central,Furniture,Tables,375.77,3.0,-46.32,Sara Martin,d8beb97f,0247a699-1,0.0,Ramosview,27.19,Delivered
2022-09-30,Central,Office Supplies,Labels,294.41,3.0,20.63,James Hill,1c1180f6,af887052-9,0.0,Jacobfurt,9.27,Delivered
2024-07-11,Central,Technology,Phones,943.22,6.0,235.83,Danielle Rodriguez,49a85af6,db3da9bd-7,0.0,Contrerasbury,31.72,Delivered
2025-05-04,South,Furniture,Chairs,191.39,5.0,-26.24,Jason Bell,35cc4707,726aee48-0,0.0,Marcberg,28.25,Delivered
2022-11-10,Central,Office Supplies,Art,620.49,10.0,-89.19,Jeremy Wiggins,e7aed2a5,cebca526-c,0.1,West Patrickville,7.26,Delivered
2025-02-24,East,Technology,Phones,390.91,7.0,94.76,Richard Brown,608b456d,453f879d-d,,West Lauramouth,23.24,In Transit
2023-04-30,East,Furniture,Chairs,909.73,1.0,257.11,Kimberly Hall,6174ee0b,f22f7aab-a,0.0,Ramirezville,21.71,In Transit
2025-04-16,Central,Technology,Copiers,639.77,7.0,25.15,Sheila Phillips DDS,576a0342,0bc6cf8c-8,0.0,Carmenside,,Delivered
2024-02-24,East,Office Supplies,Labels,415.94,3.0,-8.65,Denise Miller,d129db43,f2215237-7,0.1,Donaldborough,6.69,Returned
2023-02-03,East,Office Supplies,Art,306.94,10.0,-8.33,Zachary Brewer,3fb350f1,9cf98fe5-f,0.3,West Daniellechester,23.24,Delivered
2023-05-29,Central,Office Supplies,Paper,569.72,6.0,142.32,Michael Hall,7aae14ee,7a45a004-9,0.0,Port Douglasburgh,,Delivered
2023-11-28,East,Furniture,Chairs,742.66,4.0,84.3,Michael George,d77deff0,474b1acc-8,0.1,North Travisfurt,37.98,Delivered
2022-08-29,East,Office Supplies,Binders,894.39,10.0,-89.12,Jennifer Williams,fe655617,c74acad6-5,0.0,New Ambermouth,45.34,Delivered
2023-07-14,East,Office Supplies,Paper,,10.0,27.87,Michael Lee,a9be5a34,21686121-4,0.2,,22.84,In Transit
2023-01-21,West,Furniture,Tables,607.14,5.0,72.26,Nathaniel Hamilton Jr.,5d320e21,28487fed-1,0.1,Waltonbury,31.61,Delivered
2024-11-15,South,Technology,Accessories,861.84,4.0,86.55,Caitlin Thomas,2ce69072,3240b8c5-7,0.2,West Patricia,44.63,Delivered
2024-01-24,East,Office Supplies,Paper,195.62,,,Joseph Greene,c8264988,af1008e8-4,0.3,Michaelland,49.35,Cancelled
2024-07-31,South,Technology,Copiers,819.84,1.0,-48.35,Tina Briggs,bc5a24db,398bfdde-6,0.0,Lake Kaitlyn,25.31,Delivered
2024-02-17,South,Furniture,Bookcases,156.14,1.0,-3.14,Danielle Mendoza,c9510801,188d4bb9-3,0.2,Port Karenbury,38.18,Delivered
2023-03-02,South,Technology,Copiers,81.41,1.0,-0.57,Timothy Powers,ea2a63a7,0d1febdf-a,0.3,,16.89,Delivered
2024-01-07,Central,Office Supplies,Binders,668.79,4.0,-83.85,Steven Cox,80344c2c,23c2e2a1-9,0.2,Richardsshire,34.8,Returned
2023-01-02,South,Furniture,Furnishings,644.63,,192.35,Gregg Harmon,53ba90ba,3531a87b-f,0.0,Berrymouth,21.59,Delivered
2023-07-30,West,Furniture,Furnishings,730.04,1.0,48.98,Emily Lewis,5ac4f6ad,1bea763f-0,0.1,East Nathanbury,23.4,Delivered
2022-12-05,Central,Office Supplies,Binders,350.5,5.0,-13.29,Lisa Thomas,d0a4c1d5,1154cfb5-c,0.0,North Kevin,9.19,Delivered
2025-04-06,East,Furniture,Furnishings,617.91,8.0,-112.13,Steven Lee,36218733,5fbd8285-8,0.1,Jenniferport,20.61,Delivered
2024-04-14,Central,Furniture,Tables,358.17,,7.94,Fernando Herring,38eb1376,bc612763-b,0.1,Colemanburgh,16.41,Delivered
2024-11-28,East,Technology,Machines,739.44,4.0,218.19,Colleen Howard,973a864e,c2735598-7,0.3,West Anthonyville,29.2,Delivered
2024-01-08,East,Technology,Machines,431.4,7.0,,Ashley Sexton,ae3bd4b6,c4423ab3-1,0.2,New Benjamin,36.47,
2025-01-01,West,Furniture,Chairs,539.82,8.0,-47.59,Michael Nelson,841da8c7,76484154-2,0.0,Robertsburgh,38.79,Delivered
2025-03-29,West,Furniture,Furnishings,402.85,6.0,16.09,Heather Walker,ddf674fb,0338200a-b,0.3,West Ricky,38.34,Delivered
2023-08-13,South,Technology,Phones,721.17,4.0,131.87,Vanessa Oliver,6defd5d3,48d86e47-f,0.3,East Mason,6.06,Delivered
2024-10-06,Central,Office Supplies,Art,55.23,8.0,-10.14,Anthony Hall,d81848b0,4817127c-7,0.0,Lake Jose,15.65,
2023-06-17,South,Furniture,Bookcases,607.59,2.0,-29.23,Danielle Cook,418c2296,0e2e828e-6,0.1,Jasonchester,26.61,Delivered
2022-07-20,Central,Furniture,Furnishings,249.93,1.0,11.42,Andrew Hayden,33f439c0,627a6ef8-a,0.2,Amyshire,5.3,Delivered
2022-12-15,South,Furniture,Bookcases,721.86,7.0,138.87,Kathryn West,7cc689a9,c0b573d7-7,0.1,New Nathanburgh,48.29,In Transit
2024-11-12,West,Office Supplies,Art,280.79,9.0,1.77,David Grant,e5a8ea54,e247314d-4,0.0,West Shelbystad,43.41,Delivered
2025-03-23,Central,Furniture,Chairs,345.98,5.0,0.29,Melissa Valenzuela,43d565d7,99a32903-d,0.0,Ernestton,21.44,Delivered
2025-07-01,West,Technology,Machines,354.44,2.0,-23.23,Shari Smith,220587aa,12659594-9,0.1,Kimberlyburgh,46.91,Delivered
2024-10-21,East,Office Supplies,Binders,811.24,,-11.48,Steven Randolph,02c415fa,e5879d19-d,0.0,Port Dwayne,21.65,Delivered
2025-02-08,East,Technology,Phones,857.96,,35.95,Cynthia Bradford,640eeb9a,77daa276-a,0.0,Mathewburgh,34.21,Delivered
2024-11-08,Central,Furniture,Bookcases,892.19,10.0,217.76,Elizabeth Khan,b92bbe35,1e96fabc-b,0.3,Dylanmouth,44.59,Delivered
2024-05-08,Central,Furniture,Bookcases,73.58,6.0,9.92,Catherine Thompson,e3aad64f,331501c6-1,0.0,West Williamstad,8.05,Delivered
2024-01-31,East,Furniture,Tables,903.96,10.0,-177.71,Terry Martin,58df9f14,1b26da73-7,0.0,New Shanefurt,22.14,Delivered
2025-02-06,East,Office Supplies,Labels,287.86,5.0,66.05,Jennifer Salinas,de72e41e,4cba6423-1,0.0,South Cory,45.22,In Transit
2023-12-29,South,Office Supplies,Art,348.3,9.0,19.15,Candace Oneal,683626f5,60a190ff-c,0.0,Brooksfurt,19.06,In Transit
2022-09-22,East,Technology,Machines,,1.0,-58.38,Craig Bryant,e13d53ef,de0791c0-8,0.3,North Kaitlinmouth,39.31,Delivered
2023-06-10,West,Technology,Phones,439.33,6.0,-66.45,Alejandro Whitney,9ceb981a,1dda1156-c,0.1,Normaburgh,30.48,In Transit
2022-12-07,West,Furniture,Tables,485.18,9.0,113.05,David Thompson,0701b5ad,b6eafdae-8,0.0,Austinborough,14.7,In Transit
2024-03-09,Central,Furniture,Bookcases,966.88,2.0,,Andrew Wagner,0eef343e,7d914480-2,0.0,South Andrewfurt,10.91,In Transit
2024-09-27,East,Technology,Accessories,809.29,3.0,-96.8,Donald James,126c1e65,3409005f-a,0.2,New Cameron,7.64,Delivered
2025-04-11,South,Furniture,Tables,301.31,9.0,-1.24,Ryan Combs,e3497266,033415fb-4,0.2,South Casey,8.39,In Transit
2023-08-10,West,Technology,Machines,212.16,4.0,13.7,Rachel Gonzalez,7ab828fb,90cf916e-3,0.2,Torrestown,42.16,Delivered
2024-06-13,Central,Furniture,Furnishings,574.94,3.0,42.3,Dr. Lisa Mullen,5ace91fe,e063459f-b,0.0,Port Christopher,23.11,Delivered
2022-12-24,Central,Technology,Accessories,995.66,10.0,99.75,Carly Whitaker,d09195b8,45139693-7,0.0,Dianatown,14.25,In Transit
2023-10-03,East,Furniture,Furnishings,764.77,4.0,9.5,Kevin Rodriguez,61600531,3e5716fd-c,0.0,Lyonsbury,7.55,Delivered
2023-11-16,South,Office Supplies,Paper,419.22,8.0,6.15,Benjamin Jenkins,d58dbe23,9709045e-a,0.0,Nathantown,22.5,Cancelled
2024-04-16,Central,Office Supplies,Paper,261.88,3.0,50.01,Katherine Herrera,74a11408,cd4beb98-1,0.1,Richardstad,21.28,In Transit
2024-12-13,East,Office Supplies,Labels,316.24,3.0,47.83,Henry Travis,7c955bda,4e315c30-9,0.0,Jonathanborough,18.11,In Transit
2024-09-28,East,Furniture,Tables,513.24,5.0,-41.2,Richard Garcia,439e5477,6c530704-9,0.0,,13.56,Delivered
2025-07-09,West,Technology,Accessories,307.27,5.0,68.07,Anna Decker,af74534b,de85bb9d-9,0.0,Morashire,18.21,Delivered
2024-11-12,West,Furniture,Bookcases,146.61,6.0,-25.02,Joshua Cunningham,171b6664,cd2a8e44-2,0.0,North Michelle,49.29,In Transit
2023-05-09,Central,Office Supplies,Binders,425.72,1.0,102.09,James Clark,86464cbf,3d572e79-b,0.0,Davidtown,49.94,In Transit
2025-02-05,West,Technology,Phones,909.18,2.0,,Barbara Tran,f77cd77c,8449118b-5,0.0,East Elizabethborough,11.42,Delivered
2022-10-31,South,Office Supplies,Binders,566.96,2.0,-5.8,Heather Lowery,3d72fb92,4fe75785-3,0.0,Lake Stacy,15.89,Delivered
2022-08-30,South,Furniture,Furnishings,977.64,7.0,-11.02,Meghan Lopez,977d9781,d6f44edd-d,0.0,Delacruzstad,44.82,Delivered
2024-01-09,Central,Office Supplies,Labels,990.3,8.0,65.08,Joshua Rodriguez,456ba564,ee1bf14d-c,0.3,Morristown,9.42,Delivered
2023-04-09,Central,Office Supplies,Art,764.17,5.0,30.72,Jennifer Nguyen,e3c91d12,88a16d82-3,0.1,Bennettburgh,25.9,In Transit
2022-08-07,Central,Technology,Phones,628.19,9.0,-17.78,Alexander Smith,0dfe91c1,def3f2bb-0,0.1,Williamland,33.83,Delivered
2023-03-27,East,Furniture,Bookcases,222.77,5.0,26.65,Warren Simpson,4f91667e,b53fd0d4-1,0.1,Lake Wesley,28.02,In Transit
2024-07-10,Central,Furniture,Chairs,255.78,5.0,-28.7,Leah Walker,f6d2222a,c3e1f638-6,0.0,New Saraburgh,47.14,Delivered
2022-07-26,West,Technology,Machines,575.84,9.0,-92.84,Kathleen Davis,aca90567,70322a0e-6,0.0,Kimberlyfort,18.21,Delivered
2025-06-06,South,Technology,Accessories,218.9,6.0,30.91,Donald Harmon,337d81d8,52eaa653-e,0.2,New Lorishire,27.74,Cancelled
2023-09-13,Central,Office Supplies,Art,133.04,9.0,-8.87,William Clark,0afad6c7,02a9dc42-e,0.1,Ashleybury,17.03,Cancelled
2023-12-15,Central,Furniture,Tables,778.55,9.0,140.38,David Clark,f91dd946,51941e47-9,0.3,South Stephaniehaven,31.05,In Transit
2023-02-09,East,Technology,Accessories,255.14,10.0,-46.41,Angela Hernandez,0ac25625,47ddf9a5-3,0.0,East Angela,7.94,In Transit
2023-10-08,Central,Furniture,Chairs,566.87,10.0,44.09,Corey Phelps,c6034304,095945a5-c,0.2,Jessicaview,23.7,In Transit
2025-05-02,Central,Office Supplies,Labels,792.12,2.0,110.26,Kendra Owens,a727b394,f6965fbd-2,0.2,North Kayla,16.55,Delivered
2025-02-08,South,Furniture,Chairs,55.33,10.0,10.85,Anthony Edwards,77e435a4,ee1d0ea3-3,0.2,Hernandezstad,16.75,Delivered
2022-12-31,South,Office Supplies,Art,229.91,7.0,-42.36,Robert Murphy,8d75a263,233cfefb-d,0.1,Laurenmouth,12.14,Delivered
2023-04-03,South,Furniture,Chairs,406.47,1.0,-76.48,David Dunn,a33662ed,2769ba53-b,0.1,Laurenbury,26.25,Delivered
2024-12-29,East,Office Supplies,Paper,65.04,4.0,18.77,Ronald Lopez,83d1e597,33b623ff-3,0.0,Yatesbury,43.21,Delivered
2023-07-05,South,Furniture,Bookcases,,9.0,4.04,William Johnson,86fa7d9c,29e67a7f-b,0.1,Grayberg,28.15,In Transit
2024-03-19,East,Office Supplies,Art,619.13,8.0,17.61,Kathleen Wright,be1a1cb0,080b19d7-4,0.0,West Michael,38.94,In Transit
2024-02-19,South,Technology,Copiers,465.71,10.0,-85.24,Charlotte Johnson,5ba804be,dc4e7efe-5,0.2,North Michaelfort,26.94,In Transit
2024-03-05,West,Office Supplies,Art,962.48,3.0,184.65,Pamela Scott,ee9f058a,588fb275-3,0.0,East Williamland,36.95,In Transit
2024-09-29,Central,Furniture,Furnishings,321.39,9.0,-56.13,Melissa Baker,8a81c5b3,4678a138-a,0.0,New Joelborough,25.25,Delivered
2023-10-30,West,Technology,Phones,507.32,10.0,,Jonathan Bowers,9a337f68,d285cc11-6,0.0,New Wendy,21.59,Delivered
2024-07-05,East,Furniture,Tables,253.25,3.0,35.54,Bryan Stanton,d64079e4,84f4c514-a,0.1,Cynthialand,23.66,Cancelled
2023-03-11,Central,Office Supplies,Binders,661.95,9.0,-123.55,Autumn Gonzalez MD,5e8b615f,68cb015a-5,0.0,East Anthonystad,33.77,Delivered
2024-11-07,East,Furniture,Bookcases,995.57,5.0,-50.51,Victor Gates,298a67cb,2fb25a3a-5,0.0,Lake Nicholas,41.37,Delivered
2022-11-21,East,Office Supplies,Binders,,7.0,-120.48,Brandon Lewis,a1c088fb,d51f7d9b-0,0.0,Port Michael,46.47,In Transit
2023-12-25,South,Furniture,Furnishings,811.5,2.0,-142.38,James Lawson,babc184b,23d70964-2,0.0,Jamesshire,32.76,Cancelled
2023-05-11,East,Office Supplies,Paper,488.46,1.0,55.83,William Salazar,4a8e03fd,c066f57b-d,0.0,North Stephen,9.11,Cancelled
2024-03-15,Central,Office Supplies,Art,588.24,1.0,,Timothy Brown,a8244e82,76ac26e6-6,0.3,Woodsburgh,47.12,Delivered
2025-01-31,West,Furniture,Tables,617.06,6.0,116.35,Joel Scott,4f1f23b8,9bbb83e1-b,0.1,West Ryan,5.55,Delivered
2023-03-09,Central,Technology,Machines,48.73,6.0,6.21,Benjamin Ramos,fe831818,60aa9b75-6,0.0,New Shawn,38.16,Delivered
2022-09-09,Central,Office Supplies,Art,332.78,2.0,-34.3,Kristen Garcia,5a19c216,41cc0871-3,0.0,Kimchester,5.88,Delivered
2024-02-09,Central,Technology,Accessories,493.15,8.0,69.48,Rodney Smith,afef8cb3,6f46c293-9,0.2,North Michelle,33.16,Delivered
2024-05-05,East,Furniture,Chairs,666.85,9.0,-43.67,Jasmine Snyder,35676f1a,139a8736-5,0.2,Johnbury,25.23,In Transit
2023-01-16,Central,Technology,Machines,781.31,6.0,,Mackenzie Brooks,c3fbe2df,7388ee23-7,0.1,East Timothyhaven,12.97,Delivered
2024-12-26,East,Furniture,Chairs,39.02,1.0,10.89,Christopher Frazier,92f9f017,f02a08c4-2,0.1,Jenniferborough,17.69,Delivered
2024-08-04,South,Office Supplies,Paper,259.1,3.0,26.84,Robert Buchanan,4b96d766,827bdffc-9,0.0,Lake Jon,32.81,Delivered
2023-03-28,Central,Technology,Copiers,35.43,8.0,-2.41,Kimberly Carpenter,0725503f,543727c6-e,0.0,Port Matthew,45.89,Delivered
2023-10-15,South,Furniture,Furnishings,692.49,7.0,-114.46,Caroline Burns,63097682,12dd63a0-0,0.1,Feliciachester,23.94,In Transit
2023-10-30,Central,Furniture,Bookcases,527.5,5.0,52.51,Monica Nichols,9b7572f4,4d2060a1-f,0.3,East Jennifer,24.99,Delivered
2022-12-06,Central,Technology,Machines,924.72,6.0,55.91,Laurie Mendoza,82bed6e1,587b7464-e,0.3,North Anthony,6.61,Delivered
2023-03-09,East,Office Supplies,Art,748.24,10.0,161.1,Kara Martinez,cd657d66,ce73efd9-5,0.0,South Keithton,11.62,In Transit
2023-08-24,West,Technology,Phones,324.69,4.0,17.75,Pamela Fuentes,e2a60244,8e050545-6,0.0,New Elizabeth,12.03,In Transit
2023-08-12,East,Furniture,Chairs,911.41,2.0,175.51,Nicole Sherman,155f6d78,abd5dd7c-b,0.0,Travisfort,32.4,Delivered
2025-04-25,East,Technology,Phones,530.83,1.0,16.83,Tyler Neal,efab0360,09b0198a-a,0.1,Port Kathleen,49.56,In Transit
2025-02-08,West,Furniture,Furnishings,652.25,6.0,60.36,Heather Rice,91276b84,5a056564-6,,Taramouth,27.4,In Transit
2025-06-18,South,Furniture,Chairs,354.77,1.0,89.04,Luke Olson,9055f490,f0e9d641-1,0.0,Richardsstad,10.77,
2022-08-24,Central,Furniture,Chairs,282.31,9.0,-8.34,Christopher Grant,c4abc684,9323d2f2-d,0.0,West Linda,26.18,Delivered
2024-06-29,West,Office Supplies,Art,110.39,3.0,-19.28,Kenneth Taylor,fb4e4785,ae0b4740-9,0.2,Nicoleland,49.65,In Transit
2024-12-11,South,Office Supplies,Labels,171.16,2.0,29.26,Keith Case,0965b9d0,85b5df68-e,0.0,South Joshua,7.05,Delivered
2024-05-28,Central,Technology,Phones,263.12,7.0,58.99,Kyle Sanchez,2474091c,afcb08bf-a,0.3,Elizabethside,17.72,In Transit
2023-05-22,South,Furniture,Furnishings,6.85,7.0,1.31,Kara Cross,b63f19a8,c760c309-9,0.0,Maureenland,17.68,Cancelled
2023-12-23,West,Office Supplies,Labels,895.12,6.0,5.07,Cassandra Gilmore,dd4ad051,cf0c08c4-4,0.1,Carrstad,16.97,In Transit
2024-07-05,East,Technology,Accessories,698.98,1.0,157.15,Kayla Washington,6479cda9,3c8e4dc2-5,0.1,East Joel,49.16,Delivered
2023-09-16,East,Furniture,Bookcases,864.87,3.0,-163.09,Kyle Nash,c45ca252,6acb35b7-d,0.2,Michaelmouth,28.3,In Transit
2022-11-10,East,Office Supplies,Labels,323.37,9.0,89.19,Kelly Perez,80e73144,b4aed776-7,0.3,Hardyville,23.92,Delivered
2023-05-17,South,Office Supplies,Binders,641.48,3.0,-32.1,Russell Burke,7034af60,6e018ca2-d,0.2,South Morgan,33.04,Cancelled
2022-10-20,East,Furniture,Tables,258.77,8.0,58.06,Caitlyn Barron,229e2e17,410da6b5-1,0.1,North Williamton,11.67,Delivered
2024-11-13,West,Furniture,Bookcases,402.11,3.0,101.26,Shari Day,a1d29e43,59e14dbc-6,0.0,East Anthonymouth,28.93,Returned
2023-10-15,East,Technology,Machines,623.59,9.0,-40.71,Eileen Martinez,230f809b,95c70e3e-f,0.0,South Marissaview,38.95,Cancelled
2023-09-16,West,Office Supplies,Paper,43.64,5.0,3.46,Jason Powell,e8fdeab7,4a500bd1-3,0.3,Rickyberg,13.48,In Transit
2024-12-22,Central,Office Supplies,Labels,686.63,7.0,92.72,Christine Haney,e9448f16,1fb27b9a-3,0.0,New Robert,,Cancelled
2024-01-03,Central,Office Supplies,Paper,572.49,3.0,86.11,Jerry Martin,0c9959cb,b2b0bac9-e,0.0,North Kari,45.32,Delivered
2024-04-12,West,Technology,Phones,475.97,8.0,28.87,Stephen Campos,e34be16d,dc21edfa-2,0.0,Mooreland,15.06,Delivered
2024-09-18,Central,Technology,Phones,,1.0,-0.48,Robert Evans,a6af9ee7,7fd76a29-b,0.0,New Angelica,33.47,Delivered
2023-09-09,West,Furniture,Furnishings,762.17,7.0,162.59,Catherine Collins,93ad8293,f8772a6c-7,0.0,North Michelle,47.83,Delivered
2024-11-15,Central,Technology,Machines,284.31,2.0,,Jeanne Anderson,08c16539,9def460c-6,0.1,Jonesstad,19.96,Cancelled
2022-10-12,Central,Furniture,Bookcases,928.63,10.0,25.98,Joshua Holmes,2afd057a,4d12317a-8,0.1,Michaelburgh,29.24,Delivered
2024-02-01,Central,Furniture,Chairs,338.01,3.0,18.92,Brianna Miller,98bbe98f,b36771b8-d,0.0,Vasquezborough,27.21,Delivered
2025-01-23,West,Furniture,Tables,305.37,7.0,44.56,Gerald Rogers,9539d7cd,c5162f5e-6,0.1,Flemingstad,29.96,Returned
2025-07-02,East,Furniture,Furnishings,258.65,2.0,29.75,Patricia Olson,f1385d8e,172a809f-7,0.0,Stephaniebury,22.12,In Transit
2024-06-24,West,Office Supplies,Labels,843.66,3.0,-144.2,Paul Robinson,dadea56c,1095c2ef-9,0.2,Tiffanymouth,,
2024-01-22,East,Technology,Phones,636.7,8.0,-17.18,Jay Cook,04fd50e8,221718e6-6,0.0,,17.06,Delivered
2024-01-01,West,Technology,Copiers,142.12,1.0,27.09,Veronica Bass,5be0d308,75337fd1-6,0.2,New Shelbyton,32.29,In Transit
2023-09-19,East,Technology,Phones,832.4,5.0,48.32,Brianna Mcdaniel,d7502f27,f0904ccc-6,0.1,Haystown,18.18,Delivered
2025-05-31,Central,Technology,Copiers,903.79,2.0,205.73,Juan Jones,f444d9a1,fd9fb3ed-d,,Savageland,36.84,Delivered
2022-11-16,Central,Technology,Accessories,670.22,,-7.48,Michele Hoffman,73b1ea00,368935db-f,0.2,East Sharon,31.87,Delivered
2025-06-21,Central,Office Supplies,Art,442.27,5.0,,Sarah Smith,dc69e25b,720f3265-1,0.1,Lake Christopher,49.9,Delivered
2023-08-06,Central,Furniture,Bookcases,362.26,8.0,-57.91,Jennifer Bailey,e8d2efb4,0be629db-7,0.2,Bakerstad,30.26,Delivered
2022-11-24,West,Furniture,Bookcases,756.03,9.0,224.15,Rachel Jones,7c068da0,e322e609-a,0.0,Philipfort,47.67,In Transit
2023-05-23,West,Office Supplies,Art,,4.0,90.14,Timothy Patrick,1ac3a346,a3c67b2b-0,0.0,New Christinefort,42.92,Delivered
2023-11-13,South,Office Supplies,Binders,320.06,6.0,-4.47,Alexandra Hall,c35a3d76,d15a0fd7-a,0.0,Barryview,36.76,In Transit
2023-08-20,East,Furniture,Furnishings,882.63,5.0,138.17,Brenda Smith,9d63152c,1ca0209c-a,0.2,South Brandy,38.09,In Transit
2022-11-27,East,Technology,Phones,655.03,8.0,169.03,Eric Johnston,e5486a5d,38c3ccd9-4,0.0,North Wendyland,42.68,Cancelled
2023-12-07,West,Furniture,Furnishings,187.6,2.0,12.33,Christopher Jordan,f992abf4,7ccf1265-0,0.0,New Christopher,26.01,Delivered
2022-09-20,Central,Technology,Phones,50.75,9.0,-1.55,Nathaniel Smith,ffc7c8eb,41bb0419-8,0.0,Danielton,,In Transit
2023-04-01,Central,Furniture,Furnishings,259.25,5.0,-50.91,Marcia Marquez,d74d5c69,cde65385-0,0.2,Port Shaun,39.03,Delivered
2022-07-25,South,Office Supplies,Paper,592.45,9.0,-52.5,Eric Daugherty,49f0d575,50fc3d17-e,0.1,Loveland,29.85,In Transit
2023-02-28,East,Furniture,Furnishings,278.25,9.0,-6.53,Zachary Robertson,8cb3b5c9,90ef2fca-e,0.1,Laurafort,16.14,Delivered
2024-06-20,West,Technology,Accessories,672.8,3.0,75.35,Jonathan Coleman,5b8a3ef4,e3c6313b-7,0.0,North Kimberlychester,48.61,Delivered
2023-08-31,West,Office Supplies,Paper,308.92,10.0,-20.21,Ashley Long,7d992007,717642f7-0,0.1,Lake Aimee,37.05,Returned
2024-11-03,East,Office Supplies,Binders,546.93,9.0,25.77,Mrs. Amanda Adams MD,75da6f72,82705d55-5,0.1,North Jamieview,27.32,Delivered
2025-07-01,West,Office Supplies,Art,988.38,3.0,,Carrie Fernandez,81bd58c0,5ee5c670-4,0.0,Myerston,35.86,Returned
2023-03-28,East,Technology,Copiers,450.73,1.0,,David Welch,6475ee71,d4a69a74-3,0.1,North Oliviashire,24.82,Delivered
2025-06-04,West,Furniture,Furnishings,204.44,,-16.39,Tracy Skinner,f9cb4394,e134a5d5-3,0.1,Grosschester,21.84,In Transit
2023-05-19,Central,Technology,Phones,664.46,9.0,108.86,Jeffrey Morris,18290187,a7a0dcbd-6,0.0,Craighaven,20.33,Delivered
2023-10-08,West,Furniture,Chairs,14.1,2.0,0.43,Patrick Wilson,672658bc,4453127b-c,0.0,North Carlosmouth,41.2,In Transit
2023-06-10,West,Furniture,Tables,526.24,3.0,23.16,Jessica Garcia,3c5f7ee4,24f098ab-f,0.0,Stevenville,35.72,Delivered
2023-08-14,South,Furniture,Bookcases,21.0,5.0,-2.72,Brett Evans,7b126f77,34c7e3c9-1,0.1,Vegaview,45.47,Delivered
2022-10-01,South,Technology,Machines,250.03,4.0,59.11,Erica Bryant,da2c2f7c,2977df0f-c,,Jerrychester,19.05,Delivered
2024-12-02,West,Office Supplies,Binders,84.99,3.0,-3.67,Isaac Evans,59ecadc8,7bf8f844-e,0.2,Ryanfort,15.91,Delivered
2025-07-06,South,Office Supplies,Paper,374.7,10.0,57.29,Tammy Owens,8212adbb,f4a328a9-b,0.2,East Scottstad,32.97,Delivered
2023-06-01,West,Technology,Machines,444.21,9.0,-77.01,Justin Anderson,8c167127,1704ea1a-c,0.1,Anthonyburgh,19.55,Delivered
2023-02-09,South,Furniture,Bookcases,,10.0,23.68,Stacey Benitez,8b0a1739,b53f69de-3,0.0,Huntchester,45.6,Delivered
2023-01-13,South,Office Supplies,Labels,533.57,1.0,-81.19,Laurie Young,6e79543a,bcba57ef-5,0.3,Port Tammyland,14.21,Delivered
2024-02-02,Central,Office Supplies,Paper,997.03,2.0,-143.31,Patricia Ramirez,0b9e7593,e74117c7-7,0.2,East Amanda,16.81,In Transit
2025-07-09,Central,Technology,Copiers,931.73,5.0,46.09,Lauren Ayala,0ae74042,4788dd6c-0,0.2,Jennafurt,17.81,In Transit
2025-07-13,Central,Technology,Machines,404.06,5.0,-51.9,Gary Taylor,aca8fec7,bcecac3a-9,0.0,Lake Lisaview,27.59,Delivered
2023-05-30,West,Technology,Phones,501.69,6.0,-88.16,Susan Anderson,3f90008f,b63eacea-0,0.1,Port Taylorville,13.0,In Transit
2023-02-17,South,Technology,Copiers,,5.0,21.72,Crystal Moreno,452e31bf,b2d56b3f-6,0.2,Williamsfort,36.86,Returned
2024-10-25,West,Technology,Machines,872.9,9.0,-98.86,Mrs. Jessica Ware,6492a298,e40ed24c-f,0.0,New David,7.42,Cancelled
2024-07-20,East,Office Supplies,Paper,975.36,8.0,139.04,Derek Stein,e4243ceb,a259b251-c,0.1,Brittneyland,27.28,Cancelled
2025-01-15,West,Furniture,Chairs,523.36,2.0,84.92,Michael Jensen,d3769e31,02e462f8-3,0.0,Lake Elainechester,48.61,In Transit
2023-04-02,South,Technology,Machines,281.74,6.0,-25.08,Sarah Hayden,03d68c97,1560612d-4,0.0,North Richard,23.06,Cancelled
2022-07-22,West,Technology,Copiers,669.13,6.0,-83.26,Brenda Coleman,5785f977,3e24b837-c,0.0,Finleyburgh,37.65,In Transit
2023-07-21,Central,Technology,Machines,478.4,2.0,84.69,Stephanie Hampton,c7eaeb6e,3fa9bcd8-1,0.2,Jessicaland,23.54,In Transit
2024-05-11,West,Office Supplies,Labels,70.86,1.0,5.58,Richard Johnson,b8297eb6,77f5952e-6,0.0,Johnberg,15.82,Delivered
2022-07-16,South,Office Supplies,Labels,393.81,9.0,54.95,Heather Ball,1ac25af5,1b009dba-b,0.0,Lindabury,24.65,Delivered
2022-12-08,West,Furniture,Furnishings,349.65,10.0,58.03,Kelsey Henry,9fca7afa,bb9482b3-d,0.0,Nelsonbury,23.55,Delivered
2025-03-22,West,Technology,Phones,905.67,6.0,-72.17,Cody Chang,d6a286d1,f50b12b1-a,0.0,Bishopborough,42.36,Delivered
2024-03-16,East,Furniture,Furnishings,310.02,2.0,86.36,Wendy Roberts,dac6a496,1a939e5e-3,0.0,Kristyhaven,23.3,Delivered
2023-08-21,East,Office Supplies,Binders,506.39,1.0,57.63,Joshua Campbell,170240c0,0ca3ce5c-6,0.3,New Joshua,12.05,Delivered
2022-09-28,Central,Furniture,Bookcases,,4.0,190.47,Victoria Logan,de3cde7e,32acdbad-a,0.0,Hopkinstown,48.2,Delivered
2024-08-15,West,Office Supplies,Labels,310.75,,62.27,Emily Moore,8ba68f94,d480529d-c,0.0,South Christopher,28.37,Delivered
2023-01-01,East,Office Supplies,Labels,676.75,10.0,-73.66,Edward Hamilton,fea7b16a,74590d7d-8,0.1,East Mathew,19.6,Delivered
2023-11-05,South,Office Supplies,Labels,679.33,7.0,196.09,Kimberly Morrison,48bc524c,6ccce7f8-0,0.0,Mcgeeberg,30.88,Delivered
2023-09-08,Central,Office Supplies,Art,621.53,10.0,62.36,Ashley Martinez,778c60e6,934a43dd-e,0.1,West Lauraport,31.87,In Transit
2023-10-06,East,Office Supplies,Art,270.67,10.0,55.29,Renee Kaufman,c084652a,78094faa-7,0.2,South Katherinefort,21.8,In Transit
2023-04-29,West,Technology,Copiers,641.22,,-46.73,Courtney Hernandez,8d2a4541,ba1da52b-2,0.1,Richardsonberg,24.03,Delivered
2022-08-15,West,Technology,Machines,557.41,8.0,87.99,John Long,35860ce8,2c355a86-1,0.2,Johnsontown,41.5,
2023-03-06,East,Office Supplies,Binders,91.0,4.0,16.57,Shannon Nichols,56877a97,c7587b42-1,0.1,Robinsonfurt,7.03,In Transit
2023-08-24,West,Technology,Copiers,229.58,10.0,-15.83,James Arroyo,24ae6d02,b8bbe575-0,0.0,Carmentown,39.31,Delivered
2023-05-07,East,Furniture,Chairs,39.94,2.0,-6.82,Diane Sellers,51235df7,325a76ba-c,0.0,Parkerville,29.4,Delivered
2023-08-16,West,Technology,Accessories,82.96,10.0,5.17,Steven Patterson,f684bbd7,e4ea30fb-f,0.0,Lake Robin,41.93,In Transit
2023-05-03,South,Furniture,Tables,468.16,2.0,-91.82,Jerry Arellano,d0058c7e,30870c82-5,0.0,Port Stephanieside,17.66,Returned
2025-04-04,South,Technology,Machines,832.87,4.0,145.74,Mark Tran,2b73f3f1,7f15d984-1,0.2,Thompsonhaven,,Delivered
2023-02-24,West,Technology,Accessories,560.81,1.0,-34.65,Lynn Bryant,bbbe88a1,28714b5a-b,0.1,North Timothy,22.29,Delivered
2025-01-02,East,Furniture,Chairs,802.88,7.0,63.39,Deborah Morgan,ee9d4223,aca9a2b0-0,0.0,Garymouth,33.65,Delivered
2025-07-09,South,Technology,Machines,288.46,9.0,22.07,Courtney Wilson,55f1b227,f2618dc2-f,0.1,New Joseph,21.5,Returned
2022-11-22,West,Furniture,Tables,592.46,9.0,20.84,Heather Kelley,11bf1d7a,b4857a82-c,0.0,Hudsonview,18.68,In Transit
2025-01-18,East,Technology,Copiers,444.74,9.0,-38.22,Patrick Scott,2e08fdf4,ee6ddf48-4,0.0,Wilsonland,49.52,Delivered
2023-02-02,Central,Furniture,Chairs,528.52,1.0,-11.24,Tyler Graham,796fc61a,d12763b7-d,0.2,Daltonfort,20.66,Delivered
2023-06-10,South,Technology,Machines,316.04,1.0,-41.48,Brandi Gilbert,01b1c52b,ad8e3709-f,0.2,Nathanburgh,16.92,Delivered
2022-10-04,East,Office Supplies,Art,314.95,2.0,,Dennis Bradley,401309ba,126da153-4,0.0,Lake Morganstad,19.62,Returned
2022-11-02,Central,Furniture,Bookcases,687.24,1.0,165.06,Elizabeth Martin,65cf2d2a,e4c831f4-8,0.1,New Deborah,7.64,Returned
2023-01-07,West,Technology,Accessories,940.86,7.0,195.13,Ronald Shepherd,433c6d6d,d154a03b-b,0.2,New Roy,37.02,Delivered
2023-02-10,West,Furniture,Bookcases,808.12,7.0,11.57,Andrew Johnson,dee2bcbb,e1cd33d4-2,0.1,Eduardobury,31.48,Delivered
2023-01-24,Central,Technology,Machines,456.43,1.0,-87.01,Miranda Rodgers,d4ef251b,714ab919-7,0.2,West Leslieland,30.29,Delivered
2025-02-16,Central,Office Supplies,Paper,569.73,5.0,-11.0,Jaime Phillips,a0a0b75d,f74bb85d-0,0.0,Parkerville,27.35,Delivered
2025-05-08,East,Furniture,Tables,777.02,7.0,128.88,John Allen,9577736e,a86b2341-3,0.0,West Joseph,43.46,In Transit
2023-07-16,East,Technology,Copiers,986.45,7.0,-101.66,Alisha Warren,73f93e40,1a1ac04e-8,0.2,Travisborough,30.26,Delivered
2022-10-06,South,Technology,Phones,644.56,6.0,44.9,Chase Webb,212fcd92,fff717d0-9,0.0,North Sharon,47.33,Delivered
2025-05-07,South,Furniture,Bookcases,223.36,7.0,44.86,Brian Flynn,21fc9cf4,ad287007-7,0.1,Jonestown,31.59,In Transit
2022-10-15,South,Furniture,Tables,349.87,4.0,-27.22,Andrew Hicks,287a3712,536d86ea-f,0.0,Port Jeromeshire,31.42,Delivered
2023-01-15,East,Technology,Machines,374.29,4.0,83.16,Sarah Williams,dcb39d4b,01eb4f9f-b,0.3,Port Doris,9.66,Delivered
2024-08-22,Central,Office Supplies,Paper,415.72,8.0,3.75,Andrea Collins,7148af04,c9c3a72a-b,0.1,Rickton,19.62,Cancelled
2024-02-17,West,Office Supplies,Binders,984.02,6.0,-58.03,Jerry Jones,509a8d0f,6785f7e5-e,0.1,Port Jenniferton,23.52,Delivered
2023-08-09,Central,Office Supplies,Art,68.63,2.0,11.73,Paula Quinn,2fc6b7a9,b1983797-d,0.0,Olsonside,46.01,Cancelled
2023-11-21,South,Office Supplies,Art,653.16,3.0,158.72,Troy Mitchell,501485b0,8721c486-f,0.1,New Richardberg,48.88,Delivered
2023-01-08,Central,Office Supplies,Paper,67.15,8.0,-1.45,Keith Smith,a23f92f2,31e42ef1-9,0.0,Benjaminport,13.56,Delivered
2024-01-31,South,Technology,Machines,478.93,8.0,130.62,Brittany Frank,c700413a,96531bbf-c,0.2,Port Danielside,30.81,Delivered
2024-09-27,Central,Technology,Machines,368.68,2.0,-69.62,Robert Park,66e37407,dfec7523-c,0.1,North Sharonville,39.48,Delivered
2024-02-29,East,Office Supplies,Binders,481.73,3.0,78.35,Robert Cook,681e8b6f,db322779-3,0.3,Petersenshire,20.71,In Transit
2023-10-08,West,Office Supplies,Labels,235.79,3.0,-29.53,Christopher Maynard,e6b54b08,fae40708-4,0.2,Port Elizabeth,36.32,In Transit
2025-06-08,South,Technology,Copiers,171.48,1.0,-21.64,Karen Lopez,1ee42ffd,eab12434-6,0.0,North Jacquelineside,,In Transit
2024-02-29,Central,Furniture,Bookcases,423.83,3.0,105.07,John Carlson,a7a80063,404791b0-5,0.2,Port Wesley,38.03,In Transit
2024-02-08,East,Furniture,Furnishings,279.2,6.0,70.28,Tyler Robinson,08fc41d3,ba903183-f,0.2,Lake Jessica,15.65,Delivered
2024-05-13,Central,Furniture,Furnishings,792.8,4.0,-8.47,Thomas Hernandez,13c7c638,8e629a20-8,0.1,Lake Melissaview,17.23,Delivered
2023-05-26,Central,Technology,Phones,726.36,10.0,192.22,Mrs. Paula Moyer,e65a5195,1ac29e7a-7,0.0,Smithbury,10.88,In Transit
2024-10-01,Central,Furniture,Furnishings,641.71,8.0,132.46,Kyle Smith,b688759a,2c829c52-8,0.0,Dorseyside,34.61,Delivered
2025-06-26,Central,Furniture,Chairs,782.39,5.0,-130.99,Cheryl Johns,efb0f3c6,ea9e84ff-5,0.1,Angiemouth,24.22,Delivered
2023-01-16,Central,Office Supplies,Art,875.53,8.0,-146.31,Brittany Harper,f11a6038,420fa3ef-3,0.1,Rodneybury,5.47,Delivered
2024-11-27,South,Office Supplies,Binders,812.23,9.0,146.35,Mark Gibson,8d70342a,99186e41-9,0.1,South Kimberly,8.85,In Transit
2023-07-06,West,Furniture,Bookcases,127.3,4.0,17.97,William Mccann,c38e8953,94879dac-b,0.2,East Kimberlyfurt,33.81,
2022-09-30,Central,Technology,Machines,935.41,10.0,172.82,Billy Parks,18402851,65e91e94-4,0.1,East Michaelfurt,35.78,Delivered
2024-02-22,East,Furniture,Chairs,322.7,2.0,-41.04,Mr. Jonathan Murphy,511643b1,1854ceba-5,0.1,Coxburgh,,In Transit
2024-09-02,East,Furniture,Chairs,390.81,3.0,63.57,Russell Jones,2dff43e0,e7b6edfd-d,,Washingtonburgh,47.7,Delivered
2023-05-07,South,Office Supplies,Labels,722.17,7.0,36.83,Cynthia Powell,22f4e344,6ed2c679-f,0.1,Port Derekborough,11.46,Delivered
2023-10-28,West,Office Supplies,Paper,526.18,6.0,-36.7,Samantha Morris,3c86954b,a635ef10-c,0.0,Lawrencemouth,7.78,Delivered
2024-11-16,South,Furniture,Chairs,403.5,5.0,107.06,Melissa Davidson,2d1d91ab,0447557a-f,0.0,Goodshire,27.27,In Transit
2024-12-07,Central,Technology,Phones,703.82,5.0,103.48,Michael Chandler,03a03e9c,bad7f3d4-d,0.2,Port Erin,39.32,Returned
2024-02-07,Central,Furniture,Tables,985.1,3.0,73.9,Penny Obrien,598d2658,164a254b-5,0.0,Natashashire,40.1,Delivered
2023-01-18,South,Furniture,Bookcases,348.75,2.0,13.4,Patricia Acosta,e3742d67,371a3fd4-a,0.1,Richardfurt,45.46,Delivered
2025-01-12,East,Office Supplies,Art,775.81,7.0,4.84,Margaret Cooley,f5fdd078,be39b227-6,0.2,,49.05,Delivered
2025-01-02,West,Office Supplies,Art,999.32,4.0,-86.11,Alicia Torres,0f8037ee,dd9020dd-6,0.0,North Carloston,47.13,In Transit
2025-04-10,East,Office Supplies,Binders,568.12,7.0,122.95,Michael Allison,4d3160af,efa3d296-2,0.2,East Dawn,13.87,Returned
2024-08-12,East,Office Supplies,Binders,229.33,1.0,42.32,Dominique Johnson,a15fecbb,53bf76fe-c,0.1,Jessicahaven,,In Transit
2024-05-17,Central,Technology,Accessories,786.93,7.0,179.76,Alicia Dixon,2329a9a8,27699f38-b,0.3,West Cindy,49.78,Delivered
2025-07-03,South,Technology,Accessories,493.43,5.0,32.48,Kevin Riddle,7f074071,605aef36-a,0.0,,15.93,Cancelled
2025-05-09,East,Technology,Phones,535.9,1.0,155.07,Thomas Hayes,ea9303e8,9586e362-f,0.0,North David,28.84,In Transit
2024-07-10,East,Furniture,Furnishings,915.35,9.0,,Christopher Baxter,ac7a6705,033af1ec-5,0.1,Tonychester,30.4,Delivered
2024-04-23,West,Office Supplies,Labels,113.11,1.0,-4.26,Nathan Williams,7f7fed2a,6e9a548f-6,0.2,Maynardchester,24.71,Delivered
2024-01-14,East,Furniture,Furnishings,896.25,7.0,268.29,Theresa Taylor,6c1ffa68,b38042fa-9,0.1,South Stevenland,42.97,Delivered
2024-10-15,South,Office Supplies,Labels,914.98,2.0,129.37,Angela Nelson,818a4b3f,32b75af2-d,0.1,New Catherinestad,12.4,Cancelled
2025-02-09,East,Technology,Machines,56.34,6.0,7.3,Jimmy Chapman,455fa1a5,f5b0079a-4,0.2,West Kylestad,33.11,In Transit
2025-05-16,East,Technology,Accessories,392.29,3.0,-65.77,Colleen Chapman,9fc47137,170f4fdc-f,0.0,Jacobport,20.84,Delivered
2025-03-24,East,Office Supplies,Paper,506.1,8.0,65.06,Blake Terry,c0f92aad,a3bfad4d-e,0.0,North Kelseystad,24.38,Delivered
2022-07-25,South,Technology,Accessories,,4.0,145.94,Mary Smith,6ba9ec12,c24c0297-3,0.0,Port Yolandafort,17.39,Delivered
2023-05-19,South,Technology,Copiers,833.52,1.0,53.16,Kevin Alvarado,baae8acf,32aa407b-b,,West Franciscomouth,11.37,In Transit
2025-06-14,West,Office Supplies,Paper,908.4,5.0,215.28,Becky Woodward,5159b036,45831c68-3,0.3,Rebeccaville,26.64,Delivered
2023-09-18,Central,Office Supplies,Binders,202.81,2.0,33.45,Shannon Myers,f7c03108,8c7fa079-e,0.2,Jonathanville,45.43,Delivered
2025-01-20,South,Office Supplies,Labels,564.97,5.0,-74.89,Rebecca Odonnell,6022a00a,8bab2a40-e,0.1,Jessicafurt,15.6,In Transit
2023-11-21,East,Office Supplies,Labels,474.54,,-35.02,Krista Burke,b4676d97,10ef51b2-1,0.0,Port Luismouth,45.0,Returned
2024-02-28,Central,Technology,Machines,84.56,10.0,22.14,Theresa Graham,53f05b32,be31ccce-3,0.3,Lake Wesleyview,45.19,Delivered
2024-04-28,West,Technology,Copiers,594.02,1.0,43.32,Ashley Diaz,b33661d3,314b4856-e,0.0,Benjaminbury,24.41,
2024-10-25,East,Technology,Accessories,910.77,8.0,66.81,Eric Fleming,ffd0f096,c4077beb-a,0.0,Taylorport,22.34,Delivered
2024-06-25,Central,Office Supplies,Labels,81.6,5.0,,Steven Taylor,05be3000,a27d8e91-0,0.1,New Michael,29.33,Delivered
2022-08-19,West,Office Supplies,Labels,952.28,3.0,-30.76,Renee Fields,133f46fe,c414f7d2-5,,Emilyton,31.85,Returned
2023-08-03,Central,Office Supplies,Art,371.99,10.0,-3.41,Jason Rose,446036df,1f74cbe3-f,0.0,North Rebeccaside,43.67,Delivered
2022-12-05,West,Furniture,Bookcases,493.86,3.0,-41.34,William Harmon,9c354ac5,5f2f8d37-3,0.0,Johnstonchester,23.64,Cancelled
2024-08-18,West,Furniture,Bookcases,203.02,5.0,-30.62,Jacob Riggs,da866fc3,dd0002a1-a,0.0,South Dianestad,17.51,Delivered
2023-01-22,South,Office Supplies,Paper,887.15,1.0,-102.85,Brendan Wilson,94c1d918,5849616f-4,0.1,South Veronicaberg,25.76,Delivered
2023-01-08,West,Furniture,Bookcases,299.76,1.0,,Amber Curry,060454ee,8b8044f6-d,0.2,West Luis,37.56,Cancelled
2023-05-08,South,Technology,Copiers,212.68,9.0,-25.72,Sheila Thomas,fe7c6614,6bd14b16-e,0.0,New Nicolechester,31.95,Cancelled
2023-06-09,East,Furniture,Bookcases,,7.0,56.58,Michael Lewis,3117d6ea,d7f40a68-d,0.0,Kristenmouth,24.81,In Transit
2024-05-02,West,Office Supplies,Paper,276.51,4.0,-5.03,Mr. Devin Graham,6d574b61,ce6e96d1-4,0.0,New Tracytown,40.87,Delivered
2023-01-07,South,Office Supplies,Binders,682.53,4.0,-121.6,Samantha Smith,5948854c,8df57847-d,0.0,Vasquezside,26.95,Delivered
2024-07-12,West,Office Supplies,Art,204.4,4.0,,Sara Johnson,a7d89e79,cb1417b6-3,0.0,Gibsonfurt,48.77,Delivered
2024-08-07,Central,Office Supplies,Binders,771.1,3.0,-7.54,Ashlee White,b00c7ea0,a2732287-b,0.3,West Josephchester,6.03,In Transit
2025-03-13,East,Office Supplies,Paper,807.9,5.0,-51.79,Thomas Osborn,580424d5,84304d55-b,0.0,Ponceland,37.97,Returned
2025-03-31,Central,Technology,Accessories,,1.0,21.96,Shannon Gibson,5ce26c04,736a223a-f,0.2,Port Jaredport,15.76,Cancelled
2025-04-16,South,Furniture,Chairs,721.68,5.0,42.14,Kimberly Perez,ca615483,4582fa66-c,0.2,New Stevenport,13.41,Delivered
2025-05-30,Central,Office Supplies,Binders,,3.0,-45.65,John Pierce,130872f6,2e1238ff-2,,Andrewsberg,41.63,Delivered
2024-07-27,East,Technology,Machines,27.29,10.0,-2.67,Clifford Carney,7f064fde,41852c5e-9,0.0,South Anastad,40.33,Delivered
2023-12-18,Central,Office Supplies,Art,820.98,10.0,-143.07,James Lowe,e205fa36,a2666563-c,0.1,Michaelborough,13.9,Delivered
2025-07-12,South,Office Supplies,Art,876.67,2.0,-24.6,Lauren Caldwell,27587440,2768a672-3,0.2,Barbaraland,,In Transit
2023-10-04,South,Technology,Copiers,549.55,8.0,-61.97,James Cooper,4eada137,3c37abd3-f,0.1,North Judith,21.57,Delivered
2023-12-03,South,Furniture,Tables,455.77,7.0,121.75,Brandon Perry,818955e4,2a2145a7-d,0.0,Jasonton,40.6,In Transit
2024-08-18,West,Technology,Copiers,794.67,6.0,5.75,Mary Campbell,75927e42,d61a6ae4-e,0.0,North Nicholasborough,49.74,Delivered
2023-09-03,East,Technology,Accessories,511.64,1.0,123.39,Brandy Lynn,2d80fde3,e7172a19-a,0.3,Thompsonfort,28.55,In Transit
2025-06-17,East,Office Supplies,Binders,773.32,1.0,99.36,Dana Carlson,6a8dc13e,5ad2a91f-5,0.0,East Travisfort,9.28,Delivered
2025-06-05,South,Technology,Phones,151.43,9.0,36.92,Jessica Mathews,67460834,1d6d7b46-4,0.2,West Maryhaven,17.63,Cancelled
2025-02-23,Central,Technology,Phones,366.73,10.0,-55.87,Drew Miller,7e048208,d6125374-c,0.2,Rachelborough,23.09,Delivered
2024-05-23,East,Office Supplies,Art,770.99,10.0,-105.61,Joshua Brown,2c876777,995fa8ea-8,0.0,Port Angela,23.84,Delivered
2024-09-09,South,Furniture,Furnishings,406.59,2.0,,Christopher Jones,f18298df,5244fe85-1,0.1,Willisfort,32.99,Delivered
2024-06-27,Central,Technology,Phones,421.42,5.0,15.83,Daniel Humphrey,743a6242,38b50df0-a,0.2,Westchester,47.13,Delivered
2023-07-25,West,Office Supplies,Art,965.79,7.0,,Bobby Hanson,5e956a0d,37df10a3-6,0.3,Walkerberg,24.35,In Transit
2022-10-28,Central,Furniture,Furnishings,743.38,7.0,93.03,Dr. John Cherry,6e560ec7,634ddc64-7,0.0,Port Matthewbury,47.27,Cancelled
2025-05-18,East,Office Supplies,Paper,830.25,10.0,149.82,Zachary Perry,7ed454be,28619184-d,0.0,Amandaville,16.27,Delivered
2024-04-19,East,Technology,Machines,235.34,3.0,-28.6,Connor Leblanc,c443e776,1db21838-4,0.0,Mollychester,39.42,Cancelled
2025-02-13,Central,Office Supplies,Art,377.66,8.0,-47.74,Travis Burns,249e5b92,bc3dad27-3,0.2,New Amandaland,10.63,Delivered
2024-03-03,West,Technology,Machines,980.26,10.0,283.6,Shannon Bryant,99ab9e34,52488a3a-c,0.0,Christinemouth,13.61,Delivered
2024-06-12,East,Technology,Machines,241.82,8.0,62.74,Stephanie Garza,c63e0cf1,5144876f-d,0.0,New Susan,37.34,Delivered
2025-05-25,West,Office Supplies,Art,590.02,1.0,3.75,Justin Yu,2ef6b5d3,654d73bf-0,0.0,Parkertown,33.35,Cancelled
2024-12-20,Central,Office Supplies,Art,307.9,8.0,-43.22,Russell Cox,341fe2d3,cd5bd45b-c,0.1,Williamschester,6.02,In Transit
2025-02-09,Central,Office Supplies,Paper,138.87,,10.73,Michael Lyons,49d7c2b3,3fc3aaa8-c,0.0,Hendersonside,48.05,Delivered
2024-01-08,East,Technology,Machines,777.34,10.0,-79.37,Joyce Copeland,1552d856,67ad1210-4,0.3,Michaelhaven,28.67,Delivered
2025-04-12,East,Furniture,Bookcases,744.33,8.0,-102.81,Christopher King DDS,5d1b6a99,45a46c09-7,0.2,Flemingmouth,29.54,In Transit
2023-04-12,East,Furniture,Tables,853.42,6.0,89.48,Mike James,bfccccbd,a144b7f0-0,0.1,East Cheyenne,11.65,Delivered
2023-11-05,South,Technology,Accessories,998.63,3.0,-195.13,Jennifer Valdez,84322a8d,1079c272-7,0.0,Port Vanessa,30.48,Delivered
2025-03-11,East,Furniture,Tables,,2.0,-73.7,Edward Johnson,73475d19,c45d088c-f,0.2,Brandonmouth,43.62,Delivered
2022-08-14,South,Technology,Accessories,,4.0,56.34,David Miller,a32a1f8f,dbf062bf-e,0.0,Coreybury,49.87,Delivered
2024-09-06,East,Office Supplies,Labels,607.39,10.0,17.41,Ronald Welch,3f77ed88,b5256782-0,0.1,Salazarhaven,39.74,Delivered
2023-12-26,Central,Office Supplies,Art,244.43,6.0,23.63,Andrew Wiggins,f72f91cf,18cb0111-a,0.0,Port Barbaramouth,13.78,Delivered
2022-08-12,South,Furniture,Tables,459.54,8.0,,Phillip Maxwell,261d1098,c83e231e-3,0.0,West Jenniferport,12.24,Delivered
2023-11-30,Central,Technology,Accessories,536.24,8.0,54.2,Thomas Simmons,ad26dd7a,5cd5bcf1-f,0.0,Elizabethville,21.21,Cancelled
2025-02-03,Central,Office Supplies,Binders,759.38,9.0,7.68,Kevin Hart,f633754a,c2c556dc-6,0.0,Lake Carlyshire,42.76,Delivered
2023-03-21,West,Furniture,Tables,63.75,,-6.88,Cindy Cortez,87ddc0b7,89348aca-8,0.0,South Timothy,40.81,Delivered
2022-11-05,South,Furniture,Furnishings,,10.0,29.71,Robert Mercado,d4cd74fb,caa2659e-1,0.0,Kimberg,22.15,In Transit
2022-08-24,South,Office Supplies,Binders,840.48,2.0,193.09,Amanda Ramirez,a46a46c6,49311b4f-0,0.3,Nicholasville,33.49,Delivered
2022-11-29,West,Office Supplies,Binders,840.99,2.0,-81.7,Joseph James,758264b3,8fde6fe7-d,0.3,South Gregory,27.19,Delivered
2023-02-19,East,Technology,Machines,502.46,3.0,139.35,Michael Sutton,dd79344d,0031942d-2,0.1,Michellefurt,24.36,Delivered
2023-09-26,South,Technology,Machines,993.99,,231.97,Dana Douglas,8e7db25b,82dcd162-2,0.0,South Donald,39.42,Delivered
2023-11-14,South,Technology,Accessories,817.77,7.0,-77.22,Shannon Miller,04d7b10c,e309c230-8,0.3,East Sandra,11.3,Returned
2024-12-12,West,Furniture,Bookcases,965.59,1.0,224.93,Aaron Johnson,f95ab263,37c18df1-8,0.0,Lake Williamton,12.99,Cancelled
2023-10-06,South,Furniture,Furnishings,33.9,1.0,-5.56,Elizabeth Hardy,974eb982,e4797531-7,0.0,East Amandamouth,29.23,Delivered
2025-03-13,Central,Technology,Machines,550.29,,101.4,Stephen Jones,3abf4ee1,ac0c5b2b-5,0.0,Jaytown,22.69,Cancelled
2023-05-11,West,Office Supplies,Art,512.13,6.0,115.52,Vicki Haas,bfbf1928,1b821290-c,0.2,Lake Christopherfurt,24.24,In Transit
2023-11-16,Central,Furniture,Chairs,899.05,2.0,203.77,Brianna Cantu,107e666c,db249e33-9,0.1,Clarkborough,34.02,Delivered
2024-02-15,Central,Office Supplies,Art,702.37,7.0,122.52,Joshua Miller,15355923,466997fa-c,0.0,New Kelly,48.0,Returned
2024-07-14,East,Technology,Accessories,654.05,8.0,-8.19,Becky Barron,d4e0999b,6b1dee40-7,0.0,South Tamara,20.05,In Transit
2023-02-15,South,Office Supplies,Art,490.93,1.0,145.97,Melissa Rhodes,8708ae0f,3458a5dc-2,0.0,Port Lucas,38.59,Cancelled
2023-12-31,West,Office Supplies,Paper,414.96,4.0,37.78,Donna Gonzales,4bdc6b99,c24bc52c-7,0.2,Owenport,46.58,Cancelled
2022-10-01,West,Technology,Accessories,,1.0,-37.94,Theresa Shields,eef2b972,637325cb-d,0.0,Tylerfurt,44.3,Returned
2024-06-25,West,Office Supplies,Art,81.58,9.0,13.26,Kenneth Davis,a224d81d,c5ec5942-e,0.0,Johnstonborough,39.14,Delivered
2023-09-10,Central,Furniture,Tables,847.21,8.0,-65.48,Alex Strong,af9c2704,65827679-1,0.0,East Christine,25.02,Returned
2023-02-18,West,Office Supplies,Art,213.75,1.0,40.81,Brenda Lee,8b5581d1,82179305-d,0.1,New Loganport,35.94,In Transit
2023-06-25,East,Technology,Phones,205.08,2.0,29.68,Jesse Carter,72a6c5d7,b33d6495-3,0.1,Hernandezborough,28.81,In Transit
2025-05-23,South,Office Supplies,Art,634.62,7.0,125.29,Michael Gallegos,a9861395,7e55637c-e,0.2,Karenchester,30.89,Delivered
2024-03-14,West,Office Supplies,Paper,288.67,10.0,45.46,Rachel Miranda,c44d0b98,7dbbba06-2,0.1,Petersonland,27.67,Delivered
2022-11-25,East,Technology,Accessories,329.96,6.0,77.55,Thomas Cole,acd08a5d,9cd935f4-6,0.1,Robinsonchester,32.66,Cancelled
2022-08-28,West,Office Supplies,Art,116.38,8.0,4.03,Janet Kramer,3660e22b,f1a38ada-4,0.2,North Nathan,45.41,Delivered
2023-08-13,South,Office Supplies,Binders,222.43,6.0,-21.21,William Clark,19756b55,703c9f5c-4,0.0,Selenamouth,6.02,Delivered
2024-08-29,Central,Office Supplies,Binders,354.56,3.0,57.38,James Jordan,228136f7,f42603c6-d,0.0,Port Eric,35.78,Delivered
2023-04-25,West,Furniture,Bookcases,511.28,2.0,,Amy Benjamin PhD,29ea4b5c,04df36da-4,0.2,West Marcusberg,34.09,In Transit
2024-06-25,West,Technology,Copiers,592.27,7.0,124.95,Mark Hart,4e8fcd17,7275c247-a,0.1,Mitchellview,13.43,Delivered
2022-12-17,South,Furniture,Tables,454.96,2.0,-66.6,Kyle Campbell,fc8b33c4,aba5ff3a-2,0.0,Matthewmouth,18.76,Delivered
2022-11-11,East,Technology,Accessories,479.94,7.0,87.96,Tammie Douglas,87543e18,cf9f5ec1-f,0.0,West Christopherchester,31.52,Delivered
2024-12-17,South,Furniture,Chairs,40.56,7.0,,John Nguyen,4ae4a2f2,c143ab5b-8,0.0,Williambury,28.55,Delivered
2024-09-23,Central,Technology,Copiers,555.07,2.0,7.66,Cory Maldonado,6b65046b,5d3ed078-0,0.0,Denisetown,48.5,In Transit
2022-08-17,West,Office Supplies,Paper,6.17,5.0,1.83,Andrea Swanson,fd7ed65c,6dafa454-1,0.0,New Arthurbury,20.57,Delivered
2025-02-22,East,Technology,Phones,36.71,10.0,1.14,Andrea Anderson,89ffcaff,2da9b4f4-c,0.1,Camposmouth,36.77,Delivered
2023-08-24,South,Office Supplies,Art,84.97,9.0,-1.58,Raymond Owens,a6acb074,1230a474-7,0.0,Clintonshire,10.2,In Transit
2024-12-24,West,Furniture,Furnishings,53.76,3.0,10.51,Jay Brennan,98573d48,da3b0047-1,0.0,West Wayneburgh,41.71,Cancelled
2024-05-20,East,Furniture,Tables,160.04,10.0,-12.7,Jessica Chambers,b414d895,cd2f675c-1,0.1,West Markchester,31.4,Delivered
2022-07-27,East,Technology,Phones,195.83,10.0,37.28,Susan White,97d59e0f,f9c71a84-d,0.1,South Erika,32.86,Delivered
2025-03-14,East,Furniture,Bookcases,243.12,7.0,56.89,Craig Miller,ab8de2bf,e6e8bfae-c,0.0,Port William,23.74,In Transit
2023-12-27,West,Technology,Accessories,786.89,5.0,-28.51,James Benjamin,34367f32,1bb992f0-c,0.0,Hayesside,16.8,Delivered
2023-08-21,South,Office Supplies,Art,13.65,3.0,-0.57,Tonya Lawson,076d45fd,8d58ff31-b,,Christinefort,16.58,Delivered
2024-12-06,West,Technology,Machines,251.81,9.0,37.29,Dale Wright,1d43786d,a7375986-3,0.2,Ramirezburgh,22.5,Returned
2022-12-06,West,Technology,Copiers,300.59,4.0,51.13,Joshua Wright,8e1a9629,1590b34a-2,0.2,Mitchellchester,26.15,In Transit
2023-10-01,South,Furniture,Tables,53.26,7.0,-3.91,Laura Armstrong,2f14edaa,0a6e0ba7-0,0.1,Port Waynefurt,11.68,Delivered
2025-05-25,Central,Technology,Accessories,577.07,1.0,63.02,Rachael Perez,2fc33357,12c95a15-e,0.0,Jacksonshire,43.75,Delivered
2025-01-25,South,Technology,Phones,162.35,2.0,45.93,Brian Powell,7785b0ed,cb6a2b73-6,0.1,Port Marcburgh,39.84,In Transit
2023-04-12,South,Furniture,Furnishings,548.89,8.0,-53.19,Jennifer Garner,13914164,44a54816-a,0.0,Suarezchester,31.77,Delivered
2025-06-23,West,Technology,Accessories,503.25,1.0,-78.32,Kenneth Mack,b0ada813,7cce41fc-f,0.0,Mckeeton,,Delivered
2024-10-21,West,Furniture,Furnishings,271.7,1.0,-2.91,Michelle Bullock,976b0e20,b5717492-2,0.2,Andersonville,9.57,Delivered
2023-05-29,East,Furniture,Furnishings,,8.0,39.77,Isaac Smith,8414a585,cf29fbbd-9,0.0,Mcdanielport,49.18,In Transit
2023-01-24,East,Office Supplies,Art,839.61,10.0,137.23,Curtis Benjamin,fb152c24,268c30f8-7,0.1,Copelandmouth,47.35,Cancelled
2023-07-09,West,Office Supplies,Binders,917.19,10.0,152.95,Phillip Miller,9244a29c,8e79acab-0,0.3,Bakerfort,,Delivered
2022-07-24,East,Furniture,Chairs,387.44,5.0,14.46,Meghan Williams,e8b35640,3a19751d-e,0.0,South Keithbury,19.77,Cancelled
2025-03-19,West,Technology,Accessories,477.18,5.0,-15.61,Tammy Rodriguez,9d9b7199,4f58442f-2,0.2,North Abigail,46.01,Delivered
2023-06-28,East,Technology,Copiers,271.9,7.0,52.3,Erik Johnson,4cf890b2,029a5041-4,0.0,Harrishaven,38.9,In Transit
2025-05-30,West,Office Supplies,Labels,608.49,6.0,-56.89,Danielle Warner,d0627dce,9fde5b02-1,0.0,East Kristachester,27.2,Delivered
2025-04-26,West,Furniture,Furnishings,623.03,4.0,69.92,Catherine Brown,38113fdb,d181c284-3,0.0,Port Robertland,9.49,Returned
2024-05-09,East,Office Supplies,Labels,413.54,9.0,93.24,Michelle Lopez,dfda2304,9abb1bd8-9,0.1,East Harold,33.98,Cancelled
2024-08-27,Central,Furniture,Bookcases,293.19,5.0,56.5,Christopher Burke,d1d5ed7b,411179a9-6,0.1,East Ronald,36.54,Delivered
2023-07-21,South,Technology,Copiers,637.85,3.0,42.16,Douglas Bradley MD,692c8709,63d9d8f8-3,0.2,North Chad,34.9,Delivered
2023-02-24,South,Technology,Accessories,95.74,8.0,27.09,Daniel Smith,a6d0c8c2,632d3b05-9,0.0,Archerville,38.04,Delivered
2024-09-15,South,Furniture,Tables,965.66,2.0,-101.29,Catherine Gomez,93a5b904,eb5dd5e9-1,0.0,Laurenport,5.55,Delivered
2022-11-22,East,Technology,Copiers,5.28,7.0,1.11,Kevin Rivera,48a67ccd,f9bedb24-c,0.0,New Cynthiamouth,10.7,Delivered
2024-06-04,East,Office Supplies,Paper,845.33,4.0,-158.83,Christopher Brown,716e9154,394d2fd6-4,0.2,Michaelberg,32.39,Delivered
2023-11-04,East,Furniture,Chairs,542.19,2.0,-45.53,Eric Johnson,0e2b37e6,9f7e7c64-5,0.0,Dianaside,43.06,In Transit
2023-03-21,Central,Furniture,Chairs,924.9,5.0,192.9,Joan Graham,a9e30a7c,8982c10f-7,0.0,West Jonathan,21.89,In Transit
2025-06-22,Central,Technology,Accessories,,10.0,24.93,Matthew Richardson,6da373d0,df5897a4-e,0.0,Dianeview,40.41,In Transit
2025-04-15,Central,Technology,Phones,406.64,1.0,-59.63,Sandra Jones,eef28f2c,0e783c38-a,0.0,East Matthew,42.28,Delivered
2024-01-11,South,Furniture,Bookcases,,10.0,10.91,Rachel Wade,15b8c006,999fb65e-4,0.0,Garciamouth,36.39,Delivered
2024-09-22,Central,Office Supplies,Paper,298.08,10.0,-22.89,Ian Ashley,808e1c42,8b2b5eb3-e,0.0,Gilbertmouth,29.34,Delivered
2024-03-16,West,Office Supplies,Art,249.49,3.0,-17.34,Kathryn Fuller,60ead4e0,d9c4bc68-a,0.0,Trevorchester,18.18,Delivered
2025-05-05,Central,Furniture,Chairs,726.08,8.0,14.96,Christopher Richardson,b816cc95,49c186f6-2,0.0,Lake Roberto,38.02,Cancelled
2024-12-11,East,Furniture,Chairs,916.38,10.0,44.24,Kayla Brown,25a3e7ac,3fed7fe7-3,0.1,Cunninghamhaven,44.05,Delivered
2025-01-01,East,Furniture,Bookcases,732.81,2.0,216.36,Joshua Cook,53577abd,86c8f4b1-1,0.2,Schultzton,11.08,Cancelled
2023-05-29,Central,Furniture,Chairs,267.13,5.0,59.23,Penny Johnson,596a7ca4,f037c39b-8,0.2,Martinshire,49.93,Delivered
2025-05-25,South,Technology,Copiers,233.92,9.0,,Elizabeth Harvey,014db397,ed2eaf98-8,0.0,North Marymouth,7.83,Cancelled
2023-08-20,South,Furniture,Furnishings,599.81,7.0,-17.6,Betty Mason,0374f35e,d537ab42-2,0.0,Port Rhonda,8.64,Delivered
2025-01-05,West,Technology,Machines,777.22,3.0,30.83,Martin Lee,8f5eb4dd,bcda6369-3,0.0,Alexisfort,18.11,Returned
2022-11-19,West,Technology,Phones,164.47,4.0,36.87,Robert Gross,7e8aa6f6,618dc9f5-7,0.2,South Alexandra,34.96,Delivered
2023-11-22,Central,Furniture,Chairs,231.26,9.0,0.67,Angela Shepard,75caa723,3b4c24e9-2,0.0,Perkinsville,36.12,Returned
2023-06-02,West,Technology,Machines,,3.0,22.8,Anne Wolfe,5b71cbce,e0d72503-a,0.3,North Gregoryside,18.3,Delivered
2024-01-31,Central,Furniture,Chairs,20.81,8.0,1.32,Jessica Maxwell,27da74d8,c8a579d2-e,0.1,New Angelabury,35.5,In Transit
2022-08-29,South,Furniture,Bookcases,786.93,7.0,0.84,Alexandra Henry,d63f6a30,df14fe70-2,0.0,Lake Richard,16.78,Delivered
2022-08-22,Central,Office Supplies,Paper,849.65,1.0,241.13,Matthew White,32d923ac,12303550-7,0.1,Cantumouth,37.18,Cancelled
2022-11-10,East,Technology,Phones,762.9,9.0,25.96,Debra Prince,5d87a4ec,3560c840-f,0.0,West Kevinland,35.78,Delivered
2024-02-19,Central,Furniture,Bookcases,758.78,3.0,177.21,Martin Larson,7fbda41f,c3add90e-f,0.2,Dillonmouth,23.76,Delivered
2025-02-03,South,Furniture,Furnishings,750.75,1.0,-55.99,Justin Moreno,8530eb4b,68ded20f-2,0.2,South Joanburgh,39.27,In Transit
2024-10-25,East,Office Supplies,Art,882.17,5.0,164.54,Mr. Shawn Day,2c9eb557,90fa4f1c-2,0.1,North Stephenfurt,13.21,Delivered
2025-03-12,West,Technology,Machines,283.21,2.0,27.78,Heather Klein,11f05458,0620a5cb-6,0.0,East Erin,30.04,Cancelled
2024-03-03,South,Technology,Accessories,864.19,4.0,-96.43,Kim Castro,55f226ad,12ecf695-a,0.1,West Daniel,9.44,In Transit
2023-11-08,East,Furniture,Chairs,798.78,1.0,42.42,Kimberly White,f89574c4,958fcad2-9,0.0,Wallacechester,48.54,Cancelled
2023-09-30,East,Office Supplies,Art,834.87,2.0,-6.24,Joseph Lowery,c5a5b08b,9b78723c-a,0.0,Morrisonfort,14.21,Delivered
2024-02-24,West,Office Supplies,Art,,,288.78,Amber Fernandez,398270d3,28949c3e-7,0.0,Lake Roberthaven,33.84,Delivered
2022-10-11,Central,Furniture,Tables,102.38,10.0,16.9,Steven Ryan DVM,769b6d35,10fb5aed-1,0.0,Robbinstown,37.57,Cancelled
2023-12-28,West,Furniture,Bookcases,123.35,7.0,-1.46,Lisa Jones,bd24ebcd,eb424785-e,0.1,East Jeffrey,48.14,Delivered
2023-11-29,South,Office Supplies,Art,639.72,6.0,-82.43,Carol Hall,398badfa,19e05aad-6,0.0,North Julian,20.29,Delivered
2024-10-03,Central,Furniture,Bookcases,567.24,5.0,10.87,Ian Gray,2926d56a,9cfd3ce0-3,0.0,Simsberg,15.22,Cancelled
2024-08-14,Central,Technology,Phones,244.07,8.0,48.33,Jamie Farrell,b35652d1,571edd61-3,0.0,Abigailville,19.86,In Transit
2022-09-07,East,Technology,Phones,784.9,2.0,-65.55,Jean Arroyo,ac0510d3,d2cd6237-6,0.0,South Katherine,39.61,Cancelled
2024-06-24,West,Technology,Phones,902.81,5.0,195.44,Donald Nichols,68f6ac7f,4eab69b1-4,0.0,West Heidi,37.34,Delivered
2025-07-01,East,Office Supplies,Paper,563.88,10.0,-34.83,Jonathan Wang,33ead174,fce6c824-8,0.1,Laurenstad,37.41,Cancelled
2025-06-24,West,Technology,Accessories,37.11,1.0,2.01,Logan Oconnor,715bd0f8,b76b8501-b,0.3,Lake Ianport,11.85,In Transit
2023-01-02,East,Furniture,Bookcases,202.32,10.0,,Oscar Madden,240d93fa,29ee4448-e,0.0,East Suzanne,38.49,Delivered
2024-12-06,Central,Technology,Phones,126.77,,-7.65,Alicia Deleon,a24f7f71,d8da1495-e,0.1,West Michaelbury,27.67,Delivered
2024-12-26,South,Office Supplies,Labels,518.19,10.0,,Renee Garcia,a5ac865b,26e3692e-0,0.1,Erikabury,47.64,Returned
2024-01-01,West,Furniture,Chairs,932.74,1.0,254.19,Jenna Gutierrez,3951cd99,65d08a00-d,0.0,North Anthonyberg,,Delivered
2023-09-22,Central,Furniture,Bookcases,395.61,10.0,,John Mccullough,2a18dc60,b7913be9-0,0.0,Steventon,38.16,In Transit
2024-03-15,South,Furniture,Furnishings,400.25,4.0,-18.46,Timothy Hansen,0fdfb196,bef2ecac-d,0.2,Port Shellymouth,46.74,Delivered
2022-08-05,South,Technology,Machines,19.08,3.0,-1.39,Rick Parker,317ef4e3,96c72ad2-1,0.1,Cynthiaburgh,5.43,Delivered
2022-09-12,West,Furniture,Furnishings,774.63,4.0,-145.72,Rebecca Castro,43e6eb17,ff8d8977-3,0.3,Foleyborough,7.74,Delivered
2024-02-28,Central,Technology,Machines,304.42,10.0,-33.43,Jack Barron,c1ce06d6,d3fbb587-d,0.0,Port John,29.88,Cancelled
2022-10-10,Central,Furniture,Chairs,354.92,3.0,-44.75,Timothy Daniel,3f2eb724,bf961fbf-8,0.0,South Jeremyborough,23.89,Delivered
2024-09-27,West,Technology,Phones,169.91,8.0,46.72,Jessica Ferrell,fa0b4124,140f9bf6-1,0.2,Jonesstad,6.37,Delivered
2023-01-15,East,Technology,Machines,229.93,6.0,54.54,Randall Rivera,0ca230e3,ceb754ba-f,0.3,South Shawnberg,40.89,In Transit
2023-11-13,East,Furniture,Tables,47.38,,10.0,Rhonda Cruz,ebe545f9,464d1b96-b,0.0,Jamesmouth,6.01,Delivered
2024-11-20,East,Office Supplies,Paper,879.26,5.0,18.36,Allison Garcia,309b1e1f,bb726d85-f,0.0,West Davidview,36.26,Delivered
2023-01-13,Central,Furniture,Tables,825.91,2.0,-43.21,Christopher Gray,fc483128,26776cc0-d,0.1,East Marcbury,32.14,Delivered
2022-10-05,East,Furniture,Tables,223.81,5.0,9.22,Seth Tyler,25b6d37a,e8871e4a-f,0.1,New Eileenview,23.71,Delivered
2023-01-17,Central,Office Supplies,Labels,642.67,5.0,-117.16,Sarah Porter,452e5103,8877d6f3-e,0.3,North Kelli,49.49,Delivered
2023-08-29,Central,Office Supplies,Labels,180.31,5.0,24.22,Barbara Barnes,a0a3a836,046d52cd-5,0.3,North Mary,7.08,Delivered
2024-12-05,West,Office Supplies,Binders,566.73,8.0,-60.67,William Jones,d86bf211,88f6429b-f,0.1,Jenniferview,39.26,Delivered
2024-05-28,East,Technology,Copiers,16.26,7.0,4.16,Andrew Lane,e1e9c53f,38218923-b,0.0,Parsonsside,15.75,Delivered
2025-06-10,Central,Office Supplies,Paper,435.69,1.0,106.77,Christopher Watson,6b38f226,25f308b3-9,0.2,Marquezfort,40.83,In Transit
2025-05-17,Central,Technology,Machines,692.04,4.0,-53.21,Christopher Davis,a21a55dc,c0a9399b-5,0.2,Adamfort,18.43,Delivered
2023-07-20,Central,Office Supplies,Binders,678.6,7.0,176.82,David Gonzalez,2b193353,9b019a65-7,0.2,West George,27.83,Delivered
2024-04-09,West,Office Supplies,Binders,706.52,3.0,51.81,Amber Mcneil,419c3652,91400de0-7,,New Philipfurt,43.23,Delivered
2024-06-17,West,Furniture,Tables,756.23,9.0,-101.82,Mark Brooks,32aae9e4,a50893bd-a,0.0,Port Laurie,28.42,Delivered
2024-12-06,West,Technology,Machines,747.87,7.0,-88.28,Eric Garcia,554a3b3e,d7815bb3-a,0.0,Olsonborough,36.49,In Transit
2025-06-19,East,Office Supplies,Art,916.12,10.0,273.23,Michael Richardson,b8bc6cbe,8905ab24-8,0.0,Port Melissaland,38.36,In Transit
2025-03-29,Central,Office Supplies,Art,319.94,2.0,10.18,David Perez,64a6f994,1a1fd1c9-8,0.1,West Rebeccashire,38.38,Cancelled
2025-05-04,South,Furniture,Bookcases,376.1,3.0,85.54,Amanda Cherry,f0b5921c,2f4fcb0f-9,0.3,Port Willie,12.36,In Transit
2024-07-07,East,Office Supplies,Paper,345.04,1.0,-26.96,Brooke Thomas,660bbba1,f5bb866f-7,0.0,Port Megan,46.04,Returned
2023-10-14,West,Technology,Copiers,829.93,9.0,52.37,Donna Jones,1a07fd80,7d742866-c,0.0,Scottport,17.77,Returned
2024-04-23,Central,Technology,Phones,,2.0,5.15,Peter Mcdonald,29dde6cc,a7ebb530-7,0.2,North Theresa,6.58,Delivered
2024-07-03,Central,Furniture,Chairs,853.98,8.0,-16.26,Marisa Galvan,81faa72c,1be07dd9-d,0.0,Jacksonborough,14.16,Delivered
2024-11-23,East,Office Supplies,Binders,346.64,9.0,-44.45,Melissa Rogers,765b483e,c6235e85-3,0.3,Dillonfurt,,Delivered
2023-10-23,South,Technology,Phones,380.68,6.0,30.58,Lance Hester,9301208e,26b1017b-3,0.2,Lake John,27.32,Delivered
2023-01-14,South,Technology,Machines,459.74,10.0,10.83,Jason Norton,6b9fece3,7d0b632d-b,0.0,Patriciamouth,6.94,Delivered
2023-11-30,Central,Furniture,Furnishings,751.39,8.0,220.35,Mary Sanchez,f3b0ae79,1c685a2d-9,0.0,Kevinshire,46.95,Cancelled
2025-01-30,West,Technology,Copiers,187.66,4.0,-33.85,Gail Garner,b4d13762,4ca0e5b8-0,0.1,Christopherfurt,,In Transit
2023-02-01,Central,Furniture,Bookcases,20.05,6.0,-0.06,Susan Wright,06be12a0,ea86ae0c-3,0.0,South Barbaramouth,19.06,Delivered
2023-10-12,Central,Office Supplies,Binders,759.68,10.0,114.63,Kristen Shaffer,435acc3c,2c50b34a-2,0.1,Johnsonside,,Delivered
2023-04-05,South,Technology,Machines,516.03,2.0,114.83,Michael Walker,f03e5b90,16d408ed-4,0.1,Melvinborough,7.97,In Transit
2023-08-29,West,Furniture,Furnishings,746.06,8.0,111.65,Jason Maddox,a4f67730,8e3e69d8-3,0.0,East Laura,44.4,Cancelled
2023-04-06,Central,Office Supplies,Paper,675.87,1.0,86.47,Warren Orozco,44a83257,a3bb5828-e,0.1,Matthewmouth,32.71,In Transit
2024-09-03,West,Furniture,Chairs,128.88,3.0,31.21,Mike Potter,3dc24ec3,047a2cdb-6,0.0,West Tonya,18.17,Delivered
2023-03-30,East,Furniture,Bookcases,97.8,6.0,-4.19,Lindsey Gallegos,e638ffd3,6f473e96-e,0.3,,11.25,Delivered
2025-03-27,East,Furniture,Furnishings,178.12,8.0,5.05,Cindy Lane,f67f8288,d268aa38-6,,Schultztown,31.73,In Transit
2023-02-16,Central,Furniture,Bookcases,161.27,4.0,-13.16,Benjamin Reyes,690d2556,56588edd-d,0.3,Austinton,20.62,Delivered
2023-01-28,East,Office Supplies,Binders,159.15,3.0,-20.54,Morgan Tucker,fcfc47ff,b1d13014-4,0.2,Karenmouth,46.18,Delivered
2023-12-17,Central,Office Supplies,Labels,47.71,3.0,3.91,Christine Anderson,353e72f6,e3e7844e-f,0.1,Leefurt,33.33,Delivered
2024-04-26,South,Furniture,Chairs,219.66,2.0,14.94,Ronald Hobbs,090d38dd,8b5402b9-d,0.1,North Ernestchester,36.63,Delivered
2024-02-20,Central,Furniture,Tables,779.41,8.0,194.14,Andrea Moore,7a803513,fbf33d3d-6,0.1,Henryview,32.89,Delivered
2024-01-10,West,Technology,Copiers,831.07,8.0,-44.03,Angela Cisneros,83be2e2b,77b78102-a,0.1,Lisatown,35.07,In Transit
2023-11-24,South,Technology,Phones,,5.0,36.21,John Reyes,04d41f2f,2a814ffd-f,0.1,Port Rickystad,48.24,In Transit
2024-08-31,East,Office Supplies,Paper,419.96,,120.74,Melissa Steele,f4244037,61da6f18-f,0.3,Suzanneview,9.62,Delivered
2022-10-23,West,Technology,Phones,40.23,10.0,-0.37,Brandon Gaines,460999c6,337d2a7c-1,0.2,Tuckerton,10.34,In Transit
2022-11-09,South,Technology,Phones,244.89,1.0,-17.52,Ellen Thomas PhD,92194f11,fa6ae99b-b,0.3,Tracyshire,48.91,Delivered
2022-12-09,West,Technology,Accessories,338.32,,-50.93,Mary Coleman,0849ec79,0bdbf6a2-3,0.3,Port Suzanneshire,26.45,Cancelled
2023-04-08,Central,Technology,Machines,736.6,7.0,-73.78,Eric Gonzalez,8ec9d34b,a662cc36-5,0.0,South Taylor,35.36,In Transit
2022-12-09,South,Furniture,Chairs,164.12,6.0,,Ronnie Cole,1586b8a7,2696adc8-1,0.0,Garciaberg,49.86,Delivered
2023-08-23,East,Office Supplies,Binders,930.63,1.0,-127.38,Kelly Henderson,1c7b11d6,f30c9112-d,0.0,Lake Paula,32.64,Cancelled
2023-08-23,Central,Office Supplies,Binders,212.52,9.0,17.78,Margaret Johnston,e2508aa9,23e5f676-a,0.0,Kimberlybury,49.06,Delivered
2023-06-25,West,Office Supplies,Paper,840.25,9.0,,Amber Edwards,67610387,2a16812b-3,0.2,Port Meganside,39.71,In Transit
2024-12-28,West,Technology,Accessories,345.13,10.0,-47.63,Caroline David,21756347,15ace69a-f,0.1,Jamesville,29.52,In Transit
2022-08-19,South,Furniture,Furnishings,358.5,7.0,49.8,Dr. Jeremy Proctor MD,edba0234,558dad0c-1,0.0,West Sarahside,24.03,Delivered
2025-06-02,East,Technology,Machines,154.91,10.0,31.96,Samantha Moran,13dfce4a,9590e725-0,0.0,Anthonyview,18.23,In Transit
2022-10-04,Central,Office Supplies,Paper,301.65,1.0,57.31,Bailey Coleman,3a3b7160,c184cc06-5,0.1,,19.76,In Transit
2023-01-31,West,Technology,Copiers,,4.0,212.21,Eddie George,3a4285e7,936b34e7-0,0.0,Hartmouth,8.56,In Transit
2025-01-25,West,Technology,Phones,112.38,5.0,6.85,Michael Lopez,1da4dc87,22bad041-f,0.2,East Rhonda,44.74,In Transit
2025-06-18,East,Furniture,Furnishings,847.92,8.0,-37.41,Courtney Johnson,a615844c,9e1ff19c-9,,East Sandra,33.68,Delivered
2023-06-18,Central,Office Supplies,Art,812.16,3.0,-152.51,Dr. Melissa Lynch PhD,9466df1b,be10c77d-b,0.2,West Gregory,34.02,Delivered
2024-08-01,West,Office Supplies,Labels,787.61,5.0,95.99,Martha Everett,8760beec,3b7d83c6-2,,Sullivanside,29.74,Delivered
2023-09-05,West,Office Supplies,Labels,204.55,6.0,42.83,Kent Riggs,185020d5,6295d656-6,,Stewartburgh,5.08,
2023-09-21,East,Furniture,Bookcases,774.77,3.0,-141.67,Kevin Jones,0e526c24,4e9609e8-2,0.0,Pamelashire,25.71,In Transit
2023-02-14,West,Office Supplies,Binders,310.48,1.0,-57.95,Matthew Bowman,266dec67,56d9f780-b,0.0,North Vanessa,43.92,Delivered
2024-03-19,Central,Furniture,Furnishings,821.29,9.0,-10.02,Daniel Young,b1f5a4ad,e8b2e715-6,0.0,Port Marcia,38.72,Delivered
2024-02-09,Central,Office Supplies,Binders,970.52,7.0,53.4,Earl Ellis,54006e4d,2ca4da47-d,0.0,Powellville,22.05,Cancelled
2024-10-13,Central,Office Supplies,Paper,361.01,9.0,-34.27,James Hall,a29b9773,4933b714-3,0.0,Alisonmouth,31.85,Cancelled
2022-12-02,Central,Office Supplies,Binders,857.64,8.0,,Anthony Castillo,fd9d2b6a,ea1d0829-b,0.0,Mariatown,32.62,Delivered
2025-06-19,East,Office Supplies,Binders,225.75,1.0,45.38,Joel Frank,271c3790,88a1a77b-2,0.1,Lake Deborahville,46.21,Returned
2023-02-15,East,Office Supplies,Art,460.59,1.0,-34.75,Regina Jones,101ad6c5,fba20a43-c,0.2,Joelbury,47.53,Delivered
2023-01-06,South,Furniture,Bookcases,853.03,3.0,96.28,Jonathan Clark,814addd4,4301db28-c,0.2,West Robert,6.6,In Transit
2024-03-27,West,Technology,Machines,486.88,3.0,,Daniel Avila,a87e2d13,510545bf-7,0.2,Pittmanborough,42.27,Returned
2023-10-21,East,Office Supplies,Art,929.95,2.0,156.03,Elizabeth Kelley,6fcf6305,286fce0e-e,0.2,Ericton,39.28,Cancelled
2022-08-12,East,Technology,Phones,508.8,2.0,-33.67,Matthew Davis,67f6ccc2,7509c621-2,0.2,North Jasmine,12.3,In Transit
2023-07-02,East,Furniture,Furnishings,536.02,10.0,-51.68,Bryan King,c82f6053,a74c2df4-7,0.3,North Curtis,12.0,Cancelled
2023-05-21,Central,Furniture,Bookcases,335.18,2.0,70.97,Matthew Armstrong,6e380205,7a0e1863-0,,East Melody,40.12,Delivered
2025-02-17,West,Furniture,Tables,943.94,5.0,159.74,Elizabeth Burton,df242297,bb5c233a-2,0.0,Austinside,46.97,Cancelled
2024-05-03,East,Technology,Accessories,477.83,3.0,-70.02,Angela Patel DDS,2fdeef53,abd0de3d-5,0.0,North Kevinbury,10.92,In Transit
2022-07-15,East,Office Supplies,Labels,816.07,8.0,200.6,Christopher Rice,d559d266,bd76b1ec-c,0.3,Larsonberg,23.68,In Transit
2022-11-25,Central,Office Supplies,Art,715.64,7.0,96.37,Kimberly Wright,c136a50a,7fe259e7-e,0.2,West Jasmineberg,5.04,Cancelled
2022-10-15,West,Technology,Phones,205.77,10.0,44.59,Lauren Erickson,9751b705,c08f5f9c-c,0.0,Matthewhaven,9.12,In Transit
2024-01-31,West,Furniture,Furnishings,328.68,1.0,-60.0,Nicholas Young,7f682396,b9903e9c-6,0.1,Henryport,38.83,Delivered
2023-03-13,East,Office Supplies,Binders,699.4,4.0,192.79,Margaret Valenzuela,e10a3eb6,22dbd291-6,0.0,Lake Allenfurt,18.63,Delivered
2023-04-13,West,Technology,Phones,485.74,9.0,124.81,Melissa Davies,30b9e2b4,530be01a-d,0.2,South Katrina,35.29,Delivered
2024-01-21,West,Furniture,Tables,143.75,7.0,-9.0,Leslie Wiley,1264b844,e8257bf1-b,0.1,West Alexis,6.09,Cancelled
2024-01-27,Central,Furniture,Furnishings,786.14,1.0,65.38,Tonya Haynes,4e271dbc,48836810-1,0.1,Amyberg,8.34,Cancelled
2023-02-16,South,Furniture,Furnishings,286.83,5.0,,Melvin Landry,eaf702ae,6cee7487-6,0.0,Stephenshire,39.03,Delivered
2024-06-09,West,Office Supplies,Paper,540.71,1.0,-71.81,Amanda Tucker,3b788c1c,08c128a9-e,0.0,Leebury,49.0,Delivered
2022-12-04,Central,Furniture,Bookcases,593.36,6.0,146.14,Timothy Carr,8fe40a0f,c0b1cc29-1,0.1,Reneechester,45.36,Delivered
2024-05-13,Central,Office Supplies,Labels,310.3,5.0,70.0,John White,02b40a32,0eabe637-e,0.1,Davismouth,,In Transit
2024-03-12,East,Furniture,Bookcases,917.96,4.0,173.54,Jessica Moore,ab9ad2cb,5db1967c-d,0.0,Lake Nicholasshire,48.33,Delivered
2023-12-05,Central,Technology,Accessories,133.28,4.0,28.02,Jill Davis,af3a7216,653a9b68-c,0.0,Wrighthaven,32.54,Cancelled
2024-03-09,West,Furniture,Furnishings,600.67,8.0,-107.7,Benjamin Bates,cba7baf4,85af8eca-c,0.0,Jaredhaven,12.34,Delivered
2023-11-18,South,Technology,Machines,36.92,1.0,9.44,Loretta Ray,5b2aa740,361d2063-6,0.1,Valerieville,5.98,Delivered
2022-08-20,West,Furniture,Tables,797.82,8.0,186.1,Lisa Nguyen,b4ad25ad,4d1b69bb-0,0.0,New Dianachester,23.56,Cancelled
2023-12-23,West,Technology,Phones,325.36,6.0,71.09,Tina Buchanan,46da579b,de29d3c0-e,0.0,North Richardbury,,Cancelled
2024-06-12,Central,Technology,Copiers,598.67,7.0,,Dalton Chung,ec4c4647,3816472b-c,0.2,Lake Jeffrey,49.04,Delivered
2023-03-29,Central,Furniture,Bookcases,89.44,6.0,0.27,John Carroll,18e14fb8,70b9e1a1-5,0.0,New Kelly,49.94,Cancelled
2023-04-24,East,Furniture,Tables,762.48,7.0,157.25,Amanda Rodriguez,aa22675d,3eaf7676-f,0.0,Garciaberg,38.05,In Transit
2025-04-12,South,Furniture,Chairs,827.55,2.0,79.18,Christine Ramirez,cd47cb40,2903eb7c-7,0.0,Jenniferside,39.7,Delivered
2024-02-10,East,Furniture,Bookcases,781.5,3.0,161.45,David Wells,21095e64,c4013fca-b,0.0,Port David,27.6,Cancelled
2023-09-21,East,Furniture,Furnishings,224.66,10.0,64.12,Hannah Jackson,67c6b74f,2661cf14-a,0.0,New Markfurt,24.81,Delivered
2022-09-07,South,Office Supplies,Art,298.61,4.0,-23.55,Connor Weber,045d10ef,0c78ac95-8,0.2,West Tiffany,7.78,Delivered
2023-08-09,Central,Furniture,Tables,235.64,7.0,-36.36,Charles Morris,b18b9b1c,85e992e4-c,0.2,Evansbury,37.92,Delivered
2024-03-08,West,Furniture,Bookcases,851.35,4.0,-157.47,John Knight,9cd03cb9,282e3823-5,0.0,West Darren,35.04,Delivered
2025-02-14,West,Furniture,Furnishings,598.49,5.0,-48.1,Amber King,dd456d6a,fd9a7443-f,0.0,Port Jacobland,15.66,Delivered
2022-12-30,South,Furniture,Chairs,975.44,6.0,-128.57,Deborah Cervantes MD,5905a749,beaaa2a8-0,0.0,West Crystalton,45.41,Delivered
2023-09-29,East,Office Supplies,Labels,550.49,9.0,76.3,Nancy Holmes,9b9ad48a,6c46a86f-6,0.0,Chenstad,19.55,In Transit
2022-08-01,Central,Technology,Phones,539.68,6.0,-85.43,Daniel Andersen,5a747901,cba992cd-5,0.2,Lake Joe,37.75,In Transit
2025-01-24,West,Office Supplies,Labels,315.97,5.0,69.26,Kelsey Williams,8e60b0ee,c1728e22-d,0.3,Wendyview,10.44,Delivered
2024-04-28,South,Furniture,Bookcases,272.69,6.0,40.73,Taylor Walker,f5ca11d6,93fb94e9-5,0.2,Daleton,28.63,Cancelled
2023-11-10,West,Furniture,Furnishings,856.47,1.0,-25.89,Paul Ramos,2ffdbfea,28a7d03e-c,0.3,New Alyssa,13.14,Delivered
2023-06-27,South,Office Supplies,Binders,467.39,5.0,107.17,Kimberly Garcia,9d702a7b,d8413b6e-b,0.0,West Mary,19.72,In Transit
2023-11-05,West,Technology,Copiers,39.07,8.0,,Kimberly Brown,9a11d6f2,4c3b4e56-0,0.2,Danielshaven,29.34,In Transit
2023-08-01,East,Office Supplies,Art,733.68,5.0,-57.36,Sandra Anderson,c8227ef2,df47a9c6-e,0.3,Port Patrickchester,34.03,Delivered
2022-10-29,Central,Furniture,Bookcases,332.01,2.0,58.58,Danielle Peters,b27e0c58,dc071842-b,0.1,South Ashley,30.5,In Transit
2022-12-24,Central,Office Supplies,Art,207.18,2.0,52.66,Kenneth Decker,e3d0d31d,9ac435b3-1,0.2,Lake Patrick,7.98,In Transit
2024-10-09,East,Technology,Phones,656.61,10.0,-110.83,Carla Gomez,ae05baae,ed55ecfb-1,0.1,Tiffanyburgh,7.8,In Transit
2024-05-13,East,Office Supplies,Labels,475.23,2.0,109.35,Michelle Solis,a7692a7e,a1effe57-f,0.2,Bestport,34.64,Cancelled
2024-11-14,East,Furniture,Furnishings,954.97,5.0,53.04,April Montoya,1683c15e,868bf445-6,0.1,North Benjaminbury,38.71,In Transit
2024-06-12,Central,Furniture,Tables,771.99,1.0,-57.74,Christian Mcgee,f66376e0,fd2c65d3-f,0.0,Williamsburgh,7.23,Delivered
2023-11-03,Central,Office Supplies,Labels,501.24,6.0,-97.66,Lacey Coleman,97c09c30,3762b20f-c,0.0,Josephstad,13.43,Delivered
2023-03-11,Central,Furniture,Tables,403.76,2.0,-16.74,Douglas Buckley,88d6d5c7,5925831c-0,0.0,Mooreside,17.37,Delivered
2024-02-24,South,Office Supplies,Binders,653.29,7.0,-103.1,Diana Smith,1634d6b3,f613c510-c,0.0,Baldwinview,32.23,In Transit
2023-05-11,South,Office Supplies,Paper,198.73,5.0,-17.05,Katrina Collins,26a2a22a,c13f3b17-6,0.0,Holdenton,47.22,Returned
2024-05-13,East,Technology,Copiers,687.32,9.0,-125.69,Michael Hancock,dd00be21,4d018398-3,0.0,West Spencer,27.83,Delivered
2024-12-22,East,Office Supplies,Labels,749.81,5.0,211.55,Eric Livingston,9b872767,3a58adb5-0,0.2,Smithborough,11.29,Delivered
2024-08-17,East,Furniture,Chairs,164.58,4.0,5.85,April Wright,4ea35407,f56e7d94-c,0.1,Josephstad,32.87,Delivered
2025-06-18,East,Technology,Phones,875.32,2.0,-50.3,Jerry Benton,14b7a243,2568d433-5,0.0,Jacquelinefort,25.7,Delivered
2024-01-07,West,Technology,Phones,644.5,,-34.72,Curtis Bush,4c50cfd0,6e1bb631-d,0.0,New Chrisland,35.08,Delivered
2025-03-26,West,Office Supplies,Paper,947.03,3.0,34.06,Jennifer Martin,7ae4b964,e1a9b2af-c,0.1,North Jared,38.63,Delivered
2024-08-24,West,Technology,Phones,345.26,7.0,73.04,Patrick Green,2bc40c05,ed63b56a-0,0.1,Coxborough,23.59,In Transit
2024-09-21,Central,Technology,Accessories,630.28,6.0,161.71,Kim Pena,41c06a43,35314fbb-8,0.2,Frankland,12.35,Delivered
2024-06-13,East,Office Supplies,Art,975.57,10.0,262.97,Shawna Lozano,b7375885,16ea166b-0,0.3,Port Michaelfort,24.32,Delivered
2023-06-12,South,Technology,Accessories,423.7,3.0,20.32,Cynthia Frey,b85e3d27,5bdb08ae-7,0.0,New Derekchester,40.12,In Transit
2023-12-18,Central,Office Supplies,Paper,774.22,,89.47,Andrea Pearson,78af1d32,f9917fbb-e,0.0,Gomezfort,20.44,In Transit
2024-06-22,West,Furniture,Chairs,539.59,7.0,27.83,Bobby Hall,5773cbc3,21429263-1,0.2,Smithchester,29.79,In Transit
2024-01-19,Central,Technology,Phones,893.44,9.0,-135.34,Stephen Holmes,a87a3e69,3c638d97-d,0.3,Michaeltown,,
2024-10-24,East,Office Supplies,Binders,928.23,5.0,191.77,Robert Davis,812dd455,17a612eb-5,,Port Chase,25.73,Delivered
2023-09-09,East,Office Supplies,Labels,267.34,1.0,-26.4,Valerie Gardner,ebdd8901,57bb09df-3,0.2,Port Anthonyburgh,47.88,In Transit
2023-10-01,East,Technology,Accessories,945.31,,-82.92,Steve Mcneil,89baffd7,84157da4-b,0.0,Dunnberg,41.46,Delivered
2024-07-03,Central,Office Supplies,Binders,412.36,6.0,1.45,Elizabeth Simon,026d956e,3ac6c742-4,0.1,Ellisport,44.25,Cancelled
2024-06-02,Central,Furniture,Furnishings,826.13,10.0,-161.84,Mark Flynn,b2cb2956,91657250-f,0.1,New Anthonyside,45.21,Delivered
2022-10-13,West,Office Supplies,Labels,840.26,4.0,30.99,Mary Osborne,7063593a,95ee485e-5,0.2,Berryburgh,18.31,In Transit
2024-08-01,South,Furniture,Furnishings,108.45,6.0,3.0,Tiffany Robinson,e364ece3,21d0232a-d,0.2,Wheelerhaven,9.17,Delivered
2025-05-23,West,Technology,Phones,540.99,3.0,44.75,Nancy Morgan,dfb51036,f7d6d1b9-d,0.3,Cervantesshire,26.67,Delivered
2022-12-06,East,Technology,Machines,798.9,1.0,84.89,Brian Stokes,95adcec3,ab553122-e,0.0,Youngborough,5.62,In Transit
2024-08-04,West,Furniture,Bookcases,995.78,8.0,-72.9,Jessica Stevens,7ba879c5,556cb4c7-0,0.1,North Ericabury,28.56,Returned
2025-02-06,West,Office Supplies,Labels,748.03,,-102.93,Samantha Norris,397be93f,88b25abc-a,0.0,West Meganville,9.75,Returned
2023-01-28,Central,Technology,Accessories,313.23,2.0,74.79,Anna Thomas,1f500513,9cc86544-f,0.0,Port Christina,22.08,In Transit
2022-12-19,East,Office Supplies,Art,361.7,7.0,,Alicia Dixon,fbfd1636,d90acd26-1,0.2,East Lindafort,26.26,Delivered
2025-04-11,East,Technology,Copiers,734.88,8.0,,Jennifer Bryant,1616fe51,ca53a37e-8,0.1,New Samuelton,16.58,Delivered
2024-03-21,Central,Office Supplies,Labels,576.95,6.0,172.55,Shawn Cordova,86df7acb,0dc6ecfc-d,0.0,Jacobberg,17.79,Delivered
2022-08-22,South,Furniture,Chairs,814.45,10.0,17.63,Angela Reilly,d2758419,f3a025a2-2,0.0,Ramosfort,44.62,In Transit
2024-11-24,South,Furniture,Bookcases,652.3,3.0,26.82,Jimmy Hernandez,def957b0,8b19cca0-2,0.3,Carrieton,35.69,Delivered
2023-04-16,South,Furniture,Bookcases,802.87,,-5.45,Jacqueline Clements,9c1b82b4,24c9bdbd-2,0.1,Russellshire,20.53,In Transit
2022-07-17,Central,Office Supplies,Paper,655.75,9.0,182.47,Valerie Lyons,ff4e4d70,b8e1b48d-0,0.3,North Madisonport,23.96,Delivered
2024-05-14,South,Technology,Machines,507.7,3.0,-99.26,Stephanie Drake,6cddccea,39d0307d-6,0.1,North Tammyton,46.26,In Transit
2024-10-02,South,Technology,Machines,520.6,9.0,40.26,Justin Brown,52f770a3,fddac69b-a,0.0,Leonardhaven,,Delivered
2023-08-20,Central,Furniture,Furnishings,385.29,6.0,86.43,Nicholas Norton,5f73e686,4f7d78fd-3,0.2,Kingchester,25.7,Delivered
2024-12-16,West,Furniture,Tables,499.74,3.0,-70.36,Jacqueline Roy,f69c3d08,8a011de9-f,0.0,North Ginahaven,32.18,Delivered
2024-01-10,Central,Furniture,Chairs,357.5,3.0,53.52,Mary Wilson,b6ac139b,7f65711c-a,,Oliviabury,24.22,Cancelled
2023-09-06,East,Office Supplies,Labels,619.73,10.0,130.82,Brian Huber,02e2b280,a3a46ce9-2,0.2,New Pamelahaven,14.78,Delivered
2022-11-23,South,Technology,Phones,921.36,9.0,-149.61,Jillian Franklin,0674fcd3,aa865f5c-4,0.0,Zacharyhaven,24.91,Cancelled
2025-02-22,Central,Technology,Accessories,174.04,9.0,10.5,Crystal Parker,cbde9bf6,6b6e93cd-7,0.1,Aprilburgh,29.48,In Transit
2024-08-16,West,Technology,Machines,759.62,2.0,203.66,Laura Diaz,7baeeda9,8b72165e-c,0.2,East Amy,34.71,Delivered
2025-01-23,South,Technology,Copiers,585.87,1.0,10.08,Joanna Carpenter,df126739,9eee3b68-4,0.2,Lake Chelsea,46.51,Delivered
2024-12-21,East,Furniture,Chairs,830.75,8.0,119.76,Mark Collins,e8d44810,1662cfd4-7,0.3,East Jacksonmouth,48.67,Delivered
2023-03-26,East,Furniture,Tables,,4.0,117.97,Connie Adams,54aeb298,f7f7f66d-4,0.3,South Derek,5.63,Cancelled
2023-03-07,South,Furniture,Chairs,643.05,2.0,-9.16,Michael Garcia,1c4f4695,4df4f60a-0,0.2,Andersonhaven,34.33,Delivered
2023-01-18,Central,Technology,Machines,837.61,10.0,161.41,Whitney Hunter,69e66bbf,a2b7da11-7,0.0,Port James,16.56,Delivered
2023-11-19,East,Technology,Accessories,697.55,8.0,-35.06,Erica Phillips,d07163f9,b93960b6-a,0.0,Braunview,,Delivered
2023-08-22,West,Office Supplies,Binders,25.74,2.0,,Pamela Wise,2166c052,fc964fd2-7,0.0,Fullerbury,41.63,Delivered
2024-11-22,South,Furniture,Chairs,537.9,10.0,-65.55,Corey Romero,67d163cc,e0467f51-e,0.0,Newmanton,45.83,In Transit
2022-09-10,South,Furniture,Furnishings,560.09,4.0,117.4,Henry Hernandez,54b23c34,6a37234d-2,0.2,South Stephanie,15.25,In Transit
2024-07-20,South,Technology,Accessories,140.41,7.0,35.28,Gregory Goodman,3faf1ebb,b27f1a9d-3,0.0,New Jeremy,16.09,Delivered
2025-02-02,West,Technology,Copiers,636.83,4.0,,Caroline Hancock,09a7ac86,4ea7e01a-4,0.0,Colleenchester,26.45,Delivered
2024-01-29,East,Furniture,Chairs,798.8,6.0,193.86,Grace Gonzalez,7aae2dd0,1c388f4e-d,0.0,West Valerieburgh,49.42,In Transit
2025-01-13,South,Technology,Phones,520.33,5.0,-78.18,Donald Morris,9c1c0a88,38ec8304-2,0.0,Danielleshire,20.91,Cancelled
2023-10-13,West,Furniture,Chairs,787.2,10.0,-112.29,Jodi Combs,51198885,6efbad66-0,0.0,Williamsmouth,33.38,In Transit
2022-12-28,South,Technology,Machines,792.07,8.0,156.2,Jennifer Bryant,8eaf2cda,a7e0fe3f-0,0.2,South Christopher,34.3,Delivered
2024-12-29,East,Technology,Accessories,567.35,3.0,46.6,Jennifer Thompson,b438b564,e6f4ec8a-6,,Shahchester,14.43,Cancelled
2024-03-19,South,Office Supplies,Paper,947.05,4.0,75.72,David Lindsey,057d60e5,76112950-d,0.1,Port Joseph,5.7,Delivered
2023-09-29,Central,Furniture,Bookcases,250.74,,-41.84,Samuel Chavez,c9d53c1e,c23c389d-6,0.2,West Eric,17.56,Delivered
2025-02-07,Central,Office Supplies,Binders,,7.0,181.3,Valerie Howell,61ce1819,73ee62cf-d,0.2,Houstonfort,37.02,In Transit
2022-10-24,South,Technology,Accessories,840.37,9.0,210.57,Michelle Ruiz,feec1242,44de491b-a,0.2,Kingmouth,23.09,Delivered
2022-11-20,Central,Furniture,Chairs,86.93,3.0,-1.27,Cynthia Vazquez,9d187790,2c571688-5,0.0,West Franciscoside,48.33,Delivered
2023-12-25,South,Office Supplies,Labels,522.99,9.0,-64.38,Michael Sherman,49b7a1f4,fc09ab6e-7,0.0,Stonefort,27.67,Delivered
2023-11-13,East,Furniture,Chairs,547.03,2.0,-41.96,William Vasquez,51c0c7ef,aa0bdd8e-c,0.0,Victoriatown,49.13,In Transit
2023-08-22,East,Technology,Copiers,,6.0,40.16,Katrina Brown,d2466660,e5e7879d-d,0.0,Cherylstad,35.36,Delivered
2025-03-21,West,Technology,Copiers,190.14,10.0,0.6,James Harris,2ca0b8f7,5084d84e-5,0.2,Ingramton,5.39,Returned
2023-09-04,West,Technology,Copiers,234.43,1.0,-0.01,Karla Lane,26704851,e7b900a8-8,0.0,Lake Mary,39.23,In Transit
2025-07-07,South,Furniture,Tables,929.0,10.0,215.82,Ronnie Johnson,47622312,e461f683-9,0.3,Port Alison,8.54,Delivered
2023-09-30,South,Furniture,Tables,726.15,1.0,172.75,Christopher Garcia,f6d18cf1,cb4755cc-a,0.0,Carlsonshire,48.74,
2025-02-06,West,Technology,Phones,956.88,5.0,220.6,Mary Walter,d004bef3,33fdf878-4,0.1,Meganmouth,46.13,In Transit
2025-07-11,Central,Technology,Phones,653.96,6.0,-32.64,Emily Jones,cdb5beed,2ed9a0ab-f,0.1,Michaelmouth,26.71,Delivered
2025-03-05,East,Office Supplies,Labels,445.17,10.0,,Christopher Allen,d54fa7fe,86090fb1-b,0.0,Michaelhaven,37.56,Delivered
2024-05-31,Central,Furniture,Bookcases,815.59,6.0,61.23,Robert Davis,781660d1,97beaefb-5,0.2,Cathychester,19.81,Delivered
2023-12-19,East,Office Supplies,Binders,528.13,9.0,-12.56,Regina Baldwin,28ae892b,493fb644-6,0.3,New Shawn,24.85,Delivered
2025-01-17,East,Furniture,Furnishings,,,24.92,Jessica Thomas,8c39d014,0f7e593b-b,0.2,Port Kathyland,38.71,Delivered
2024-04-01,South,Furniture,Chairs,210.79,9.0,-3.0,John Horton,d23b74e0,4be5f48c-7,0.3,Blackwellville,33.64,In Transit
2023-07-18,East,Office Supplies,Art,421.31,8.0,,Jerry Rogers,ee3ab2fd,693abe3d-b,0.3,East Jacobhaven,35.23,In Transit
2024-01-07,West,Furniture,Chairs,510.01,,,Leslie Yang,31c38e68,7a2f8931-4,0.0,Perrymouth,48.36,Cancelled
2023-06-10,Central,Furniture,Chairs,609.48,8.0,60.01,Natalie Mcconnell,be7e568c,cc5bdaca-8,0.3,South Rachel,5.97,Delivered
2024-06-23,South,Technology,Machines,659.03,9.0,-88.6,Roy Romero DDS,99f4ea33,96097b53-b,0.2,South Michele,38.17,Delivered
2024-04-02,Central,Furniture,Bookcases,689.76,10.0,-107.71,Andrew Espinoza,a0941bcf,a1155ead-3,0.2,West Elizabeth,23.19,Delivered
2024-12-17,East,Office Supplies,Paper,833.34,10.0,223.54,Mark Perez,99d57023,c6759ff0-1,0.2,Sparksborough,33.62,Delivered
2024-05-17,Central,Office Supplies,Binders,753.0,10.0,136.91,Heather Silva,691f9135,b1199ef0-7,,New Maria,9.06,Delivered
2024-03-18,West,Technology,Machines,808.39,9.0,192.86,Jennifer Lopez,429a538d,109e4fcd-a,0.2,Smithtown,46.08,Returned
2024-08-20,West,Technology,Machines,87.13,3.0,5.83,Brian Reeves,f93c0eb8,cc8c19d0-e,0.0,Port Virginiatown,25.28,Delivered
2025-02-05,Central,Office Supplies,Paper,64.04,,16.77,Anita Allen,4436eacd,f703a957-5,0.3,West Kimberlymouth,42.14,Delivered
2023-05-30,South,Technology,Phones,603.09,4.0,99.14,Ricky Carter,c78a0f18,349a5b8c-f,0.3,Warnerview,37.63,Delivered
2024-07-27,West,Office Supplies,Art,618.85,10.0,159.86,Daniel Trevino,57f87fff,efe39d3a-b,0.2,New Rachelside,31.09,Delivered
2022-08-09,East,Furniture,Furnishings,409.27,10.0,21.09,David Monroe,2558500b,dcaf202b-9,0.0,Garcialand,36.34,Delivered
2023-02-20,West,Furniture,Chairs,,8.0,233.2,Michael Martinez,fce3cf1f,68124f7b-5,0.0,New Samanthahaven,12.11,Delivered
2022-09-22,Central,Office Supplies,Paper,903.14,1.0,137.72,Jonathan Long,6ffb9bb3,65c13149-9,0.0,West Calebton,8.64,In Transit
2023-01-18,East,Furniture,Chairs,,9.0,2.71,Robert Ramos,c6c99c5f,203a05f2-9,0.1,Lake Donnaton,34.2,In Transit
2023-06-20,Central,Furniture,Furnishings,649.93,5.0,-53.68,Ariel Sanders,5e97e87f,d92c5a9f-4,0.0,Christopherland,10.66,Delivered
2025-05-19,East,Furniture,Chairs,520.7,3.0,54.33,Austin Robinson,7a42b9be,e517f910-d,0.2,Martinshire,35.39,In Transit
2025-03-26,South,Office Supplies,Paper,327.63,4.0,77.77,Anthony Spears,8b3f906b,05a161c1-7,,East James,39.06,In Transit
2023-05-03,East,Office Supplies,Binders,978.25,2.0,124.76,Mrs. Kimberly Palmer,421b12f7,f786c55d-e,0.2,North Robertside,17.71,Delivered
2025-07-09,South,Furniture,Bookcases,855.89,2.0,-45.98,Brandy Johnson,fd52db09,e98ece91-8,0.0,Joseburgh,30.94,Cancelled
2025-04-30,Central,Office Supplies,Binders,284.3,5.0,12.11,Mark Gray,aaa2f429,de207b48-c,0.2,Georgemouth,13.55,In Transit
2022-10-31,West,Office Supplies,Labels,698.88,10.0,-23.49,Crystal Hunt,b7035739,35ce66d4-4,0.0,Orozcochester,45.09,In Transit
2024-07-08,Central,Office Supplies,Paper,488.66,7.0,-77.14,Alexa Hurst,94efa193,6615d64b-4,0.0,East Williamview,27.47,Delivered
2025-02-06,West,Office Supplies,Labels,685.63,9.0,-32.84,Gwendolyn Taylor,34cc9317,3c11f24c-1,0.0,West Rachel,49.73,In Transit
2025-04-04,West,Office Supplies,Binders,602.27,10.0,-37.05,Norman Lee,ef6c0028,070fc7b3-c,0.0,Smithside,24.69,Returned
2025-06-13,South,Furniture,Chairs,996.77,5.0,-99.79,Lisa Riley,1bf36780,48ce9e2a-d,0.3,Montgomerychester,41.95,Delivered
2023-12-10,West,Office Supplies,Paper,878.57,4.0,41.32,Edward Meza,6a381ff7,cdd240a5-6,0.2,North Kentville,40.1,In Transit
2025-06-28,East,Technology,Accessories,850.63,1.0,-98.96,Melanie Glenn,43f527bd,fd32ff75-f,0.2,Angelashire,25.26,In Transit
2023-02-23,East,Office Supplies,Binders,840.07,6.0,-148.23,Susan Reyes,b0cf4fbf,240bdd8f-2,0.2,East Lauren,14.97,Returned
2024-12-03,West,Office Supplies,Paper,575.47,9.0,133.2,Jennifer Johnson,2a7f0242,ecfcaa8a-7,0.0,Charlesstad,9.2,Delivered
2022-12-14,South,Technology,Phones,736.7,10.0,40.87,Erika Farmer,81fb0f2f,6bd28671-4,0.1,Deniseview,42.37,Delivered
2024-04-26,East,Furniture,Chairs,870.7,5.0,80.48,Dylan Perez,95506d0b,a850beb9-b,0.1,Lake Brittany,30.82,Returned
2023-04-14,West,Office Supplies,Labels,210.56,5.0,23.27,Matthew Barrett,4444a119,1c938229-4,0.2,North Laurentown,23.65,Delivered
2025-04-28,West,Furniture,Chairs,235.77,8.0,-11.08,Katherine Greene,2dac3585,1989a603-0,0.2,Reidburgh,28.9,Delivered
2025-05-09,West,Furniture,Bookcases,32.4,4.0,-5.3,Brian Stafford,cac12f55,0fdcb242-5,0.0,Ginamouth,41.92,Delivered
2023-02-24,Central,Furniture,Furnishings,91.48,1.0,7.39,Anthony Perez,def91ba0,7c9f470a-1,0.0,North Summer,30.43,Delivered
2024-04-02,Central,Office Supplies,Paper,789.39,3.0,11.54,Dr. Joe Harper PhD,82f941fb,d3b60202-8,0.2,Rushberg,48.96,Delivered
2022-09-22,West,Office Supplies,Binders,809.52,1.0,,Christy Phelps,abea7520,14720bdb-2,0.0,Simpsontown,7.76,Returned
2025-02-08,West,Office Supplies,Art,892.44,7.0,-152.01,Angelica Smith,5042b839,a288e874-6,0.3,Bassburgh,46.95,In Transit
2024-05-07,East,Furniture,Furnishings,573.57,3.0,-87.43,James Schwartz,d40a67d3,084738df-7,0.1,Anthonyview,44.86,In Transit
2023-10-12,East,Furniture,Tables,734.67,4.0,71.39,Christopher Fowler,67bb13a5,daa24b16-7,0.2,East Kayla,42.93,Delivered
2022-11-28,West,Furniture,Bookcases,885.91,3.0,-73.21,Richard Jackson,749307ca,0f714154-6,0.1,Pricefort,33.7,In Transit
2023-04-09,South,Office Supplies,Art,576.3,6.0,-11.76,Robert Cook,3eaf82d9,e163d758-8,0.2,Annville,41.04,Delivered
2024-08-07,Central,Office Supplies,Paper,485.69,4.0,37.46,James West,e1558a1c,ca679dba-8,0.0,Bernardmouth,11.92,Delivered
2024-09-02,East,Furniture,Tables,847.4,1.0,163.28,Frank Jackson,aa079036,6e80e592-a,0.0,Wintersport,37.6,In Transit
2023-09-11,East,Technology,Phones,355.1,10.0,75.98,Kimberly Parrish,9fd26c5e,0ebada34-6,0.1,Lake Pam,48.3,Delivered
2023-11-08,South,Technology,Accessories,360.95,4.0,31.41,Anthony Wright,3a95ec30,8dc557fb-2,0.0,Kathyfurt,,Delivered
2023-10-19,West,Technology,Machines,249.41,6.0,-46.29,Kristen Berger,f9d74003,14b2f550-4,0.1,Lake Stephanie,41.09,Delivered
2024-02-28,Central,Office Supplies,Art,564.06,7.0,-57.41,Rachel Weaver,82456536,bb4a74a7-1,0.0,Seanside,39.52,Delivered
2024-08-06,East,Furniture,Tables,301.28,2.0,89.22,Nicole Nicholson,bb69b815,32c81109-4,0.2,Port Daniel,15.2,Delivered
2024-10-26,Central,Furniture,Chairs,192.76,2.0,33.74,Paige Delgado,5c7405ba,1d762f84-f,0.0,Lake Kristina,11.09,Delivered
2025-05-23,Central,Technology,Phones,668.73,1.0,-86.53,Doris Fritz,d1b2dfaa,8875b8da-2,0.0,West Robert,34.15,In Transit
2024-08-21,East,Technology,Copiers,176.12,6.0,30.08,Rebecca Mendez,7959ae81,c7a64d6e-9,0.3,North Courtney,26.87,In Transit
2025-02-13,Central,Technology,Copiers,834.26,8.0,-16.15,Jesse Estes,6400cd69,5439ace0-2,0.0,Nealmouth,27.39,Delivered
2024-05-21,East,Furniture,Furnishings,717.63,6.0,42.67,Pamela Hale,8d9a6f97,139ee511-b,0.1,East Josetown,26.57,In Transit
2024-03-13,Central,Furniture,Furnishings,42.52,2.0,-3.54,Jason Huang,06ce35fe,7f5d7275-8,0.3,Andersenport,12.15,Delivered
2024-07-08,East,Technology,Copiers,470.7,4.0,-28.18,Gregory Meadows,444f044d,5d37749e-c,0.1,North Erintown,7.1,Delivered
2022-12-04,South,Office Supplies,Labels,589.62,8.0,138.16,Steven Davis,5bacd541,61a32338-d,0.0,Lake Jacob,42.07,Delivered
2023-02-21,Central,Furniture,Furnishings,304.61,,72.62,Shelley Jones MD,e816614b,d7a47d7d-5,0.3,Garciaton,23.08,Delivered
2024-10-17,Central,Office Supplies,Labels,894.48,9.0,-161.15,Nicole Diaz,793f70d3,b3a82452-9,0.0,Karenton,27.52,In Transit
2024-06-10,Central,Office Supplies,Binders,219.3,9.0,-0.89,Michelle Bonilla,a6390b57,f7937f43-a,0.0,Lake Amber,8.57,In Transit
2023-10-10,East,Furniture,Furnishings,819.64,4.0,173.01,Regina Young,247cc7bb,8b114225-7,0.0,Clarkfurt,44.61,Returned
2025-03-02,West,Furniture,Tables,800.98,1.0,43.51,Randall Kelly,37db1a09,0a10dc77-6,0.0,Jeffersonland,20.47,In Transit
2022-08-31,East,Technology,Phones,931.37,6.0,171.62,Kathy Cole,b00f4ac3,1ba27916-e,0.0,Juanhaven,29.23,Delivered
2024-06-29,Central,Technology,Accessories,414.21,2.0,88.19,Jacqueline White,e480ccf4,74894969-1,0.3,West Rebecca,30.16,Delivered
2022-10-25,Central,Furniture,Chairs,297.8,6.0,-38.84,Matthew Leblanc Jr.,02236d69,73e4892e-b,0.0,Tinaport,12.24,Delivered
2023-07-28,South,Office Supplies,Labels,27.06,7.0,2.72,Laura Martinez,cc92ed13,0cce11f0-6,0.0,Angelaton,20.56,Delivered
2024-05-29,South,Furniture,Tables,464.53,1.0,83.67,Becky Graves,a10f087f,4436e5c9-0,0.0,Timothyton,15.89,Delivered
2023-02-21,East,Office Supplies,Paper,358.75,4.0,-64.02,Matthew Coleman,1e3062c5,d50ec3f3-1,0.0,East Brittany,11.12,Delivered
2024-11-08,Central,Furniture,Tables,290.98,3.0,86.89,Johnny Patton,996058d0,796f60a3-2,0.1,Gabriellafort,14.91,Delivered
2025-03-11,East,Technology,Accessories,819.22,,-48.99,Daniel Haley,3f55d7f3,1176cef0-2,0.0,Danielmouth,15.34,Cancelled
2024-07-18,East,Technology,Accessories,973.04,,80.61,Frederick Martin,703e00c0,ed1a5403-6,0.0,Cardenasberg,47.85,Returned
2025-02-18,East,Office Supplies,Labels,979.0,5.0,-83.93,Colin Wyatt,22200abd,06ea4e6d-f,0.0,North Annview,41.32,In Transit
2024-06-30,West,Office Supplies,Binders,436.61,3.0,-70.69,Paul Morales,cf6d82a5,64c97df8-c,0.2,North Paulfort,41.43,Cancelled
2024-01-10,Central,Office Supplies,Labels,934.79,7.0,172.16,Jorge Sutton,bbf0cd88,bfdeb599-7,0.3,Allenberg,33.58,Returned
2023-04-05,East,Office Supplies,Labels,811.73,8.0,192.89,Jill Bell,413fa359,ea2a143a-8,0.2,Brooksborough,22.47,Returned
2025-01-11,South,Office Supplies,Paper,810.38,2.0,175.17,Chelsea Wood,ebe52d64,907afc94-5,0.0,Alyssaport,7.82,In Transit
2024-06-20,East,Technology,Phones,191.48,10.0,56.72,Kelly Thomas,8dae812b,35dbd994-6,0.3,Mendezview,17.17,Delivered
2022-12-09,East,Furniture,Chairs,696.55,10.0,-123.22,Timothy Holt,032565cb,8681c569-0,0.2,West Sandrafurt,12.3,In Transit
2023-09-23,East,Furniture,Chairs,161.63,3.0,,Rebecca Flores,98161eca,14c85d70-a,0.0,Cassandraview,10.43,Delivered
2024-06-29,East,Technology,Phones,773.01,10.0,71.54,Victoria Ingram,768f841b,a32ead64-9,0.2,Denisefurt,33.43,Cancelled
2024-09-18,Central,Technology,Phones,997.54,6.0,183.54,Timothy Watson,5efbcc82,9cf40180-d,0.1,East Christieside,40.11,In Transit
2024-08-16,South,Office Supplies,Art,218.05,8.0,48.26,Dr. Tiffany Lopez,7044266b,b1579401-0,0.0,North Eric,33.36,Delivered
2023-10-11,Central,Office Supplies,Paper,858.57,9.0,-169.24,Patrick Roy,5e3655f2,e1326f55-7,0.1,Angelashire,31.9,In Transit
2025-01-24,West,Furniture,Bookcases,11.91,1.0,2.86,Brianna Davidson,2299f81e,8cffac1d-a,0.0,Jamesland,26.55,Delivered
2023-12-22,East,Technology,Accessories,999.68,4.0,-71.79,Mr. Patrick Silva,ba75e9f1,2e27d419-0,0.2,East Felicia,41.48,Delivered
2025-03-15,Central,Technology,Accessories,518.24,1.0,-22.32,Brittany Lara,f1953afb,8b20fa95-7,0.2,Ryanbury,29.33,In Transit
2025-02-09,Central,Office Supplies,Art,325.63,1.0,-50.82,Daniel Best,2d6db364,7a1032db-b,0.2,Bairdburgh,33.71,In Transit
2023-10-04,Central,Technology,Accessories,768.25,4.0,140.17,Shelby Martin,16238ee4,c3b4e95b-1,0.0,East Anthonystad,27.55,In Transit
2023-05-31,West,Furniture,Furnishings,205.28,10.0,8.93,Katherine Green,7a521a8f,d9957313-c,0.1,Samanthabury,45.13,Delivered
2024-01-07,Central,Furniture,Bookcases,568.15,7.0,56.38,Shaun Graham,2d7efefc,c23594ae-2,0.0,South Saraton,6.38,Cancelled
2022-12-07,East,Technology,Accessories,839.36,9.0,-76.1,Cheryl Griffin,04f692d7,628b057b-e,0.0,Ryanbury,8.53,In Transit
2024-04-24,South,Technology,Accessories,583.41,10.0,114.73,Ashley Fields,a1e31bb5,9ce5298b-9,0.0,Webbbury,18.41,Delivered
2024-02-27,East,Office Supplies,Binders,884.6,6.0,152.64,George Scott,535e99b6,5efaa523-3,0.0,Maryside,27.38,Delivered
2024-11-06,Central,Technology,Accessories,433.76,5.0,126.83,Thomas Page,0caede2d,033908a5-6,0.0,South Ashley,44.71,Delivered
2022-10-27,West,Furniture,Furnishings,526.72,8.0,105.02,Rebecca Ellis,a2c6528d,81a672c0-8,0.1,New Heatherchester,18.76,Delivered
2022-12-24,Central,Technology,Phones,911.12,1.0,-164.88,Jennifer Bryant,f93a496f,a88c615d-8,0.1,Port Jonathanburgh,33.16,Delivered
2024-06-18,East,Office Supplies,Paper,804.21,9.0,-141.13,Amanda Baldwin,a10d9481,718cbc0d-c,0.0,Moorebury,40.07,Delivered
2022-07-30,West,Technology,Accessories,487.83,,-31.32,Carl Tucker,dcb38ff9,9579fe08-a,0.2,Lake Christopherhaven,,Delivered
2024-06-30,Central,Office Supplies,Binders,886.51,1.0,-133.18,Austin Baxter,b52d0b1d,3479d363-9,,West Jamesview,,Delivered
2023-12-03,West,Office Supplies,Labels,952.86,4.0,-128.19,Lisa Russell,ca383a11,5f5d741b-b,0.1,New Rita,19.65,Cancelled
2025-03-06,East,Furniture,Chairs,178.73,4.0,-4.15,Kenneth Berger,c75ab1c9,734a142a-a,0.2,Dixonborough,9.51,Delivered
2025-05-26,Central,Furniture,Tables,,10.0,66.25,Jennifer Soto,cacb3d68,886bf886-8,0.3,Daisytown,13.73,In Transit
2023-07-01,West,Technology,Machines,683.13,4.0,40.43,Stephen Wheeler,737390dd,d375e8cf-f,0.1,Ramosport,32.34,Delivered
2023-02-20,South,Office Supplies,Art,294.58,6.0,75.71,Aaron Martin,22eccd42,be1bcbf6-b,0.1,Millerhaven,25.57,In Transit
2023-10-02,Central,Office Supplies,Art,545.67,6.0,-95.24,Maria Avila,825043bd,33bcf9a7-f,0.0,New Samantha,16.31,Delivered
2024-11-02,Central,Furniture,Furnishings,835.16,4.0,146.8,Christopher Cross,50d4652b,aa40adc1-c,0.0,Jamesland,34.16,Delivered
2024-02-20,West,Furniture,Furnishings,,2.0,35.45,Phillip Wheeler,13afd61c,caf0af44-3,0.0,Maxwellland,9.29,Cancelled
2024-05-22,South,Technology,Phones,734.93,6.0,95.91,Charles Jones,b218b9d8,3c47b0f6-a,0.0,Pamelaberg,37.83,Delivered
2023-10-01,East,Office Supplies,Labels,341.12,3.0,-66.08,Matthew Wright,f0048a17,d5763f64-2,0.0,Lake Ashleyland,35.16,Delivered
2025-04-22,South,Furniture,Tables,535.08,10.0,20.62,William Richardson,71003afb,384498a0-c,0.0,,15.8,In Transit
2023-03-04,Central,Office Supplies,Art,770.41,3.0,-84.64,Tammy Spencer,8760d1ca,b59363af-6,0.1,New Christophertown,39.65,In Transit
2024-05-19,South,Technology,Copiers,105.82,9.0,-8.01,Timothy Dixon,45310464,ecb80dff-7,0.2,West Laura,34.49,In Transit
2024-12-23,East,Furniture,Tables,145.14,9.0,-10.24,Leah Carroll,bdb843ae,23fcb80d-d,0.2,Port Jeremy,38.37,Delivered
2024-08-08,South,Office Supplies,Art,570.12,1.0,-102.18,Robert Baker,a6903a01,3167c6d0-4,0.1,Sandraburgh,11.47,Delivered
2025-05-08,East,Office Supplies,Labels,673.85,1.0,52.97,Phillip Ryan,4ca40662,8283d07f-7,0.0,South Timothy,31.05,Cancelled
2025-02-07,West,Technology,Phones,505.45,4.0,-39.32,Gary Brown,4b19d85d,5593aa20-f,0.1,South Dorothyfort,35.85,Returned
2024-04-01,East,Office Supplies,Art,767.27,1.0,-17.61,Sara Palmer,3e36c1a8,66ecbc08-c,0.3,Woodberg,39.69,Delivered
2024-06-29,West,Furniture,Furnishings,225.6,5.0,42.96,Holly Meyer,af122737,1c6d3c75-4,0.0,West Emilyland,45.09,In Transit
2024-04-17,South,Furniture,Tables,954.82,7.0,11.08,Thomas Williams,8981fb49,6f3aebb0-c,0.0,West Ryan,38.18,Delivered
2022-09-30,West,Furniture,Tables,866.13,5.0,133.94,Beth Williams,b6f6fe54,7a1bd101-9,0.0,Port Davidstad,31.86,Delivered
2024-04-06,West,Office Supplies,Paper,372.86,7.0,-22.71,Rita Ball,1a320399,4272ea5b-f,0.0,Abigailbury,35.84,Delivered
2024-02-23,Central,Furniture,Tables,408.24,8.0,55.25,Miranda Reynolds,e8aeda95,3f532111-8,0.0,Jermainebury,25.67,Delivered
2023-08-08,Central,Office Supplies,Binders,817.95,10.0,-89.38,Steven Nolan,80254deb,96629dbb-0,0.0,South Ronald,49.95,Delivered
2023-06-13,South,Furniture,Furnishings,48.66,4.0,1.93,Kevin Thomas,c7a9671f,5aa4a154-2,0.0,East April,47.65,Delivered
2024-11-18,East,Technology,Phones,429.44,1.0,-7.75,Tiffany Chase,8b11dd1a,026c2ca6-0,0.3,South Reginald,19.92,In Transit
2023-06-25,Central,Office Supplies,Binders,622.23,,118.28,Duane Young,386d9b1c,8bf089b1-4,0.0,Christinaberg,18.76,Returned
2024-07-25,South,Furniture,Bookcases,213.79,1.0,-7.12,Heather Townsend,e22b33c5,8ffda849-f,0.0,Georgeberg,29.71,Returned
2024-01-15,East,Furniture,Furnishings,706.99,2.0,-41.24,Melissa Conway,aaf757d6,169c7d13-e,0.2,Samuelbury,44.99,Delivered
2024-09-28,South,Office Supplies,Art,698.55,9.0,73.25,Jean Evans,c3ce7254,3ecd1b60-3,0.0,Lake Mark,19.93,Delivered
2025-05-14,Central,Office Supplies,Binders,748.99,9.0,-27.62,Michelle Russell,eb2618d0,77aa8f92-2,0.2,Josephton,47.52,Delivered
2023-08-10,South,Furniture,Furnishings,627.87,3.0,-75.96,Travis Clark,0297ed1b,2fe77eab-4,0.2,South Karifurt,,Delivered
2023-01-15,Central,Office Supplies,Binders,220.76,5.0,20.19,Stephanie Martinez,45038574,f5fcbdb1-7,0.2,Jefferyhaven,41.13,In Transit
2023-09-20,West,Furniture,Bookcases,674.76,5.0,,Gabriel Harper,6a5bf746,ae6fd43a-2,0.1,Craigberg,13.98,Delivered
2023-10-16,South,Technology,Machines,447.02,2.0,112.82,Crystal Wells,d60a7873,b631ee5f-2,0.1,West Lindseyton,8.19,Delivered
2023-01-26,West,Technology,Machines,889.06,8.0,250.74,Haley Hill DDS,264c70b3,1175824d-5,0.0,Carrfort,13.31,Delivered
2023-12-14,South,Furniture,Chairs,235.66,6.0,44.2,Yolanda Lopez,bc09a66d,e8b7f01e-4,0.0,Howestad,27.84,Delivered
2024-01-05,West,Office Supplies,Binders,734.75,10.0,142.59,Jesse Smith,2941ec71,8cf42148-f,0.0,Christopherberg,27.05,Delivered
2023-11-04,West,Office Supplies,Labels,518.61,10.0,137.25,Raven Rogers,3f15a38b,5871bce4-a,0.3,Jeremyside,23.37,Delivered
2022-12-18,East,Technology,Machines,516.45,2.0,-101.0,John Lee,e3c9d591,17069677-d,0.0,Virginiaberg,33.34,Delivered
2024-06-27,South,Technology,Machines,580.9,6.0,143.18,Henry Mitchell,5e2fad42,08322687-5,0.0,Lake Michelle,37.43,Delivered
2022-08-27,East,Furniture,Furnishings,465.7,7.0,-49.93,Darren Armstrong,8b280670,160291d8-b,0.1,Coxhaven,22.67,Delivered
2023-12-09,Central,Office Supplies,Binders,737.16,5.0,-48.01,Donald Walker,fa7cef32,4be44f6e-4,0.0,West Kimberlyberg,17.62,In Transit
2025-07-03,East,Furniture,Chairs,282.23,4.0,41.8,Matthew Schmidt,a6201e05,0f7663b1-8,0.0,Williamshire,25.93,Delivered
2024-11-20,South,Furniture,Furnishings,515.99,9.0,-71.82,John Garza,76d6cc49,077146c2-4,0.3,North Bryanberg,14.8,Delivered
2024-03-15,South,Office Supplies,Labels,310.8,10.0,,Sharon Wong,2076a122,0a5f4bf2-2,0.0,South Carmen,46.94,Delivered
2022-08-03,South,Technology,Accessories,241.76,5.0,8.26,Paul Yates,e8f052d7,4084ee56-5,0.1,Hamptonfort,38.15,In Transit
2023-01-23,West,Furniture,Chairs,52.4,1.0,8.17,Stephanie Allen,f0b65be2,499e3afa-c,0.0,New Mistytown,27.09,In Transit
2025-04-19,West,Office Supplies,Art,607.74,7.0,134.9,Jordan Carter,8f7643f6,e1ebeb94-5,0.0,Port Sharonshire,13.47,Delivered
2024-04-23,East,Technology,Accessories,441.28,10.0,-7.17,Allison Wells,6734db71,09a8797b-0,0.1,Kennethhaven,41.19,Delivered
2022-12-28,South,Furniture,Bookcases,71.38,2.0,7.77,Kristen Murray,4a8c2e77,6ba889ba-1,0.3,East Daniel,8.21,Cancelled
2025-04-11,West,Furniture,Tables,39.47,2.0,-0.93,Nicole Allen,0078fa90,ccd73bcf-1,0.0,Amberfurt,32.67,Delivered
2023-04-17,South,Technology,Phones,996.27,4.0,,Christopher Watson,205eb7b8,92382163-1,0.1,Lake April,29.24,In Transit
2025-01-17,South,Office Supplies,Art,396.5,,-6.9,Brenda Patterson,57447d42,c21a2cbc-8,0.0,North David,18.26,Delivered
2022-12-28,East,Office Supplies,Labels,203.43,3.0,48.54,Jamie Wade,4998b4d1,c8dd6b41-d,0.2,Garciastad,45.22,Delivered
2025-04-11,South,Office Supplies,Paper,251.77,10.0,57.1,Jeffrey Barnett,835b6fb7,4d6efb98-1,0.3,Port Joshua,24.08,Delivered
2025-04-22,South,Technology,Phones,892.92,1.0,-146.17,Michelle Gordon,a4f03e56,8f1ff905-4,0.0,Coltonberg,11.89,Delivered
2023-09-08,East,Furniture,Tables,60.24,8.0,11.93,Joseph Barrett,ced0c774,41d534ce-b,0.0,Bakerfurt,11.45,In Transit
2025-01-16,West,Technology,Machines,849.88,10.0,-125.92,Julie Murphy,83b57eda,50b14521-8,0.1,West Suzanne,41.04,Delivered
2023-06-12,South,Furniture,Furnishings,856.73,6.0,123.22,Miguel Bowers,72dfdc39,c3c2a8f0-e,0.2,Lake Jacobview,5.9,Delivered
2025-01-23,West,Furniture,Furnishings,988.53,4.0,92.29,Katherine Avila,64502d1b,0e6db20e-9,0.0,New Michael,20.0,Delivered
2024-10-29,West,Office Supplies,Art,541.31,4.0,47.91,Jason Reyes,c711ea2d,8a9faeac-c,0.0,North Alejandrobury,5.06,Cancelled
2024-06-30,West,Office Supplies,Paper,973.9,8.0,-190.13,Derek Moses,775436a1,ff0c1c2c-d,,New Tammie,35.79,Delivered
2024-06-11,South,Office Supplies,Labels,113.48,5.0,28.62,Sara Harris,2e585f52,9da4df98-6,0.1,Lake Gabriellefurt,31.31,In Transit
2024-02-12,South,Technology,Copiers,479.85,7.0,55.08,Noah Adams,7f1c2961,e54a2b53-e,0.3,Port Samantha,19.03,In Transit
2023-05-04,East,Furniture,Bookcases,635.14,6.0,68.55,Stephanie Nelson,21bebbbf,d737d13c-9,0.0,Toddfurt,9.15,Delivered
2024-02-22,East,Office Supplies,Art,733.47,2.0,-0.99,Ashley Jones,fba4ae3a,c1c38742-2,0.3,South Brookeborough,34.48,Delivered
2025-01-12,West,Technology,Accessories,10.61,,3.03,Kevin Munoz,1645a31c,2e3a9d66-3,0.0,West Ericaview,26.32,Delivered
2024-09-25,Central,Office Supplies,Paper,412.38,2.0,-24.25,Michael Hanna,76d7121d,21a5adf0-8,0.2,East Toddchester,11.42,In Transit
2024-09-14,East,Technology,Machines,686.52,5.0,,Victoria Fleming,ce26ecb5,1fb8c61e-3,0.3,Lake Jessica,27.45,Delivered
2022-07-27,South,Furniture,Chairs,780.38,7.0,84.71,Andrew Lee,92f773b6,e378dcf1-8,0.2,Delgadoview,43.86,Delivered
2022-10-05,South,Furniture,Chairs,963.29,9.0,135.87,Joseph Blackburn,71b8bfcc,ef45c08d-1,0.3,East Brianna,15.26,In Transit
2025-01-21,South,Furniture,Bookcases,146.14,8.0,25.32,Marco Morales,79fee6df,e2fca5a4-1,0.2,East Francistown,20.2,Delivered
2024-08-12,South,Office Supplies,Binders,,10.0,46.46,Ronald Steele,db8c41f3,ea75b5b9-5,0.1,East Christopher,19.87,Delivered
2023-07-30,South,Technology,Machines,860.98,10.0,39.93,Austin Moore,999d9ca4,3a1910bc-9,0.1,East Tina,28.86,In Transit
2023-10-13,West,Office Supplies,Binders,57.29,2.0,2.27,Joshua Edwards,481bc2e0,93a26354-9,0.0,Michaelland,31.7,Delivered
2024-07-10,Central,Technology,Accessories,821.11,5.0,-113.53,Janet Whitehead,d7177542,d9f05e60-0,0.1,Port Michaelville,19.6,Delivered
2024-01-16,West,Office Supplies,Binders,148.11,3.0,-29.45,Casey Carey,f1147e57,5b31ea10-1,0.1,New Kimberlyview,31.1,In Transit
2023-12-16,West,Furniture,Furnishings,142.23,9.0,-11.9,Brenda Fitzpatrick,e2389fd9,6af7feb9-9,0.0,North Marioshire,7.06,Delivered
2025-04-18,West,Furniture,Furnishings,310.13,3.0,,Sean Ward,32cc66c8,e47b7446-6,,West Amandaberg,5.04,Returned
2024-02-14,East,Office Supplies,Labels,469.84,8.0,57.04,Sara Cox,d0ce6498,b3426399-4,0.0,New Madisonton,27.59,Delivered
2024-08-17,Central,Office Supplies,Binders,916.03,7.0,-18.63,Eric Byrd,fa57934a,a38051de-9,0.2,New Roy,46.15,In Transit
2023-01-03,West,Office Supplies,Art,636.03,9.0,167.47,Wanda Wiggins,6a05789d,65c272db-6,0.2,Youngside,13.64,In Transit
2025-04-21,South,Furniture,Tables,207.93,6.0,48.74,Laurie Davenport,3fc352c0,664bbc59-9,0.0,Smithmouth,42.78,Delivered
2025-01-02,West,Office Supplies,Binders,867.79,5.0,23.67,Michael Smith,066c3a3d,62329e97-1,0.0,Adamside,29.58,Returned
2023-09-28,East,Technology,Accessories,233.25,8.0,-42.6,Wesley Lee,9d9e2e9c,7601f2d0-3,0.0,Port Christineberg,14.37,Delivered
2023-05-23,West,Technology,Machines,244.28,1.0,26.04,Tiffany Farrell,23cdcbc9,9522972a-0,0.1,Danielleland,42.91,Delivered
2023-04-29,Central,Furniture,Tables,158.02,3.0,-27.52,Christopher Cortez,df35d8b8,270e2c75-9,0.2,Monroeview,36.15,In Transit
2024-05-09,Central,Furniture,Furnishings,462.95,9.0,,Austin Roberts,fc6b519e,a0c2eb02-3,0.0,Williamschester,17.58,Delivered
2022-11-24,Central,Furniture,Bookcases,63.27,4.0,1.22,Meredith Lester,33361903,23bbebdd-0,0.2,Guzmanbury,17.42,Delivered
2022-10-20,Central,Furniture,Furnishings,77.65,7.0,18.44,Jeremy Guzman,fd6a36fe,f6526c5f-7,0.3,Lake Samanthamouth,5.56,In Transit
2023-10-10,Central,Technology,Phones,284.06,9.0,33.06,Rita Hicks,a34d6f36,0c44a5be-9,0.0,Adamfort,11.88,In Transit
2023-03-12,East,Office Supplies,Binders,151.7,6.0,-0.74,Michelle Bradley,86f1d048,a0d02981-6,0.0,Patriciaport,46.18,Delivered
2023-05-18,East,Technology,Phones,624.34,9.0,77.06,Michael White,9147cb27,39dbf5ab-2,0.0,Anneview,28.95,Delivered
2023-09-27,West,Furniture,Bookcases,523.93,8.0,138.23,Joseph Benjamin,5e7259cc,e64c65c3-6,0.1,Ebonymouth,11.19,Delivered
2024-07-27,Central,Furniture,Tables,,1.0,22.46,Justin Burns,4f2bc965,c233371e-a,0.2,Myersfurt,42.24,
2025-05-09,Central,Technology,Machines,311.91,4.0,-46.1,Jacob Fields,5d278676,dac7f19f-5,0.2,East Kathy,31.41,Delivered
2023-04-17,West,Technology,Phones,520.27,2.0,150.95,Veronica Cruz,a90126ae,6b091ba7-9,0.0,West Brittney,31.06,Delivered
2024-06-09,East,Office Supplies,Binders,109.52,1.0,14.78,John Williams,2cb032e6,16e13000-0,0.0,West Lisamouth,6.59,Delivered
2023-08-18,East,Technology,Machines,104.23,7.0,11.16,Gabriella Allen,bc0d63e9,4eb7a5df-2,0.0,West Carolburgh,40.61,Delivered
2025-04-29,West,Technology,Copiers,348.07,7.0,79.97,Mrs. Holly Hayes DVM,f2d4bd7c,fbbe27d6-d,,West Richard,47.94,Delivered
2023-01-10,East,Furniture,Chairs,253.7,10.0,70.96,Sue Murray,56903cf2,1c7b4d03-6,0.3,Mccoyfort,43.02,Delivered
2025-05-30,West,Technology,Phones,99.29,7.0,-4.79,Andrew Miller,82951694,d265371c-9,0.0,Crystalview,14.09,Cancelled
2024-02-15,East,Office Supplies,Art,533.89,5.0,24.66,Alicia Brewer,557b8221,0dab3cc0-1,0.2,North John,34.81,Delivered
2025-03-06,South,Office Supplies,Binders,569.81,2.0,-40.05,Mary Hamilton,b33de3bc,f77b43ad-6,0.2,East Vernonchester,29.76,Returned
2024-06-16,West,Furniture,Furnishings,490.63,4.0,-95.46,Emily Farley,77757f50,8d9ac24c-9,0.0,Lake Douglas,43.19,Delivered
2024-10-22,South,Furniture,Chairs,312.33,1.0,-48.43,Stephen Keller,c8be3020,3b5eb2be-8,,Susanberg,32.99,Delivered
2023-08-09,South,Furniture,Bookcases,111.31,10.0,-11.56,Steven Fry,aa54ec58,d40c19ae-a,0.2,West Debra,23.3,In Transit
2023-09-16,West,Office Supplies,Art,569.53,9.0,-9.22,Thomas Williams,1bd63b7f,113d0ca1-1,0.2,Jeffreyfort,5.77,Delivered
2023-06-26,South,Technology,Phones,661.86,8.0,195.08,Kayla Raymond,a03e3e40,aa8738a1-0,0.0,Vargasmouth,49.74,Cancelled
2023-12-23,Central,Office Supplies,Art,178.35,,5.2,Natasha Neal,5c133856,a4284275-9,0.0,North Teresachester,13.88,Cancelled
2024-04-13,West,Furniture,Furnishings,178.24,2.0,40.19,Dr. Frances Serrano,052ee90f,73c0d037-7,0.3,Matthewport,44.03,Delivered
2024-12-21,East,Furniture,Bookcases,,10.0,5.94,John Kelley,267f7d35,99674a4e-8,0.0,Leborough,28.07,Returned
2025-07-02,West,Office Supplies,Art,901.38,6.0,160.07,Julie Aguilar,ce7bbe25,3ce8535a-e,0.2,North Antonioborough,33.48,Delivered
2023-03-09,Central,Technology,Copiers,919.43,2.0,274.44,Rick Eaton,098b4807,a3614ecb-6,0.0,West Steven,19.28,Returned
2023-05-20,Central,Furniture,Bookcases,317.95,6.0,75.96,Adam Todd,7c3e2806,e9ed7890-9,0.2,Sydneyfurt,20.31,Delivered
2023-02-22,East,Furniture,Chairs,344.84,3.0,17.82,Samantha Davis,396e1f8d,18191b34-7,0.1,Lake Michaelbury,12.07,Delivered
2024-03-06,East,Furniture,Tables,202.88,5.0,,Tanner Stevens,3a87ef47,8aa5399a-8,0.0,East Maryland,41.44,In Transit
2024-04-15,Central,Furniture,Chairs,904.83,6.0,242.58,Sheena Hughes,07a3f870,ac4c0f41-7,0.3,East Williamborough,23.98,Delivered
2024-09-09,South,Furniture,Bookcases,382.74,9.0,50.49,Kyle Duran,31aa0904,ee4b4260-d,0.2,North Breanna,45.38,Delivered
2024-07-28,Central,Furniture,Bookcases,573.34,1.0,170.38,Victoria Rice,606d78cc,abe000cd-8,0.1,West Tonyaville,16.01,Delivered
2025-03-01,West,Furniture,Tables,,6.0,-12.85,Michael Acevedo,b7ba1438,89a83d53-c,0.3,Christinemouth,26.54,Delivered
2022-10-22,Central,Technology,Phones,303.43,8.0,24.48,Dr. Rachel Padilla,6d139aa3,cdbe0116-a,0.2,South Karen,20.5,Delivered
2023-01-07,Central,Office Supplies,Art,457.0,2.0,51.96,Cindy Newton,4ba0f4bd,33aa3d72-9,0.0,Port Edward,45.36,In Transit
2023-02-14,West,Technology,Accessories,535.72,2.0,13.71,Katie Meyers,5fe94156,b5edbbfd-b,0.0,North Billyshire,34.31,Delivered
2023-12-25,East,Technology,Phones,555.41,8.0,-6.02,Julie Lutz,2f83c9a9,d7a675cb-b,0.0,North Dawnborough,18.73,Returned
2023-04-12,Central,Office Supplies,Paper,,6.0,-117.55,Bradley Bruce,573bbcdb,d5c32ce1-4,0.1,North Ericside,46.62,In Transit
2023-05-05,West,Furniture,Tables,996.61,5.0,66.15,Michelle Williams,aab82cd7,6e55b4a7-6,0.1,Port Adrianburgh,48.55,Delivered
2023-01-01,Central,Office Supplies,Paper,35.83,9.0,0.85,Holly Elliott,af7c7464,65a10e3b-d,0.0,South Johnnychester,25.58,Delivered
2023-08-05,Central,Technology,Phones,202.92,7.0,33.52,Zachary Williamson,a5209862,defb1a43-4,0.3,Julieville,5.47,Delivered
2023-04-18,East,Furniture,Tables,319.87,6.0,64.28,James Duncan,4b2c9bef,231a691b-6,0.1,Castroburgh,41.12,Cancelled
2024-02-18,Central,Office Supplies,Art,798.75,5.0,23.75,Corey Duran,f3f3f91d,37b60038-9,0.0,West Ryanland,9.04,In Transit
2022-09-24,South,Technology,Accessories,93.94,1.0,-17.62,Belinda Hughes,982bad78,3d60cfe0-f,0.0,Riggschester,47.64,Delivered
2023-01-10,Central,Technology,Copiers,827.73,4.0,-108.29,Amy Wood,4eb41fb0,81b68d6f-d,0.2,Brendaborough,17.23,In Transit
2025-04-27,West,Office Supplies,Binders,668.54,5.0,83.76,Sandy Parsons,00aaf731,683ec17a-5,0.0,Mariamouth,34.83,Cancelled
2024-07-27,South,Furniture,Chairs,,7.0,-88.86,Elizabeth Thompson,d38d87dc,e282fc84-6,0.0,North Michael,32.25,Returned
2024-01-12,Central,Technology,Copiers,435.92,8.0,13.51,Amy Maxwell,dba496c1,de28a478-8,0.2,Joshuamouth,26.11,Cancelled
2025-03-29,West,Technology,Phones,276.98,6.0,6.58,James Smith,2c4a00ab,5c457e6e-0,0.2,Greenshire,25.68,In Transit
2023-11-08,East,Office Supplies,Binders,397.18,1.0,-22.05,Christopher Tucker,3cf1f4a8,293e2cfe-e,0.0,East Miaville,24.54,In Transit
2025-06-16,West,Technology,Machines,636.86,10.0,12.85,James Garner,a00a9d65,a8a972d7-d,0.0,Timothybury,33.72,Returned
2024-02-03,West,Furniture,Bookcases,920.18,4.0,-125.83,Matthew Shaw,0c32bee8,7d53432a-1,0.0,Wolfburgh,49.26,Delivered
2023-06-23,Central,Office Supplies,Paper,200.69,2.0,43.04,Nicholas Simmons,cb67c8cd,ea27d6ca-d,0.2,East Edwinport,47.33,Cancelled
2024-01-14,West,Office Supplies,Paper,246.63,1.0,-15.05,Alyssa Rice,fc768e8b,d8f0948d-6,0.2,Sandersside,12.93,In Transit
2024-07-24,West,Furniture,Bookcases,307.87,1.0,1.45,Sheena Mata,13b587a9,b0046713-2,0.0,Phillipstown,12.17,Delivered
2022-09-10,Central,Office Supplies,Labels,864.38,7.0,-21.25,Jose Gonzalez,a4a98a9a,dd0fe973-2,0.0,Atkinsland,31.67,In Transit
2025-05-25,East,Technology,Accessories,,7.0,110.52,Victoria Dickson,d2133a08,68545842-b,0.1,Lake Cynthiafurt,49.32,Delivered
2024-09-16,Central,Furniture,Furnishings,28.11,1.0,-3.2,Taylor Johnson,356c60dc,673e584f-f,0.0,Gregorymouth,47.93,In Transit
2022-08-25,South,Furniture,Furnishings,105.46,4.0,-7.43,Scott Gomez,80a3deb3,82bf52b7-8,,Bryantmouth,21.67,Delivered
2023-06-18,South,Office Supplies,Paper,574.16,4.0,-72.03,Joseph Frazier,1864d6f6,52f9350d-7,0.0,Elliottberg,39.42,Cancelled
2023-08-09,West,Technology,Copiers,274.82,,21.99,Melanie Rangel,2ac0d77e,b062232a-b,0.2,Lake Karen,45.34,Delivered
2024-02-20,West,Technology,Phones,636.37,3.0,26.92,John Gomez,0ecaadc4,a8593505-f,0.1,Bennettstad,13.52,In Transit
2025-04-16,East,Furniture,Chairs,343.38,6.0,30.18,James Patel,3ae02b22,8e5a42ad-6,0.2,Port Heatherview,23.9,In Transit
2023-05-07,South,Office Supplies,Art,,,47.19,Drew White,4da34b5f,26f84fb2-9,0.1,Curryberg,15.41,Delivered
2023-09-11,East,Technology,Machines,471.36,3.0,16.35,Anthony Rodgers,6018ed65,19a92612-6,0.0,Port Susan,16.51,In Transit
2024-04-04,East,Office Supplies,Paper,684.09,8.0,95.04,Stacy Parks,715a649e,db43fadd-c,0.0,Port Brianfort,7.27,Delivered
2025-03-28,Central,Furniture,Tables,532.06,2.0,-19.33,Michele Mitchell,2610ecf2,5754d7f3-f,0.2,Port Robert,7.33,Delivered
2023-11-14,Central,Furniture,Furnishings,402.84,7.0,30.93,Jeffery Taylor,76455ff3,cec2d0a2-1,0.0,West Dustin,43.28,Delivered
2023-05-07,Central,Technology,Machines,495.76,1.0,61.99,James Barton,e33a3411,96272a18-7,0.2,Mariaberg,29.27,
2023-11-10,West,Furniture,Furnishings,602.05,10.0,68.9,Natalie Randolph,d04b7f5f,732ac799-f,0.0,West Nicole,19.75,Cancelled
2025-05-26,South,Office Supplies,Art,313.2,1.0,-28.9,Todd Stewart,df91e03a,c2034703-b,0.0,Russellshire,16.22,Cancelled
2023-07-04,West,Office Supplies,Labels,974.73,7.0,132.88,Daniel Bishop,121e0fce,c02d90c1-8,0.0,North Davidside,29.25,In Transit
2024-03-12,East,Technology,Copiers,713.18,8.0,63.78,Donald Townsend,182fce88,f5b23750-9,0.2,Pachecofort,49.03,Delivered
2024-01-16,East,Furniture,Chairs,846.96,10.0,11.31,Toni Taylor,43709632,211cca63-a,0.2,Lake David,24.8,In Transit
2023-11-12,West,Technology,Phones,975.43,8.0,-104.62,Ricardo Franklin,9598359f,ca85b86b-8,0.1,Derekchester,,Delivered
2023-05-15,West,Furniture,Bookcases,660.38,1.0,83.85,Jessica Gillespie,1fbae63b,33a4e042-6,0.3,West Nicholasstad,23.93,Delivered
2023-02-06,Central,Furniture,Bookcases,195.42,3.0,39.47,Sheryl Jacobs,d1ba3775,ccac3197-1,0.2,Greerhaven,24.22,Delivered
2022-07-16,West,Office Supplies,Labels,633.81,10.0,17.67,Jaime Wilson,2c035af0,cb62e780-c,0.1,Christopherburgh,14.33,Cancelled
2025-05-29,East,Office Supplies,Binders,172.21,8.0,23.9,Jason Briggs,c97a78d0,4f8904b9-0,0.0,Williamsview,30.5,Returned
2023-08-02,Central,Furniture,Bookcases,215.8,8.0,15.4,Charles Ross,27a67038,c0f09a7f-d,0.0,Maryville,43.54,Delivered
2025-04-30,West,Furniture,Furnishings,686.5,7.0,8.02,Jennifer Cooper,7433b02e,38bfa852-0,0.2,West Angelaville,23.44,Delivered
2024-10-19,West,Furniture,Chairs,483.51,1.0,-23.56,Angela Daniels,67c16320,74b1b9af-f,0.0,Kaylafurt,25.55,In Transit
2022-12-25,East,Office Supplies,Paper,795.19,1.0,-128.44,David Zimmerman,cc688053,57c41caf-2,0.0,North Crystalmouth,43.82,In Transit
2022-12-21,East,Furniture,Bookcases,,5.0,-2.0,Melanie Barry,683eacd3,2ce0f526-d,0.1,Curryton,17.24,Delivered
2025-05-02,East,Office Supplies,Paper,415.07,5.0,15.09,Valerie Hardy,02e3de0a,3e8603fb-f,0.0,Lake Matthew,35.39,In Transit
2024-11-13,West,Technology,Accessories,701.6,7.0,-121.28,Shelby Johnson,b7055495,17ef02e5-3,0.1,Hollandberg,19.9,Delivered
2025-04-11,East,Technology,Accessories,434.57,10.0,5.44,Sarah James,fabcc926,b9b4b5be-4,0.0,Oliviaton,49.63,In Transit
2025-04-20,Central,Office Supplies,Paper,94.74,9.0,18.87,Adam Rodriguez,b06471f2,c65caaf0-4,0.0,Lake Justinfort,17.12,Delivered
2024-08-24,Central,Office Supplies,Paper,508.53,8.0,-52.51,Sharon Williamson,13676a35,09600b38-5,0.1,Lake Brianfort,33.48,Returned
2024-05-03,East,Furniture,Tables,560.61,2.0,162.17,Sean Dixon,eb23b1f4,8b50b9fb-9,0.2,North Marthaburgh,38.83,Delivered
2023-04-03,Central,Technology,Copiers,757.54,10.0,-4.87,Ashley Warner,c9ccd0ff,c03bbdfd-2,0.0,Melissaberg,38.63,In Transit
2025-04-23,East,Technology,Copiers,635.1,7.0,25.39,Amanda Brown,4c537926,3b112cd8-e,0.1,West Michaelhaven,42.48,Delivered
2025-03-05,Central,Technology,Machines,49.22,6.0,-4.63,Nancy Williams,1a1b119f,eb7e55e9-d,0.0,Danielhaven,21.1,Delivered
2024-02-23,East,Office Supplies,Art,447.31,5.0,-81.13,Cynthia Hall,12294be5,5a70a04a-1,0.1,South Brandonland,25.78,Delivered
2023-10-29,Central,Office Supplies,Labels,200.69,4.0,-29.82,Melissa Jones MD,bd5cf41b,c7ac5427-0,0.0,Lake Cindybury,8.51,Delivered
2022-07-27,South,Technology,Phones,720.69,5.0,212.57,Nicolas Miller,742a080e,439e138f-2,0.0,Noahtown,32.71,Cancelled
2025-03-17,West,Technology,Copiers,447.23,2.0,-17.59,Rebecca Lowery,7474bccb,87ca0767-c,0.0,Port Derekbury,9.02,In Transit
2025-04-02,South,Office Supplies,Binders,820.35,9.0,90.36,Zachary Wood,6f0f38e4,b40e8d8a-a,0.0,Jamestown,5.83,Delivered
2024-03-09,West,Office Supplies,Labels,362.59,10.0,-69.68,Matthew Lopez,af3a8569,35856225-2,0.0,Andrewschester,42.65,Delivered
2025-05-18,West,Technology,Accessories,158.64,1.0,36.28,Nathaniel Davenport,c5d0aff5,cc3d3622-8,0.0,New Rogerchester,13.22,Delivered
2023-10-05,Central,Technology,Accessories,259.66,8.0,,Michael Wallace,c6548162,97c8df3e-d,0.2,Bradyview,33.23,In Transit
2022-10-12,Central,Office Supplies,Paper,680.87,10.0,-23.62,Rodney Weaver,655e9d8c,eaaca0b9-7,0.0,Bonnieberg,14.16,Delivered
2024-04-27,Central,Technology,Accessories,33.46,7.0,-3.46,Katherine Weiss,a5e7a3f1,563dbcd4-4,0.0,,46.5,In Transit
2023-01-12,West,Furniture,Tables,91.86,3.0,-5.85,Richard Porter,62b45a90,e56ea940-4,0.0,Kingville,45.78,Delivered
2025-01-22,South,Furniture,Tables,577.73,2.0,-21.61,Mercedes Smith,c34e3951,7ba4637b-0,0.0,South Michealborough,10.61,Delivered
2024-11-10,West,Technology,Machines,250.98,10.0,-20.03,Christina Green,0219b2d8,368daa10-8,0.1,Port Jeffreystad,26.64,Delivered
2025-04-03,South,Office Supplies,Art,249.74,6.0,-47.71,Traci Perez,15a7480f,5d81515e-2,0.1,Williamsside,16.31,Delivered
2024-11-22,Central,Furniture,Furnishings,791.24,7.0,-24.07,Mr. Scott Duran,4591ce56,33070283-b,0.0,Port Meghanview,7.92,In Transit
2024-02-02,West,Office Supplies,Binders,179.9,1.0,48.76,Carol Davis,775906b6,e2d363a5-f,0.0,Tiffanymouth,13.26,Delivered
2023-01-30,West,Technology,Phones,163.94,10.0,-10.55,Shannon Fox,354f3210,2cc2b268-3,0.1,North Jamie,29.93,Delivered
2022-10-09,Central,Office Supplies,Binders,546.05,10.0,121.28,Katherine Hill,69d9d2ae,6250b46e-a,0.0,North Malikmouth,14.33,Delivered
2024-06-10,East,Office Supplies,Paper,673.54,5.0,72.47,Luis Mitchell,832b5d59,31857114-e,0.2,Chenburgh,25.2,Delivered
2024-03-05,East,Furniture,Tables,850.22,,-49.7,Holly Bennett,0d56b8eb,2e1376c9-c,0.2,Gibbsbury,10.08,Delivered
2022-09-17,Central,Technology,Phones,202.01,2.0,30.66,Sean Yoder MD,9987d3a9,5d8b9fa5-5,0.1,Garrettmouth,26.4,Delivered
2025-03-08,Central,Office Supplies,Labels,137.41,2.0,8.29,Edward Lopez,9779bb87,7ab93c9d-a,0.2,North Brendamouth,43.78,Delivered
2024-11-26,South,Technology,Accessories,557.65,4.0,42.96,Melinda Harrison,74e4a8ff,0cf5f6a5-8,0.2,Johnsonburgh,17.3,Delivered
2023-04-21,East,Furniture,Furnishings,63.18,8.0,-3.76,Isaiah Lutz,b2abd30e,9234a9f2-6,0.3,Annmouth,17.13,Delivered
2025-06-23,South,Office Supplies,Paper,985.83,8.0,136.23,Laura Yang,7137737d,ab3e4d93-6,0.2,South Larryside,45.54,Delivered
2023-08-06,Central,Office Supplies,Labels,667.91,7.0,177.24,Alicia Stafford,8d24482f,bd7ecab7-f,0.2,East Jacquelineburgh,15.62,Delivered
2024-09-10,South,Furniture,Tables,279.58,1.0,,Donald Cook,d348a131,0851a254-7,0.2,Carlaberg,12.1,Delivered
2024-05-24,West,Office Supplies,Paper,764.33,5.0,211.09,Jennifer Jones,8ed45ada,76121adc-7,0.3,Mooreville,49.86,Delivered
2024-08-02,South,Office Supplies,Labels,723.01,8.0,62.38,Annette Freeman,6e902e36,b1e6f11c-d,0.2,Port James,12.31,Delivered
2025-04-29,South,Technology,Accessories,821.81,10.0,73.49,Jillian Ward,d9356bcf,6fadcb57-6,0.2,West Audrey,47.86,Delivered
2023-03-07,Central,Technology,Phones,327.56,5.0,49.52,Danielle Dickerson,70ad8eb7,d2276198-1,0.0,Port James,39.88,Delivered
2023-06-13,West,Furniture,Furnishings,839.41,6.0,37.44,David Baker,a8cb4790,552b0352-9,,North Angel,28.8,Delivered
2023-09-08,East,Furniture,Furnishings,671.49,4.0,2.4,Donna Baldwin,59f0fa1e,34f2593e-f,0.1,Tammyview,32.7,Delivered
2023-09-08,West,Furniture,Furnishings,708.45,1.0,-0.06,David West,6158760c,123de40a-4,0.1,Savannahburgh,28.94,Delivered
2025-05-12,Central,Office Supplies,Art,794.62,3.0,-52.09,Howard Hayes,6c695d58,6fcaa9e5-5,0.0,Lynchberg,12.78,Delivered
2022-08-25,Central,Office Supplies,Labels,157.15,6.0,-6.26,Peter Williams,7ef7f69e,524f795f-0,0.0,Davisburgh,43.93,In Transit
2023-12-17,Central,Furniture,Furnishings,608.03,4.0,,Michael Brooks,be1583bd,0e48521a-b,0.1,Garyfort,47.28,Cancelled
2025-06-07,South,Furniture,Chairs,436.88,7.0,-16.35,Jacqueline Sanders,fbff3730,26675b2d-9,0.2,Lake Robinshire,11.6,Delivered
2023-04-26,East,Office Supplies,Binders,385.36,10.0,83.16,Joseph Powell,7b58d3a8,2cfe0134-2,0.0,Melissaport,14.74,In Transit
2023-10-04,South,Office Supplies,Paper,964.03,9.0,207.09,Shawn Fitzgerald III,5d4eb5e5,e3838aa2-9,0.2,New Carl,,Delivered
2023-04-06,Central,Furniture,Furnishings,,6.0,-86.77,Alexandria Scott,e0e18184,9dfb0eeb-6,0.0,Josestad,40.46,Delivered
2025-03-10,East,Furniture,Furnishings,95.99,4.0,0.02,Troy Tran,1be47ef1,26b95922-f,0.0,East Dianashire,45.11,Cancelled
2022-11-02,West,Furniture,Tables,726.78,4.0,183.13,Amanda Wood,c4c512f6,777f5871-a,0.1,East Justin,31.07,Delivered
2024-11-07,Central,Furniture,Bookcases,815.75,10.0,106.99,Jason Brown,5be0373d,73728743-d,0.1,West Peter,37.42,Delivered
2023-06-16,East,Office Supplies,Art,502.43,10.0,-7.19,Ashlee Sullivan,4d2bc52a,3a4ba6d6-c,0.2,Port Evan,46.96,In Transit
2023-12-31,Central,Furniture,Bookcases,273.87,1.0,-4.8,Heather Ortiz,9a6f32ad,a4cc7ca1-2,,Theresaton,12.76,Delivered
2025-04-10,South,Technology,Copiers,369.99,7.0,75.29,Robert Price MD,d0d6cce4,e493c120-e,0.2,North Sandra,9.64,Delivered
2022-11-26,West,Furniture,Tables,596.13,8.0,18.67,Andrea Gordon,b87aeb1f,cdf9b2c9-a,0.0,Torresstad,11.01,Cancelled
2024-11-02,East,Furniture,Tables,72.11,4.0,10.45,Robin Cole,999e7ccf,7f4c9bec-9,0.3,Kurtfurt,6.22,Delivered
2022-12-14,South,Technology,Machines,243.77,2.0,16.8,Hannah Sweeney,73b93172,662a0aa4-c,0.0,Stephaniebury,31.36,Delivered
2023-02-17,West,Office Supplies,Art,528.53,9.0,50.09,Stephen Coleman,7ab65928,74665071-5,0.1,Rachelchester,41.63,Delivered
2022-08-27,West,Technology,Machines,831.39,7.0,194.72,Dr. Felicia Bennett,72dbc0e7,e5306c8f-2,0.1,New Victoriashire,11.56,In Transit
2023-09-02,East,Furniture,Furnishings,575.94,6.0,32.51,Linda May,2f98d383,c6b9f0b4-c,0.2,Jeremiahtown,43.86,Delivered
2022-08-07,East,Furniture,Furnishings,454.46,10.0,11.46,Daniel Parker,0ab6c543,0626f31e-d,0.2,Lake Emily,36.66,In Transit
2024-01-02,South,Technology,Machines,125.82,5.0,-15.71,Kathryn Williams,78d91afd,0f028efb-8,0.1,Novakport,36.73,Cancelled
2024-09-08,East,Furniture,Chairs,207.47,2.0,-36.83,Anthony Taylor,69b61e03,b219ff06-a,0.3,West Sheriton,48.58,Delivered
2022-07-27,West,Technology,Phones,796.07,,155.67,Kayla Silva,b44cabdc,d18f3575-6,0.3,Olsenberg,27.5,Delivered
2025-03-05,South,Office Supplies,Binders,,9.0,-16.22,Patrick Gardner,0db36b7a,b73a4117-3,0.0,Lewismouth,28.45,In Transit
2024-05-30,South,Office Supplies,Paper,871.91,7.0,12.86,Sherry Morris,70c0198f,5f358c5d-c,0.2,Jessicaburgh,33.11,In Transit
2023-01-17,West,Technology,Machines,95.41,6.0,22.87,Daniel Harrington,4ac832e9,c936d900-f,0.2,East Jenniferstad,35.81,Delivered
2023-10-23,Central,Furniture,Furnishings,493.77,5.0,110.45,Debbie Kim,033058ff,e9df2b55-4,0.2,West Denisestad,46.43,In Transit
2023-08-04,Central,Furniture,Tables,,4.0,31.73,Emily Olson,3c216c2d,05db1144-6,0.2,Andreatown,43.71,Delivered
2024-03-10,East,Technology,Phones,599.7,4.0,-28.62,Mr. Jesus Green,fa22f13b,fba90e0f-7,0.0,Lake Miguelfort,43.81,Cancelled
2024-05-31,Central,Technology,Copiers,8.63,8.0,0.52,Patrick Jones,4d13d841,b24c1596-5,0.1,Kristinhaven,20.24,In Transit
2024-04-28,West,Furniture,Tables,333.24,6.0,31.85,Robert Marshall,c4c886dd,20e0318e-2,0.1,Selenashire,36.04,Delivered
2024-03-15,East,Furniture,Bookcases,600.93,10.0,82.66,Joseph Ayala,f93a257b,6f89cf54-5,0.1,South Emily,47.32,Delivered
2024-07-18,West,Technology,Copiers,,10.0,67.54,Gail Ferguson,64617c7f,5f7c70cb-5,0.0,Angelstad,32.9,Delivered
2023-07-21,Central,Technology,Machines,283.76,4.0,-42.98,James King,c58dbc90,3294fa37-8,0.2,Masonmouth,10.79,Delivered
2022-08-13,West,Technology,Copiers,921.39,7.0,-52.25,Jeffrey Diaz,90a1e38c,4299c0af-4,0.1,New Daniel,27.76,Cancelled
2022-08-06,South,Office Supplies,Paper,109.69,3.0,28.38,Richard Powers,b89b77a8,15859733-5,0.3,Port Linda,,Delivered
2024-05-25,South,Technology,Accessories,53.94,3.0,12.75,Matthew Gardner,7d4b45ad,095370b7-e,0.0,Port Jeremyberg,44.62,In Transit
2022-08-09,West,Furniture,Chairs,569.8,8.0,126.97,Stephanie Hancock,2ad707f4,7aff9bd4-d,0.0,Scotthaven,14.16,Delivered
2024-05-29,West,Office Supplies,Art,91.19,2.0,4.97,Matthew Daniel,effb5d83,ca143777-c,0.1,North Thomasville,20.96,Delivered
2024-03-16,Central,Technology,Phones,308.4,6.0,80.36,Amy Nichols,bc3b9b5b,ac38cc1e-8,0.2,Lake Tricia,41.18,Delivered
2024-10-11,South,Technology,Accessories,71.03,6.0,-6.83,Barbara Simmons,dc286c2e,e7009148-7,0.0,Rogersshire,20.58,Delivered
2024-04-20,West,Office Supplies,Art,218.27,8.0,42.57,Hannah Elliott,15a16f1a,e56a2a67-8,0.0,Joneston,29.34,Delivered
2024-04-06,South,Office Supplies,Binders,25.7,1.0,5.27,Blake Hernandez,767d2aa2,e20ff81a-d,0.2,Mccarthyton,,In Transit
2024-09-20,West,Office Supplies,Binders,941.85,8.0,-128.09,Robert Clark,f8153d5e,c2172bf2-2,0.0,South Bradyville,16.5,Delivered
2025-02-07,Central,Furniture,Furnishings,228.93,7.0,17.43,Katelyn Davis,5c299d7f,eb0cf416-7,0.0,Grantport,46.03,In Transit
2022-11-20,West,Technology,Phones,845.52,4.0,-7.4,Maria Oneill,6b5cd502,da749b2b-b,0.2,Jamesburgh,26.88,Delivered
2024-04-21,South,Technology,Phones,514.51,10.0,-39.21,Joy Jones,b36f1998,653fb5b5-e,0.3,Hodgesport,15.08,Delivered
2023-06-08,West,Furniture,Bookcases,279.3,4.0,41.73,Christopher Wilson,565a3b0c,bba83d52-6,0.0,West Tiffany,19.44,In Transit
2025-07-11,West,Office Supplies,Art,320.78,7.0,,Nathan White,c3771da7,9d4c0533-6,0.0,Jamesfurt,29.2,Delivered
2024-03-08,East,Technology,Accessories,792.29,1.0,-108.74,Christy Robinson,b5419499,a480d92f-5,0.2,Knightmouth,41.65,In Transit
2022-10-25,South,Office Supplies,Binders,502.53,,102.57,Victor Smith,7d968580,1607ea1d-9,0.3,Angelhaven,33.68,Delivered
2023-02-26,West,Furniture,Tables,175.86,1.0,10.98,Scott Newman,1db75ff9,3d585ce0-1,0.2,Romanview,25.54,Delivered
2023-07-12,West,Furniture,Tables,617.84,2.0,-5.33,Danny Solis,f5d634a2,a5075956-5,0.0,,43.45,Delivered
2024-11-04,West,Furniture,Tables,750.37,5.0,124.42,Jaime Clark,db5487a9,4953f7b0-4,0.1,New Robertland,18.91,Returned
2024-03-03,Central,Office Supplies,Paper,,9.0,-104.53,Dominic Lam IV,834335c4,2e7775d9-0,0.0,Coffeyside,44.19,Delivered
2024-09-14,South,Technology,Phones,787.33,2.0,-109.53,Brandon Winters,ba42a046,dac36e42-a,0.0,North Alexanderburgh,37.79,In Transit
2023-07-23,South,Technology,Copiers,155.58,4.0,36.97,Virginia Jones,1c9a7123,401b470e-4,0.1,Sarahhaven,21.37,In Transit
2023-04-10,East,Furniture,Furnishings,734.45,10.0,-26.48,Dominique Cain,ba475315,7cbbcfce-8,0.2,New Trevorfort,29.01,Delivered
2023-01-03,West,Furniture,Tables,10.22,4.0,1.22,Elizabeth Ruiz MD,75f3cb63,2a41a8d1-2,0.1,North Marymouth,47.11,In Transit
2023-06-15,South,Office Supplies,Art,185.41,6.0,23.28,Gary Prince,add726f1,b3edb110-b,0.0,New Kathy,33.94,In Transit
2023-02-16,West,Office Supplies,Paper,120.38,4.0,,Kelly Newman,faff8283,1ab398e5-9,0.1,Shellyshire,41.14,Delivered
2025-01-20,West,Technology,Accessories,121.89,1.0,-17.81,Suzanne Hughes,8ebaa41e,ff80e826-c,0.2,North Kaylaberg,43.04,Delivered
2025-03-07,East,Technology,Copiers,996.42,4.0,92.82,John Hunt,140d71d5,3833681d-f,0.1,Williamsfort,40.16,Cancelled
2022-11-24,South,Furniture,Furnishings,587.62,2.0,35.37,Matthew Mathews,b13da08b,ae71ca45-4,0.0,North Robert,8.19,Returned
2022-10-03,Central,Technology,Machines,323.17,3.0,37.7,Emily Rogers,9f7bec82,dc07a368-3,0.0,North Brenda,40.76,In Transit
2024-02-28,South,Office Supplies,Art,483.4,8.0,-38.69,Michael Robinson,9cc82696,28ca3327-0,0.0,Graymouth,19.43,In Transit
2024-05-30,Central,Office Supplies,Labels,340.69,3.0,-48.35,Dana Barnes,7ba49ab8,fc2dda90-f,0.0,Susanview,47.74,Cancelled
2024-05-11,East,Furniture,Bookcases,948.96,1.0,183.24,Michael Wilson,330e1964,5cc2e6d9-3,0.0,North Linda,40.8,Delivered
2022-12-03,East,Furniture,Bookcases,43.48,4.0,,Kimberly Norton,470e06fb,a8c7b006-c,0.0,North Danamouth,45.81,Delivered
2025-05-03,South,Technology,Accessories,556.39,10.0,-9.94,Sharon Williams,7cab2ddd,31d45e14-e,0.0,Jacquelineburgh,39.32,Cancelled
2023-05-26,South,Furniture,Bookcases,912.28,8.0,170.77,Amy White,82c3bfb7,c6f0a2f7-7,0.0,Josehaven,15.16,Cancelled
2023-03-10,West,Office Supplies,Labels,76.57,10.0,-0.45,Jonathan Edwards,b0e72817,9f51269e-a,0.0,Lake Stephen,18.45,Delivered
2022-11-22,Central,Office Supplies,Binders,271.59,,-44.97,Laura Cunningham,d69290e2,1ea9d76f-6,0.0,New Jamieview,16.61,In Transit
2024-04-16,South,Furniture,Furnishings,312.21,7.0,63.66,Katherine Blake,d3067696,d90ca1ad-e,0.2,Lake Lindatown,15.9,Delivered
2024-02-13,South,Technology,Accessories,49.32,1.0,9.85,Kayla Reynolds,d6ba96e3,23c2aa10-a,0.1,Vanessafurt,7.64,Delivered
2024-03-16,Central,Furniture,Tables,221.41,,2.62,Kimberly Hogan,7a442eef,8bf510a9-a,0.0,Moraleshaven,42.35,Delivered
2022-12-16,East,Furniture,Chairs,391.4,9.0,-23.49,Jason Johnson,8036ea33,726801b9-2,0.0,North Sydneyburgh,15.97,Cancelled
2023-01-12,West,Technology,Copiers,53.05,8.0,-0.57,Caroline Smith,b0319c50,579488ff-7,0.0,Jenkinsside,28.54,In Transit
2024-02-28,East,Furniture,Tables,952.78,6.0,-91.05,Breanna Moon,8bd503ea,5239138d-f,0.0,New David,19.9,Delivered
2025-04-14,West,Technology,Phones,511.81,4.0,-39.93,Alyssa Jenkins,87af6c5d,a52dee3c-f,0.2,Lake Cynthia,15.72,In Transit
2025-01-25,Central,Technology,Phones,413.48,2.0,-74.42,Melissa Adams,888563c3,767b7138-4,0.1,Sarahside,26.38,Delivered
2024-12-24,Central,Office Supplies,Labels,564.95,9.0,44.64,Jeffrey Hall,beb52a3d,a679a344-b,0.0,Jarvisview,34.29,Cancelled
2024-01-11,Central,Technology,Phones,226.94,8.0,31.21,Francis Dudley,a1cac638,011612d9-1,0.1,North Meganshire,43.09,Cancelled
2023-11-24,East,Technology,Accessories,700.87,2.0,-2.38,Kathleen Brown,72e92b93,12ee0a8e-3,0.0,New Heatherbury,31.52,Delivered
2023-03-07,East,Office Supplies,Labels,395.14,2.0,109.05,Carol Knight,d7f191dd,4c5a3b47-c,0.0,Richardsport,5.97,Cancelled
2024-09-04,West,Technology,Copiers,516.15,10.0,105.22,Dustin Robinson,fae820d1,dc6ed631-0,0.3,Smithport,17.68,In Transit
2023-08-21,South,Furniture,Furnishings,355.35,1.0,-28.97,Ryan Schneider,ba24a778,47ec1fb4-1,0.1,Lake Emmaville,30.66,Delivered
2023-09-24,West,Furniture,Furnishings,215.53,3.0,-13.12,Tony Gill,b41419c5,d9151642-3,0.0,Katrinashire,12.52,In Transit
2022-07-16,West,Furniture,Furnishings,432.85,4.0,-57.26,Jacob Raymond,5f862dc1,cdc13764-1,0.2,Matthewtown,37.85,Delivered
2023-11-07,Central,Office Supplies,Labels,232.06,9.0,-11.74,Debra Hunter,8ce36271,03394d7b-3,0.0,New Daniellehaven,26.54,In Transit
2023-05-30,South,Office Supplies,Art,114.41,9.0,21.77,Roberto Pham,131e12a3,af98ee5d-6,0.2,Port Christopherton,46.66,In Transit
2023-03-23,West,Furniture,Chairs,88.71,1.0,-11.5,Jerry Parker,cc0d194a,f8194baa-2,0.0,South Michael,20.53,In Transit
2023-07-18,South,Furniture,Furnishings,976.95,8.0,-189.94,Paul Pham,a1511a56,b8d51159-3,0.0,Emilyview,17.79,In Transit
2023-02-19,Central,Furniture,Furnishings,922.98,10.0,-46.98,Thomas Phillips,86a3598e,64c8dc3b-0,0.0,Mckinneyview,29.97,Delivered
2024-09-14,West,Furniture,Furnishings,768.65,5.0,8.73,Benjamin Robinson,f5d0bf25,42db6c03-a,0.0,North Ashleebury,47.33,Delivered
2023-06-23,West,Office Supplies,Art,387.18,6.0,-63.51,Kristin Smith,f15e85b9,110a918b-1,0.0,,27.17,Delivered
2023-06-27,West,Furniture,Bookcases,121.44,6.0,-17.63,Meghan Stafford,cb7edd5a,10576b97-1,0.0,North Audreychester,42.73,Delivered
2024-06-29,South,Technology,Accessories,579.16,6.0,113.06,Lisa Evans,e42ec7fb,7c927ea6-e,0.0,South Kaylabury,36.24,In Transit
2024-10-23,East,Office Supplies,Labels,17.81,7.0,0.5,Sarah Lopez,dda45a15,313b91a4-a,0.3,West Heidistad,5.22,Delivered
2022-08-13,South,Furniture,Furnishings,482.88,1.0,15.19,Julia Luna,957a5664,ba5f8e66-2,0.0,East Jill,26.6,Delivered
2023-04-28,Central,Office Supplies,Labels,55.82,6.0,-6.71,Michael Hall,b628befc,81b86d27-4,0.2,East Hollyfurt,25.32,Delivered
2023-10-08,South,Office Supplies,Binders,550.38,7.0,123.18,Brian Reese,23949705,3562f8ef-6,0.0,Wilsontown,17.06,Delivered
2023-04-11,Central,Technology,Phones,436.8,2.0,27.95,Michael Hanna,e6678eff,5633c0c5-1,0.0,Lake Lindachester,48.32,Delivered
2023-12-25,Central,Technology,Machines,798.84,8.0,,Amy Johnson,e10222e2,bb87ef54-d,0.0,Wolfeton,31.2,Delivered
2024-12-20,East,Furniture,Tables,209.8,3.0,16.37,Walter Howell,bd8aeb02,284e7130-5,0.0,Hansenville,27.15,Returned
2023-02-18,East,Furniture,Furnishings,610.42,,-80.17,Mr. Daniel Brooks,127193bb,c000f195-d,0.1,East Michaelfurt,5.94,
2023-08-10,Central,Furniture,Furnishings,153.4,7.0,-8.07,Andrea Gilbert,9b6397e7,eddfd9cc-9,0.0,East Melissashire,8.03,Delivered
2024-11-11,East,Office Supplies,Binders,320.77,9.0,9.32,Amy Bridges,3385ae5c,a0bbc2ee-a,0.1,New Brian,37.34,Delivered
2022-10-20,East,Technology,Accessories,953.59,,244.42,Stacey Ray,c28620f9,1baf5048-f,0.1,Shelbyland,5.31,Delivered
2023-10-30,South,Office Supplies,Paper,410.22,6.0,43.55,Mrs. Amanda West,2cf12c78,d375be07-c,0.0,Lloydburgh,5.28,Returned
2023-06-05,West,Office Supplies,Paper,488.42,2.0,-15.33,Joseph Avery,d03094d4,02f92ed6-a,0.3,West Brittany,32.45,In Transit
2022-11-02,South,Furniture,Bookcases,,5.0,39.33,Dawn Simon,a6d40e38,32987727-3,0.0,Laurentown,22.07,Delivered
2024-08-05,West,Technology,Phones,229.68,3.0,-39.42,James Robinson,8812d957,d7a52952-8,0.0,Davidstad,45.42,In Transit
2025-01-03,Central,Furniture,Bookcases,222.08,2.0,61.37,David Lozano,7dbcf46d,f70687f8-2,0.0,Sheltonbury,12.22,Delivered
2024-06-23,South,Office Supplies,Binders,372.1,5.0,37.8,Lauren Holmes,dd4ca4c4,c2b6a084-b,0.1,Mckinneyside,7.77,Delivered
2022-10-28,East,Office Supplies,Binders,675.91,2.0,48.54,Robert Allen,5c07fb2a,e2bd2dbc-b,0.0,Reynoldsport,24.58,In Transit
2025-03-19,West,Technology,Phones,757.42,6.0,137.23,Jesse Hoover,cc0ec8c6,3cd30350-5,0.1,Sextonside,27.46,In Transit
2024-06-08,West,Office Supplies,Labels,746.68,6.0,216.28,Jennifer Graves,a1494eee,3b520a94-2,0.2,Escobarchester,18.07,Delivered
2025-06-01,East,Furniture,Chairs,48.09,2.0,-5.14,Jeremiah Bradley,045f7977,7f02f7f4-7,0.0,Lawrencehaven,50.0,In Transit
2023-07-29,Central,Technology,Machines,234.76,10.0,-43.81,Melody Mendoza,7c359025,d2a1b2b8-d,0.3,Whitestad,13.82,In Transit
2024-06-28,Central,Office Supplies,Art,918.68,,228.0,Maria Reynolds MD,115c3d08,70d945f6-f,0.0,Bowenburgh,19.5,Delivered
2025-02-26,South,Office Supplies,Art,759.97,5.0,-42.29,Christine Boyer,23420751,398c1446-c,0.1,Danielstad,5.22,Delivered
2023-09-17,East,Office Supplies,Art,434.62,8.0,-60.03,Eric Barker,4ee6641e,4a56afd0-8,0.0,Meyerland,39.76,Delivered
2023-07-04,West,Office Supplies,Art,238.49,9.0,-16.91,Christina Alvarado,6548a693,8695c35f-c,0.1,Port Kimberlybury,27.94,In Transit
2025-07-06,East,Office Supplies,Paper,945.9,3.0,-110.64,Nicholas Lopez,13ce7f04,1d09cb45-5,0.0,Port Felicialand,30.51,Delivered
2024-12-19,South,Technology,Copiers,588.12,2.0,,Tiffany Saunders,ad8b145b,f02ad246-5,0.1,Zimmermanfurt,14.36,Delivered
2023-11-06,Central,Furniture,Furnishings,484.26,1.0,-89.6,Mr. Keith Garcia PhD,91fab7ab,530dd1f9-b,0.1,,28.98,Cancelled
2023-03-20,East,Furniture,Furnishings,128.0,4.0,-18.84,Mark Evans,6994d7ff,50de1790-5,0.2,Gregorymouth,42.4,Delivered
2022-11-29,West,Furniture,Tables,866.87,4.0,-159.57,Jessica Wilson,add3cafa,8298997f-6,0.0,Jenniferview,29.16,Delivered
2025-04-28,West,Technology,Phones,518.0,5.0,-18.14,Raymond Baker,bfe54037,a9666bac-b,0.1,Marshallburgh,29.33,Delivered
2023-05-25,Central,Technology,Copiers,41.28,,-6.78,Jonathan Sherman,ec1ab461,2a8596c6-d,0.0,South Lance,15.53,Delivered
2024-11-17,East,Technology,Machines,649.68,7.0,2.03,Jason Pace,984a3a0d,310ed58f-e,0.3,New Richard,34.9,In Transit
2023-01-03,West,Office Supplies,Art,862.99,2.0,-32.95,Marissa Medina,5baebd03,7befd9a9-6,0.3,Port Mary,46.91,Delivered
2023-02-22,East,Technology,Phones,372.43,5.0,-25.88,Kristina Hill,6f58dceb,0ad1dc9d-6,0.0,North Austinville,48.12,Cancelled
2023-03-27,West,Office Supplies,Labels,815.65,7.0,128.03,Jessica Pearson,6dd33abb,8119725f-7,0.0,North Nicole,37.89,Delivered
2022-08-02,West,Office Supplies,Binders,63.06,3.0,15.37,Anthony Marshall,19bc4cb6,2fd14a2e-2,0.2,Port James,46.13,Delivered
2023-01-12,Central,Furniture,Chairs,,4.0,-66.78,Julie Dawson,793dcb45,89cb1f82-c,,New Lindastad,25.56,In Transit
2024-12-31,West,Office Supplies,Binders,564.34,6.0,-7.63,Barbara Rogers,a2371c1a,2e347189-d,0.0,Annachester,34.6,Delivered
2023-01-22,East,Office Supplies,Labels,653.96,4.0,55.89,Robert Moreno,d341d0b8,e8cbbe2b-4,0.0,Ryantown,30.39,Cancelled
2024-04-02,West,Furniture,Chairs,786.78,9.0,208.02,Abigail Pena,815a994f,4abadf65-8,0.0,North Mario,24.51,In Transit
2024-01-01,East,Office Supplies,Binders,972.69,1.0,-184.76,Mary Johnson,62f39476,7e4ccc3d-3,0.2,North Melissahaven,13.3,Delivered
2024-12-12,South,Office Supplies,Labels,755.08,9.0,200.37,David Mclean,0ba7b739,12ad5833-2,0.0,North Melissaport,28.25,Delivered
2025-05-04,West,Office Supplies,Art,,1.0,31.86,Kim Smith,d6e868b1,00cbeb53-5,0.0,Victormouth,19.34,Cancelled
2023-02-10,West,Office Supplies,Binders,568.32,2.0,100.72,Bryan Jordan,614a0c07,6dcbde04-0,0.0,Pereztown,11.25,Delivered
2023-06-06,Central,Technology,Machines,351.81,7.0,-3.73,William Copeland,f03a4cf7,5df0f745-2,0.0,,23.26,Delivered
2022-08-20,Central,Furniture,Furnishings,750.28,10.0,-134.51,Angela Hicks,b10f0fe9,17c5f49f-2,0.0,North Carolinemouth,12.53,In Transit
2023-04-28,East,Furniture,Tables,743.48,5.0,,Paul Pace,fb21bb49,52489d92-6,0.0,Brownshire,10.83,Delivered
2023-01-02,South,Office Supplies,Art,642.01,8.0,-88.32,Anne Morales,e1822852,9a679454-8,0.0,Jonesburgh,14.59,Returned
2023-05-05,East,Furniture,Bookcases,556.62,9.0,94.44,Ashley Mcbride,57102061,c934b630-5,0.2,Woodside,42.91,Cancelled
2024-04-03,Central,Furniture,Bookcases,364.54,3.0,108.79,Bradley Franklin,975d3365,b44495a4-6,0.2,Adamsborough,7.4,Cancelled
2024-12-18,Central,Office Supplies,Art,647.34,2.0,97.19,Andrew Evans,54ac8496,23266d4c-2,0.0,North Elizabethtown,8.38,Delivered
2023-12-29,West,Office Supplies,Paper,448.9,4.0,53.21,Sean Miller,e1225ac9,b8c47785-8,0.0,Christopherland,15.9,Delivered
2022-08-06,East,Technology,Accessories,492.42,7.0,25.76,Michael Tanner,36684df0,d79abd40-7,0.0,Rogershire,5.33,Delivered
2024-09-08,East,Office Supplies,Art,149.84,5.0,32.9,Mallory Rocha,32372b4a,9edc8ee3-7,,Beckside,31.71,Delivered
2024-08-02,East,Technology,Copiers,573.48,6.0,28.02,Glenn Miller Jr.,59e84dcd,33b373f6-d,0.0,New Johnfurt,19.05,In Transit
2022-09-25,Central,Technology,Phones,97.75,7.0,-11.68,Jill Marshall,1077182f,e58379eb-3,0.1,Lake Gloriaside,40.29,In Transit
2022-08-26,Central,Office Supplies,Paper,621.61,6.0,,James Brown,fbde84b4,c4984174-5,0.0,Saraberg,23.12,In Transit
2024-09-11,East,Technology,Accessories,963.31,7.0,71.2,Karen Adams,49f43626,7ef5f7f8-2,0.1,Mackburgh,16.82,Delivered
2025-03-12,East,Technology,Machines,149.61,6.0,-21.87,David Miller,76668a78,431eca31-c,0.0,Lucasmouth,30.66,Cancelled
2024-11-23,Central,Technology,Copiers,766.74,4.0,204.05,Nathan Brown,f5c76a39,969ae664-9,,Port Anachester,33.9,Delivered
2025-01-11,West,Furniture,Furnishings,555.26,4.0,-47.93,Marie Brown,59f885ca,5e5bb103-8,0.0,Jenniferland,43.09,Delivered
2022-12-06,West,Technology,Phones,563.62,9.0,116.21,John Fernandez,a978f36a,c35a3a67-1,0.2,Randyfort,33.21,Delivered
2023-12-18,South,Furniture,Chairs,448.03,3.0,67.14,Matthew Walker,c08780ba,10f2b3ce-a,0.1,Olsonchester,29.01,Delivered
2023-12-12,Central,Furniture,Tables,509.72,1.0,-64.55,Brian Leon,c20b1698,59423a77-4,0.0,Schroederton,23.77,Delivered
2023-04-19,Central,Furniture,Tables,377.31,10.0,,Stephen Cortez,adf6bb5a,2f0a8044-a,0.0,South Toddbury,33.82,Delivered
2024-04-11,Central,Technology,Accessories,906.7,,-98.73,Jonathan Jenkins,046b3f17,afa3cc0c-c,0.0,Ericksonfurt,36.24,In Transit
2023-11-11,South,Technology,Accessories,76.0,9.0,-12.93,Logan Garrett,9c9b95b6,e00553f9-1,0.2,New Tina,5.44,Returned
2023-07-01,Central,Technology,Machines,487.46,6.0,89.3,Kevin Brown,71f63402,c94d87c4-e,0.3,Lopezton,37.49,In Transit
2025-05-09,Central,Technology,Phones,435.79,8.0,95.03,Francisco Anderson,2448b296,93a6e8a6-e,0.2,Elizabethport,22.66,Delivered
2025-04-28,East,Technology,Phones,401.18,5.0,-77.74,Michael Wood,22d87f4f,bea4d74c-e,0.1,Teresaburgh,33.52,Delivered
2022-09-21,Central,Office Supplies,Art,816.29,10.0,-21.48,Antonio Kennedy,2c05ec4a,54d23257-5,0.0,Pamelaberg,29.44,Cancelled
2023-08-26,East,Technology,Machines,966.36,5.0,96.26,James Hancock,de3e9663,eb9cc383-5,0.0,New Kimberly,8.59,Delivered
2022-11-16,South,Furniture,Tables,283.23,8.0,-4.43,Bonnie Mcgrath,8e87c225,69698b38-b,0.1,Briannaton,5.23,In Transit
2025-01-27,Central,Technology,Copiers,579.13,5.0,85.81,Betty Copeland,08037f47,25552df1-e,0.1,West Stevenshire,9.64,Delivered
2025-03-26,Central,Furniture,Furnishings,766.03,4.0,46.54,Wesley Clark,2f87f175,65406b7c-e,0.0,North Cynthia,22.82,Delivered
2024-04-07,Central,Office Supplies,Binders,455.68,8.0,,Christina Moreno,1aeb9e2e,0e4a20c7-f,0.0,Gonzalezmouth,49.09,Delivered
2023-09-14,West,Technology,Machines,317.15,6.0,-33.46,Dana White,2b61758e,f8a61245-7,0.2,South Ashleyberg,45.72,Cancelled
2024-06-11,South,Office Supplies,Binders,425.32,4.0,9.02,Robert Fields,fbbfa31f,1c028455-3,0.2,Port Andrew,49.86,Delivered
2024-12-20,Central,Office Supplies,Paper,572.79,3.0,157.08,Greg Reese,7976f3b7,f025a5ec-3,0.0,North Eileenville,23.87,In Transit
2024-07-20,East,Technology,Accessories,319.0,,78.02,Thomas Martinez Jr.,9fef1759,83f56130-6,0.0,East Mike,9.37,Delivered
2023-04-24,South,Technology,Phones,138.78,3.0,5.33,Martin Harrell,d3fe2450,91a7d86e-5,0.3,Ramirezshire,37.08,Cancelled
2023-01-23,East,Technology,Phones,371.62,3.0,28.34,Michael Simon,c26a0d8d,a2fb256f-0,0.1,West Rebecca,22.46,Delivered
2023-06-29,East,Furniture,Tables,75.47,5.0,-7.21,Jamie Henderson,d4e496b7,009a56b7-8,0.3,New Hollyburgh,49.02,Delivered
2025-01-18,South,Office Supplies,Art,483.95,4.0,-47.93,Angie Richardson,67497d9b,83bf3c76-3,0.1,Port Jamiebury,42.98,Cancelled
2024-06-27,Central,Furniture,Furnishings,156.49,5.0,-16.0,Luis Benjamin,8a97db36,b8c3fc07-7,0.2,Lake Brent,33.81,Cancelled
2024-01-18,Central,Furniture,Furnishings,59.72,5.0,-11.29,Wendy Steele,71d0c791,ebf222de-5,0.0,North Heatherton,15.57,In Transit
2024-09-21,East,Technology,Machines,,1.0,203.83,Lisa Mccann,2f6b3628,51967e89-a,0.2,West Jennifer,15.77,Cancelled
2024-03-13,West,Furniture,Furnishings,78.84,7.0,0.21,Carmen Stewart,695ff783,5fbc5780-6,0.2,Scottshire,13.9,Delivered
2025-06-04,South,Technology,Copiers,761.88,1.0,-110.56,Laura Payne,65d1b9b1,bc473d45-4,,Port Michelle,20.13,Cancelled
2024-04-06,South,Technology,Machines,899.02,1.0,24.73,Samuel Bradford,de77f1f6,d2ee7fc9-d,0.2,East Barryland,42.26,Delivered
2023-06-08,East,Furniture,Tables,108.28,1.0,30.49,Stephanie Owen,ee84b3b9,a41fe46e-4,0.2,Lesliebury,23.95,Delivered
2025-04-07,West,Office Supplies,Binders,198.77,5.0,16.03,Denise Johnson,dfcf5295,42d98641-8,0.3,,44.74,Delivered
2022-10-16,South,Office Supplies,Paper,66.92,10.0,-12.74,Jonathan Long,11f6e7de,f0b4aaa5-4,0.0,Turnermouth,30.25,Delivered
2023-05-10,West,Office Supplies,Labels,276.5,7.0,67.39,Todd Martin,a6630503,06498248-0,0.2,Amandafort,29.21,Delivered
2022-11-08,South,Office Supplies,Art,378.09,5.0,21.9,Susan Davis,43c93699,8e4088ed-c,0.0,Lake Paigeport,38.63,Delivered
2023-04-16,West,Office Supplies,Labels,736.8,4.0,0.74,Gordon Kelley,dc2fddde,e8f76e69-0,0.2,Garrettstad,24.24,Returned
2025-01-29,Central,Technology,Copiers,274.64,6.0,69.9,Philip Wright,3e53c91f,8fff43c5-e,0.0,New Morgan,39.88,In Transit
2024-12-27,West,Technology,Phones,85.66,9.0,11.58,Mrs. Destiny Bennett DVM,d0c6a4a0,1bcfe49c-7,0.2,Rebeccaport,38.3,In Transit
2023-05-25,East,Office Supplies,Art,83.34,1.0,6.75,Alec Nguyen,f2f09ffa,e230acd2-6,0.2,East Aaronton,34.32,Delivered
2022-12-01,East,Technology,Phones,222.64,4.0,56.48,Anthony Wong,ed519034,f5df7ed6-c,0.2,,23.06,In Transit
2025-03-21,Central,Technology,Phones,600.08,1.0,-57.1,Whitney Santana,a9bc0adb,9c9d20d4-6,0.1,Wallton,30.16,Delivered
2025-06-23,South,Office Supplies,Labels,542.06,1.0,145.45,Amanda Davies,7195a266,da9b8ab6-6,0.0,New James,36.44,Delivered
2022-08-12,East,Office Supplies,Binders,504.68,2.0,-56.67,Gregory Mccoy,e86436c2,a142e694-3,0.0,Clarkberg,41.19,Returned
2022-08-03,South,Technology,Machines,693.64,6.0,,Luke Scott,111f36b6,acd2974e-0,0.2,Johnstonburgh,17.91,In Transit
2024-10-30,South,Technology,Accessories,351.74,8.0,,Travis Bell,3552482f,8be2df34-3,0.1,,23.54,Delivered
2022-10-12,East,Furniture,Tables,426.94,5.0,9.26,Linda Smith,186e6e91,bb9d3f8a-f,0.2,East Joe,16.52,In Transit
2022-09-08,East,Technology,Accessories,507.24,10.0,76.11,John Cruz,52ed2e8b,e3039812-d,0.2,Ryanborough,15.98,Returned
2023-03-11,East,Technology,Phones,147.57,3.0,-27.37,Mike Castaneda,715e3f2c,d73be13c-8,0.0,Lake Samuel,24.34,In Transit
2024-11-04,South,Furniture,Tables,626.27,9.0,-26.29,Jesse White,99518b35,b0974340-0,0.1,South Lauren,11.41,In Transit
2023-04-04,South,Office Supplies,Art,910.84,7.0,37.97,Erika Davis,55203fa9,73698d04-4,0.0,New Timothy,11.96,Cancelled
2022-11-07,East,Technology,Copiers,882.0,10.0,8.4,Jessica Moore,96c6c016,124d8cc8-c,0.3,Jillshire,27.37,Cancelled
2023-06-03,South,Technology,Copiers,344.56,8.0,-67.69,Ryan Franco,71612fd2,2dea6d2f-b,0.2,New Oliviaburgh,40.25,Delivered
2023-09-26,East,Furniture,Furnishings,43.68,1.0,-5.52,Jamie Monroe,7f86d3c6,b0c55184-f,0.2,New James,12.58,Delivered
2023-04-16,East,Office Supplies,Binders,952.63,4.0,,Kristen Bush,63dfe232,710c43f3-c,0.2,Patriciaberg,17.97,Delivered
2025-02-28,South,Office Supplies,Paper,514.3,6.0,134.59,Dorothy Burke,1e9cbb46,9f572377-b,0.0,North Seantown,34.27,Delivered
2024-12-27,West,Office Supplies,Labels,20.94,10.0,0.49,Alexander Smith,d96a4d10,56fecab5-7,0.3,Harperfurt,45.71,Delivered
2024-09-01,Central,Technology,Accessories,464.49,,-87.78,Matthew Kemp,e31979c2,d82708e9-1,0.1,Lake Shannonhaven,46.11,Delivered
2025-04-26,Central,Office Supplies,Labels,642.13,9.0,156.1,Melinda Singleton,376f60e1,5f8cfd1e-3,0.2,Kingstad,48.71,In Transit
2022-09-29,East,Technology,Accessories,333.81,9.0,4.95,Michael Bauer,eb205c32,388494f3-7,0.0,Lake Ruthmouth,5.98,Delivered
2023-06-19,Central,Furniture,Chairs,631.08,10.0,-104.37,Patrick Clark MD,000e3d42,24587830-0,0.2,West Samuelton,5.12,In Transit
2025-04-22,South,Technology,Phones,235.23,10.0,62.71,Steven Hartman,162085d7,1c8e2f2a-c,0.2,Port Rachel,27.45,Delivered
2025-06-01,Central,Furniture,Furnishings,265.77,10.0,-31.26,Jessica Flowers,44910d32,98f62247-f,0.0,East Bethany,5.25,Delivered
2023-10-15,East,Furniture,Bookcases,193.83,5.0,44.7,William Peterson,31f43e07,6c5ff7b1-7,0.1,Michelleburgh,20.27,Delivered
2023-11-16,West,Office Supplies,Binders,360.52,9.0,29.13,Erica Thompson,82548313,bc8a8088-c,0.0,Lake Oliviaville,34.87,Delivered
2023-02-21,West,Office Supplies,Binders,489.58,7.0,1.16,Louis Flowers,a96beeee,35c8616e-7,0.3,Taylorshire,11.11,Cancelled
2024-05-01,West,Furniture,Tables,308.08,6.0,22.21,Wanda Brown DDS,dd80e93c,1448ffa6-8,0.0,Joneston,32.94,In Transit
2023-07-27,South,Office Supplies,Art,279.71,9.0,22.91,Danielle Morris,d8e42da2,40d71773-2,0.1,Sellerschester,27.01,Cancelled
2022-12-06,West,Technology,Phones,404.53,1.0,-73.54,Joseph Christian,d5c4fbbe,6c109f88-1,0.1,Murphyfort,35.1,Delivered
2023-01-14,East,Technology,Machines,219.98,3.0,-34.13,James Miller,ee316498,9a9d7f9d-e,0.0,Lake Bobbyborough,18.37,Delivered
2024-02-06,West,Office Supplies,Binders,178.35,5.0,5.59,Deborah Morris,52a8a311,b3bdb9ab-8,0.2,South David,39.18,Delivered
2023-08-27,Central,Technology,Accessories,830.72,7.0,,Karen Miller,eb27227c,a54413d8-3,0.2,Tiffanymouth,,In Transit
2024-05-30,West,Office Supplies,Labels,852.35,1.0,,Jamie Macias,aa6e5b80,a7c75656-c,0.0,Brownview,9.7,In Transit
2022-12-08,East,Technology,Machines,64.68,2.0,5.56,Stephen Romero,5d7e60fb,e539e135-f,0.1,Toddberg,8.0,In Transit
2024-05-02,West,Office Supplies,Art,663.28,1.0,-95.26,Rhonda Barnes,2eac64ac,5992429f-4,0.2,East Alexiston,9.08,Returned
2025-04-27,South,Furniture,Furnishings,559.64,4.0,-12.27,Jimmy Hicks,50cdfac3,b0bb8b8c-e,0.3,Sheaside,36.07,Delivered
2023-10-21,Central,Office Supplies,Paper,212.56,1.0,14.57,Eric Ward,bdb263bc,29ad091c-6,0.0,West Amber,49.32,Delivered
2023-05-10,West,Furniture,Chairs,641.71,8.0,44.15,Jerry Hamilton,26471ed2,00c7a829-5,0.2,Jamieburgh,43.99,Delivered
2022-09-13,South,Technology,Machines,808.24,4.0,-98.32,Leslie Martinez,fb9323c9,5b88dc68-f,0.0,Lake Marcusburgh,14.64,In Transit
2024-09-08,East,Technology,Accessories,295.22,10.0,67.8,Robert Bond,ea98d429,a2d76786-4,0.0,Lake Stephenland,,Delivered
2023-06-21,West,Office Supplies,Binders,915.76,8.0,-45.02,Keith Wagner,bbdadac9,942424cc-a,0.0,Rachelburgh,40.42,Delivered
2023-07-25,West,Technology,Accessories,107.21,2.0,-1.06,Mrs. Dawn Green,6ed1ec87,e963fc21-c,0.0,New Jason,25.8,Delivered
2023-04-14,East,Technology,Machines,347.83,3.0,85.17,Paul Bell,a495a6ab,81fffad2-c,0.0,Stephanieside,22.64,Delivered
2024-04-13,Central,Furniture,Chairs,682.27,3.0,11.48,Johnny Waller,dfe2a9b0,86e443c3-e,0.0,New Samuelberg,47.13,Cancelled
2023-01-28,West,Technology,Phones,539.23,2.0,106.75,Christopher Conway,4846af7c,462ce23e-0,0.0,New Melanieberg,,Cancelled
2023-11-03,South,Technology,Copiers,902.28,6.0,14.39,Christina Anderson,17b60018,2b485485-d,0.1,Jasminehaven,44.66,In Transit
2022-07-25,East,Technology,Accessories,462.78,2.0,-32.9,Jason Wilson,dc8444d5,1afe01ac-e,0.2,South Cory,48.58,Delivered
2023-01-24,East,Furniture,Furnishings,242.74,3.0,68.62,Mary Barnes,cba7e3ad,b6697fb7-e,0.0,North Teresa,43.11,Delivered
2023-05-31,West,Furniture,Tables,636.42,3.0,-116.48,Aaron Hawkins,0635f24a,0fe6657c-4,0.0,Paulberg,10.98,Delivered
2024-05-21,Central,Office Supplies,Binders,90.94,5.0,17.25,Andrew Wood,21920aa8,7eaffd68-2,0.3,Pamelatown,38.85,Returned
2024-06-08,Central,Technology,Machines,134.84,5.0,-16.96,Paula Gates,cd410aec,a73dbcfe-6,0.3,Marilynbury,48.75,Returned
2022-09-29,East,Furniture,Furnishings,913.22,6.0,130.8,Clayton Gaines,c5d8ada7,3e355ecb-3,0.2,Jordanbury,5.22,Delivered
2022-10-13,West,Technology,Accessories,840.97,6.0,146.4,Jason Rasmussen,d145ca66,9650195a-b,0.1,South Courtney,23.55,Delivered
2024-09-03,West,Furniture,Tables,108.48,10.0,-9.46,Wayne Mcgee,58375963,25fe365d-2,0.0,Alexanderhaven,38.64,Delivered
2024-12-04,West,Furniture,Chairs,465.64,9.0,101.43,Alexandra Kane,6212b880,a4e49f12-a,0.2,West William,28.2,Delivered
2023-07-31,West,Furniture,Tables,14.93,8.0,-1.94,Michelle Berry,ef6253ed,f5936c68-3,0.0,Christinefort,12.16,Delivered
2022-09-03,Central,Furniture,Tables,392.47,6.0,110.77,Luis Ellis,d8f807df,e8f6af5a-0,0.0,Mitchellville,25.14,Delivered
2023-08-30,East,Technology,Copiers,24.86,7.0,6.98,Crystal Martin,c809aefe,e23be131-4,0.1,West Ricky,35.29,In Transit
2023-10-26,South,Office Supplies,Binders,549.03,9.0,-81.67,Nathan Stevenson,da05c270,b2becec0-8,0.2,Port Christinaland,13.46,Delivered
2025-02-13,East,Office Supplies,Labels,,2.0,-72.01,Barry Schultz,7a1acfa0,dba7fced-f,0.0,West Tracyfort,10.1,Delivered
2024-12-02,West,Technology,Copiers,621.1,3.0,-35.55,Thomas Underwood,55b39e44,430c423e-1,0.0,Kristiland,21.79,Delivered
2022-08-19,East,Technology,Copiers,988.73,2.0,-73.88,Alex Ferguson,759f5712,4b1b3c84-e,0.0,East Johnmouth,27.37,Delivered
2023-06-30,Central,Furniture,Bookcases,227.95,6.0,43.78,Kellie Beck,6213d55f,4709d8f3-0,0.3,East Claire,37.67,Delivered
2023-11-19,West,Technology,Accessories,522.73,8.0,141.72,Cheryl Fernandez,53f2145e,132e4d1e-e,0.0,Taylorborough,33.81,Delivered
2024-06-08,Central,Technology,Machines,566.45,8.0,-111.56,James Smith,e4a8f7bf,e0b4d995-7,0.0,Port Russell,47.08,Delivered
2023-08-06,Central,Office Supplies,Art,577.82,10.0,-21.55,Tamara Parks DDS,a7d0bfd9,05e5e29b-1,0.3,New Williamberg,6.15,Delivered
2024-11-06,South,Technology,Machines,526.93,6.0,91.51,Shari Stanley,50072d88,f387173b-a,0.3,Jacksonchester,34.63,Delivered
2024-05-30,South,Furniture,Bookcases,613.29,2.0,-73.81,Megan Thompson,d640affb,620411b1-2,0.1,East Alexischester,49.24,Delivered
2024-12-09,East,Furniture,Tables,865.6,7.0,-168.15,Leslie Brown,fa32acbb,3d5917ec-5,0.0,Lake James,22.33,In Transit
2022-08-21,South,Furniture,Furnishings,469.41,7.0,42.06,Austin Yang,e2eace47,ab272d43-e,0.0,North Angela,40.3,In Transit
2023-09-30,Central,Office Supplies,Art,187.77,2.0,3.95,Jay Sosa,584716d2,a22ae56b-8,0.2,East Brittany,17.04,Cancelled
2024-08-11,Central,Furniture,Bookcases,257.22,2.0,41.79,Megan Williams,768563ce,9fbb0535-e,0.3,North Kimberlyside,9.66,In Transit
2022-12-17,West,Furniture,Chairs,695.95,1.0,-55.84,Michael Cordova,da223f53,546199b3-7,0.1,Davidbury,10.18,Returned
2025-05-16,West,Office Supplies,Art,897.53,8.0,92.76,Laura Jensen,397ec916,1c90311f-9,0.0,Michelleburgh,23.33,Delivered
2024-05-28,South,Technology,Machines,144.47,8.0,2.78,Erica Anderson,1b04d295,3b46c63d-e,0.2,New Phillip,46.03,Delivered
2024-01-18,South,Office Supplies,Binders,173.79,5.0,-29.89,Robert Shaw,6887bf2e,08fc3931-4,0.2,New Stephanietown,35.68,Returned
2025-03-23,South,Technology,Phones,997.58,7.0,157.23,Debbie Cohen,03f5b716,39ef8120-5,0.0,East Melissahaven,33.24,Delivered
2022-07-22,Central,Technology,Phones,257.12,8.0,63.18,Kenneth Smith,16b639c2,abeaf34c-9,0.0,Wrightside,16.53,Returned
2025-06-17,Central,Office Supplies,Art,127.09,8.0,,Christine Hester,3c809019,a73047be-c,0.2,Copelandfurt,14.23,In Transit
2024-06-24,South,Technology,Copiers,997.51,1.0,145.75,Joshua Lee,6bf6f078,b3f3f563-7,0.0,South Emily,26.3,Delivered
2022-09-03,South,Technology,Copiers,867.16,1.0,193.7,Gerald Martinez,c3fb1cfa,df75b656-1,0.3,Ryanshire,21.34,Delivered
2022-08-12,South,Furniture,Bookcases,349.69,4.0,-2.22,Isaiah Powell,46c56887,edab6088-a,0.0,Annetteshire,34.85,Delivered
2023-06-10,South,Furniture,Bookcases,188.26,,-10.95,Brenda Marshall,97ab5525,088b33ee-6,0.0,Riveraton,16.93,Delivered
2023-08-01,West,Technology,Copiers,144.49,10.0,18.8,Zachary Ho,20275099,03c1404d-4,0.1,Port Keith,22.52,Cancelled
2024-11-10,Central,Office Supplies,Art,163.83,10.0,-28.79,Dana Castro,f7d72426,2dfd22ce-f,0.2,New Erik,16.48,In Transit
2025-06-04,South,Office Supplies,Binders,776.85,5.0,60.27,Theresa Torres,8b174caa,8de0d598-2,0.0,Joseland,28.44,Delivered
2023-12-10,Central,Technology,Machines,342.67,7.0,-64.34,Julia Leblanc,53e11a47,7be8546d-0,0.0,Bonniemouth,21.27,Cancelled
2023-07-20,East,Technology,Machines,351.45,4.0,53.06,Tina Johnson,a4e6c76f,f552b2d2-2,0.0,West Jennifer,13.09,Delivered
2023-08-28,West,Furniture,Bookcases,905.34,2.0,-156.33,Jerry Kim,adfe3b47,292e5356-d,0.0,Port Jason,38.21,In Transit
2023-05-11,East,Furniture,Tables,176.87,6.0,47.38,Victoria Byrd,58433b1a,351d3394-c,0.0,Rebeccaton,6.16,Delivered
2024-05-05,West,Technology,Accessories,803.1,6.0,135.76,Mark Green,c5b14fe8,cca128a5-5,0.1,Richardstad,6.44,Cancelled
2025-01-12,East,Office Supplies,Labels,428.06,1.0,23.13,Donald Williams,f37b457f,ccac672b-b,0.2,Nicholasside,31.43,Delivered
2023-06-03,South,Technology,Machines,575.42,6.0,-110.35,Tamara Cooper,882d039c,2c3051f9-5,0.2,North Elizabeth,15.09,In Transit
2022-07-22,South,Office Supplies,Art,952.42,3.0,283.08,Tammy Brennan,2bc01b7a,fed0ec87-b,0.0,Ashleyton,10.64,Delivered
2024-07-14,Central,Furniture,Tables,,4.0,-7.48,Candice Gray,ebb8c1a5,a0e6dd1f-f,0.0,New Tinaville,7.32,Delivered
2025-01-21,South,Furniture,Bookcases,901.14,4.0,67.13,Monica Jackson,7ae5ef72,e2806dda-7,0.0,Kirkview,39.69,In Transit
2024-09-24,Central,Office Supplies,Labels,343.63,3.0,50.57,Daisy Steele,a6760239,2193436b-9,0.1,East Joseph,12.96,In Transit
2023-06-15,West,Office Supplies,Paper,266.04,3.0,17.82,Leslie Griffin,114269c7,48ac267c-d,0.0,South Christopherton,31.54,Delivered
2025-06-06,West,Office Supplies,Labels,,1.0,11.02,Denise Cooper,5548ae70,152340d6-e,0.1,Arnoldport,35.15,Delivered
2023-11-06,East,Technology,Phones,492.37,3.0,-57.8,John Diaz,7cae9302,4c86bf2d-d,0.0,Jacquelineport,26.2,Delivered
2023-01-26,South,Office Supplies,Labels,712.07,4.0,-102.96,Jonathan Hansen,37ede976,8632b73d-a,0.0,East Codyside,,Delivered
2022-08-30,East,Technology,Machines,600.59,1.0,95.97,Deborah Wolf,bc027a22,e5d61340-6,0.2,North Jillian,22.92,Delivered
2023-04-13,Central,Office Supplies,Binders,669.66,4.0,178.22,Robert Jackson PhD,f2f40f9d,81e054ba-b,0.2,Mcdowellborough,48.14,Delivered
2023-12-01,East,Office Supplies,Art,64.47,,-4.14,Gregory Hatfield,40111145,8ad2d0de-c,,Michellestad,8.6,Delivered
2023-11-21,Central,Technology,Accessories,200.61,3.0,32.65,James Franco,6ad028ba,0e4fc201-8,0.0,Yolandastad,39.55,Delivered
2023-06-26,East,Office Supplies,Binders,764.11,10.0,147.23,Dennis Ruiz,a887bb1a,32fc5f04-d,0.1,Josephberg,11.82,In Transit
2025-04-30,Central,Office Supplies,Labels,837.08,4.0,224.93,Michael Snyder,b234d010,6174ad3c-e,0.3,South Annbury,45.86,Delivered
2024-10-01,West,Technology,Copiers,741.85,1.0,-85.98,Ronald Castillo,07c04662,f9900dba-d,0.0,Aaronton,45.06,Delivered
2025-03-05,Central,Office Supplies,Art,558.42,8.0,138.26,John Taylor,aebf6415,f1526a82-6,0.2,North Richardtown,19.27,Delivered
2025-04-18,West,Technology,Phones,387.19,7.0,71.14,Miranda White,a7b26271,b40c42b0-6,0.0,Melissaborough,19.78,Delivered
2023-07-14,Central,Furniture,Furnishings,181.95,6.0,,Ms. Whitney Perry MD,65205342,4469625a-5,0.0,New Briana,35.07,Cancelled
2024-12-19,Central,Furniture,Chairs,741.83,4.0,-85.69,John Mora,f458e61c,4a9bc5db-b,0.3,Annaberg,18.5,In Transit
2023-06-15,South,Office Supplies,Paper,341.13,6.0,62.03,Holly Frazier,cb489d6b,bdd242f6-4,0.0,Alexanderside,45.88,In Transit
2025-01-28,East,Office Supplies,Binders,972.97,9.0,240.66,Dr. Brian Clark,aee3ed14,06383c96-9,0.2,West Lynnport,42.95,Delivered
2025-05-28,East,Office Supplies,Binders,354.47,9.0,-11.27,Ronald Ballard,f30b5282,6c53f7ec-2,,North Thomas,47.48,Cancelled
2023-06-19,Central,Technology,Accessories,545.88,3.0,-72.86,Dylan Weiss,4637bb7c,08a58f54-5,0.2,New Coreyville,23.48,In Transit
2024-08-14,West,Furniture,Tables,216.26,10.0,-34.79,Rebecca Mccullough,807ea82e,5f939a11-0,0.3,East Frankberg,20.89,Cancelled
2023-12-06,South,Office Supplies,Labels,913.7,10.0,74.36,Gail Herman,b1309d2a,98180d52-d,0.2,Leemouth,27.25,Delivered
2024-10-20,Central,Furniture,Bookcases,521.96,5.0,-36.36,Jackie Price,8ed6c5c0,8ed61b2b-6,0.0,East Meredith,45.19,Delivered
2024-07-26,South,Technology,Copiers,560.35,6.0,-31.18,Kristen Arnold,df4e62c8,06c6aeb2-6,0.3,East Nancy,17.38,In Transit
2023-07-02,South,Technology,Copiers,653.53,4.0,132.11,Samantha Cameron,b21510ad,c94486e4-5,0.2,North Richard,46.37,Returned
2024-06-13,East,Office Supplies,Paper,126.68,5.0,-17.95,Laurie Turner,b6a1243d,163c8106-4,0.1,Josephmouth,6.7,In Transit
2024-11-26,South,Technology,Accessories,764.11,9.0,135.51,Brandy Lucas,9c68388f,585fa379-8,0.2,West Christophermouth,19.73,Delivered
2025-04-29,East,Office Supplies,Binders,242.69,1.0,-4.91,Stacey Bishop,4cd49d02,7630a961-a,0.0,Zacharyshire,42.65,Delivered
2024-09-22,South,Furniture,Tables,435.09,6.0,40.07,Harold Hampton,394f4c7d,62c2ab54-d,0.2,Smithport,46.25,In Transit
2024-04-10,West,Furniture,Bookcases,227.74,5.0,0.82,Benjamin Robinson,71caaa43,91279289-2,0.0,Port Monica,22.62,In Transit
2024-05-15,East,Technology,Machines,10.9,9.0,-0.43,Kristen Weeks,996294d6,dc5f95ad-4,0.0,Samuelside,23.36,In Transit
2022-10-16,West,Office Supplies,Art,692.94,2.0,-25.66,Michael Murray,241e693d,6d9b5f77-b,0.1,Christinetown,47.11,Delivered
2023-09-21,Central,Technology,Copiers,970.97,2.0,154.54,Sherry Vasquez,9f714ec8,9c5a6c93-6,0.0,New Pamelachester,20.97,Delivered
2024-09-26,East,Office Supplies,Paper,458.06,9.0,-33.05,Dennis Howell,82969ca0,253e6e23-e,0.2,New Johnberg,23.8,In Transit
2022-07-30,West,Office Supplies,Art,978.73,2.0,220.15,Scott Mitchell,fe7c2b17,bc325e3d-0,0.0,East Bryan,33.04,Delivered
2022-07-25,East,Technology,Accessories,389.27,7.0,-16.32,Michael Skinner,7bc818e0,85643557-7,0.1,Port Courtneyfurt,7.22,In Transit
2022-12-24,Central,Office Supplies,Labels,369.86,6.0,20.41,Anna Rodgers,42089e31,ec90db92-f,0.2,New Gregory,38.12,In Transit
2022-09-13,West,Furniture,Tables,73.41,9.0,9.35,Heather Torres,3faf3b82,88d62d10-3,,Vangport,9.6,Delivered
2025-04-10,South,Technology,Machines,306.3,9.0,-40.75,Dennis Johnson,cda65302,e2bf46b5-7,0.2,Lake Julie,8.23,Delivered
2023-02-02,South,Technology,Accessories,133.52,9.0,22.32,Elizabeth Patterson,39b7de54,40613e07-d,0.0,Josephtown,41.45,In Transit
2023-10-03,East,Office Supplies,Art,962.68,4.0,205.69,Perry Miller,d83b2aea,b989c193-7,0.1,Elijahview,17.33,In Transit
2023-12-28,East,Office Supplies,Labels,757.1,2.0,-133.57,Natalie Bell,d18fdeef,04a0e18a-4,0.0,Lopezfurt,45.73,Delivered
2025-07-13,South,Technology,Accessories,729.99,7.0,122.09,Joshua Bailey,288a984c,158fb2eb-5,0.0,Kimberlyberg,28.82,Delivered
2023-01-05,Central,Technology,Copiers,599.91,6.0,21.03,Benjamin Mcguire,871c169e,ec24aa61-4,0.1,Port Evanville,16.71,Delivered
2022-12-19,South,Office Supplies,Labels,689.54,4.0,-2.61,Tara Garrison,115212fe,6b214664-6,0.1,Colestad,18.86,In Transit
2025-06-21,Central,Furniture,Tables,246.94,8.0,39.21,Robert Hanson,bf4ffebb,c8add69e-3,0.0,New Yolanda,11.61,Delivered
2024-06-15,West,Furniture,Bookcases,213.36,,-32.87,Joseph Patton,c974833c,edc51669-a,0.2,Robertoville,24.59,In Transit
2022-07-23,East,Office Supplies,Binders,586.89,5.0,52.98,Courtney Key,e4b0adc2,b17449d6-1,0.0,Connorhaven,,Delivered
2023-08-15,Central,Furniture,Tables,385.97,1.0,,Jason Schultz,c417f418,7a4fc7b8-7,0.0,Rhondaburgh,24.15,Delivered
2024-04-13,South,Furniture,Bookcases,676.16,6.0,118.02,Joseph Ortiz,fa5d2739,e897877e-9,0.0,Sanchezside,25.94,Delivered
2022-11-24,East,Office Supplies,Art,728.34,4.0,153.54,Joan Rangel,b3999618,8b8433fa-7,0.0,East Richardberg,20.15,Delivered
2024-02-23,West,Furniture,Tables,116.95,7.0,-0.69,Leroy Johnson,822223da,9c0bedb8-e,0.0,Port Johnfort,30.83,Cancelled
2023-08-04,Central,Office Supplies,Labels,356.42,7.0,24.15,Jackie Santiago,2b084b95,6281ac84-d,0.3,Williamsmouth,28.14,In Transit
2024-04-22,South,Technology,Copiers,266.7,5.0,14.6,Joseph Frazier,4d1a4e09,30c5527c-3,0.0,Lake Jeremy,12.13,Delivered
2024-03-23,West,Office Supplies,Binders,385.06,6.0,-1.38,Connie Barker,f3aeed7d,d5c3c853-1,0.1,Courtneyville,46.0,Delivered
2022-09-17,South,Technology,Copiers,883.45,1.0,128.71,Rodney Rivera,f4782a88,1b95695c-2,0.0,Patriciafurt,19.25,Delivered
2023-07-02,South,Furniture,Bookcases,95.52,,27.71,Stephen Williams,7cf75870,8c88b6c4-a,0.0,Port Jeffreybury,33.26,In Transit
2023-05-22,West,Furniture,Chairs,839.07,4.0,90.5,Misty Weber,be65383c,ff69f362-d,0.0,Larryhaven,25.06,Cancelled
2025-04-23,South,Furniture,Tables,59.51,5.0,10.98,Anthony Hoffman,ab3ca90d,f7320168-8,0.2,North Audreychester,47.54,Delivered
2024-09-12,West,Technology,Machines,789.67,1.0,-121.96,Matthew Graves,d271ad41,3d7d3e89-e,0.0,Port Anthonybury,17.52,In Transit
2022-11-11,East,Office Supplies,Binders,962.49,6.0,-90.74,Marie Graves,2214256d,b1581baf-3,0.2,Coreyport,39.06,Delivered
2024-05-05,Central,Office Supplies,Art,164.77,1.0,46.17,Erica Lucas,bee07cf0,90f11e05-3,0.0,Cohenside,42.6,Delivered
2024-09-08,Central,Office Supplies,Labels,110.23,5.0,27.94,Carlos Black,2f26575c,1f492114-f,0.2,Jennifershire,41.94,Delivered
2024-10-11,East,Technology,Machines,140.51,7.0,-1.7,Sarah Cruz,dd62494d,56317869-b,0.1,Cruzmouth,15.7,In Transit
2025-04-06,Central,Furniture,Furnishings,961.25,10.0,54.62,Nicholas Turner,a1cb38f4,3bbc78e4-c,0.1,Stephenmouth,27.3,Delivered
2023-07-31,South,Office Supplies,Paper,96.25,3.0,-14.8,Richard Lowe,c9bc2997,a1bd5115-c,,Shawnbury,43.76,Delivered
2022-07-21,Central,Furniture,Chairs,683.29,2.0,4.71,Clarence Small,787b8a5d,c88f35aa-b,0.0,Michaelfort,32.91,Delivered
2023-10-21,Central,Furniture,Chairs,789.15,5.0,-121.58,John Sullivan,79f9458b,98a6cc74-f,0.0,Christopherville,8.75,In Transit
2024-11-05,Central,Office Supplies,Art,,1.0,,Sara Jones,37c268bf,2b6586d5-a,0.0,Carlfurt,48.59,Delivered
2025-03-04,West,Office Supplies,Labels,226.44,3.0,-14.13,Craig Rogers,c23a8ba8,cca91446-5,0.0,Amandafort,20.85,Delivered
2022-09-02,East,Furniture,Tables,310.13,6.0,49.92,Richard Bates,2d9e9486,498c1621-e,0.1,Jacobmouth,12.36,Delivered
2024-06-14,Central,Technology,Copiers,513.41,1.0,23.97,Robert Callahan,ff5410c5,f8a8284e-6,0.0,Russellchester,27.5,Delivered
2024-08-08,South,Technology,Phones,836.39,5.0,130.58,Philip Browning,892d6e64,8f994471-9,0.1,Hillfort,35.08,Delivered
2024-06-20,West,Furniture,Tables,980.1,9.0,-23.36,Mr. Michael King,a18c96c0,82dd87bf-d,0.0,Port Michael,21.09,Delivered
2023-06-28,East,Furniture,Furnishings,684.37,5.0,175.04,Manuel Williams,f1c0d555,8070b3a3-9,0.0,North Jasonland,29.47,Cancelled
2024-09-22,East,Technology,Machines,885.78,1.0,-40.82,Jacqueline Anderson,86cdd9a5,2f9b3150-a,0.1,Caitlinview,42.12,In Transit
2025-06-09,South,Office Supplies,Art,509.72,2.0,-32.46,Michelle Griffin,87038a7d,96196eee-8,0.0,Colemanside,18.56,Delivered
2023-02-08,East,Technology,Phones,532.87,9.0,-23.41,Anthony Hoffman,5641c46e,a2bdff52-6,0.0,East Vanessaton,5.39,In Transit
2025-07-11,West,Office Supplies,Binders,956.99,5.0,243.87,Hannah Rogers,512648ca,8e0c25fa-0,0.0,Port William,31.0,Delivered
2024-10-17,Central,Technology,Phones,512.08,8.0,-48.49,Nancy Valenzuela,4331f76f,d8dd7082-c,0.1,Tanyafort,32.22,In Transit
2024-03-01,Central,Furniture,Furnishings,310.49,3.0,-7.65,Dr. Michael Graham,d33223cc,43532dc0-0,0.2,New Barbara,47.7,Returned
2023-04-04,West,Furniture,Bookcases,711.84,4.0,127.91,Teresa Williams,4d6d61b1,a775a78c-4,0.0,Caitlinview,49.68,Delivered
2022-11-14,West,Technology,Phones,751.88,8.0,100.59,Mary Parker,81bdfc4b,79b7d711-b,0.2,Cathyville,26.29,Delivered
2024-05-07,South,Technology,Machines,817.68,1.0,85.99,David Wood,68f2b67f,fcd45982-4,0.3,Allenburgh,9.82,Delivered
2022-11-09,West,Office Supplies,Paper,561.28,4.0,124.9,Brendan Frazier,661f4b96,4cffa613-5,0.0,Charlottechester,28.87,Delivered
2025-02-02,South,Office Supplies,Paper,426.55,7.0,-54.79,Tonya Hahn,ae7a3665,f3aa0e1f-3,0.3,Ryanbury,11.73,Delivered
2023-08-25,South,Furniture,Bookcases,942.37,1.0,-3.57,Jonathan Willis,b98f6bb3,af4391a1-f,0.0,South Mathewland,33.07,In Transit
2023-07-15,East,Technology,Phones,585.23,7.0,53.25,Adam Padilla,601e3132,16828232-f,0.3,Monicaport,16.97,Cancelled
2023-11-28,East,Technology,Copiers,717.74,3.0,-139.42,Karen Brooks,e7761b1b,f1c729c4-f,0.2,Bullockmouth,12.43,Delivered
2022-07-16,East,Technology,Accessories,755.13,3.0,-24.52,Kathryn Myers,98ca94db,a34fab91-d,0.2,Jacksonmouth,44.83,In Transit
2022-11-01,Central,Technology,Copiers,267.41,2.0,-34.58,Ricky Warren,41cc048b,f48a9aeb-9,0.0,Nelsonville,26.18,In Transit
2022-07-17,West,Office Supplies,Art,188.14,7.0,17.87,Laura Ramirez,73149deb,c0e04fa1-e,0.0,Webbville,49.89,Delivered
2024-03-02,Central,Furniture,Bookcases,362.31,1.0,83.53,Melissa Ryan,47c4a0fa,46de15cf-e,0.1,Garrettville,6.28,In Transit
2023-04-29,Central,Office Supplies,Labels,848.46,4.0,-155.64,Stuart Smith,ee1feba9,429e2b5e-8,0.0,New Taramouth,17.92,Delivered
2024-02-11,South,Furniture,Bookcases,185.57,10.0,-13.05,Amy Anderson,e0682339,3d975089-a,0.0,Rothmouth,28.75,Delivered
2024-09-29,South,Technology,Accessories,424.78,10.0,77.45,Dale Bell,1edb34a8,b48929da-7,0.3,New Juanport,32.98,Delivered
2023-02-20,West,Furniture,Tables,390.53,10.0,86.81,Kaitlyn Frye,5820eb14,94781223-4,0.1,Port Todd,9.53,Delivered
2025-01-24,West,Furniture,Furnishings,310.29,10.0,-16.91,Natalie Medina,a0f27441,41651ac4-2,0.2,Mccartystad,46.18,Delivered
2023-05-16,South,Furniture,Tables,95.03,1.0,-18.81,Jason Thompson,1dd7c2ee,7f5faa79-a,0.0,North Jennifermouth,37.27,Delivered
2023-05-23,West,Furniture,Chairs,974.96,10.0,-82.0,Wayne Roth,9e3e59c6,19e0e2f9-1,0.2,North Nicoleborough,31.16,Delivered
2024-12-06,West,Technology,Phones,897.17,7.0,-145.14,Cynthia Wolf,3cd5fdac,53a050ee-1,0.2,Reynoldsbury,35.11,Delivered
2022-09-08,Central,Office Supplies,Labels,124.35,9.0,8.0,Logan Reed,165e33dc,dd5c67e8-5,0.0,Lake Mitchellport,38.7,In Transit
2024-12-26,Central,Technology,Copiers,448.79,1.0,9.17,Martin Brown,ccdde748,9c70d31a-9,0.3,West Sarachester,48.97,Returned
2022-10-15,East,Furniture,Chairs,63.91,8.0,15.18,Micheal Parker,26f7fcb9,2184e4a9-9,0.2,Lake Juliaville,28.02,In Transit
2025-04-17,East,Technology,Copiers,590.92,3.0,50.15,Colton Schmidt,e3d72131,16cfe64a-f,0.0,East Scottport,15.89,Delivered
2024-10-31,Central,Office Supplies,Art,156.11,,4.12,Danielle Calhoun,92b575b6,821f9284-5,0.1,South Tracyberg,13.82,In Transit
2023-01-05,Central,Office Supplies,Paper,259.46,3.0,-0.68,Tara Gardner,dd3d4d4d,6092a322-5,0.2,Allenbury,13.39,Delivered
2023-11-25,West,Office Supplies,Art,523.4,8.0,-86.47,Kimberly Nguyen,9d594df3,cc290506-9,0.0,West Carolynshire,27.95,In Transit
2024-07-14,South,Office Supplies,Labels,619.82,9.0,49.08,Stacey Maldonado,0ba8e2d2,dd94e138-7,0.0,West Andresland,23.16,Delivered
2025-05-31,East,Office Supplies,Labels,131.93,7.0,-3.68,Christopher Andrade,4183d45c,a1962989-5,0.0,Myersfort,16.41,Delivered
2022-09-26,West,Office Supplies,Paper,878.76,10.0,249.17,Ryan Wise,2931fc48,bf8232cf-b,0.1,Reedfort,25.36,Delivered
2023-10-31,East,Furniture,Tables,33.0,5.0,3.22,Robert Cervantes,65d82d63,22c56a15-b,0.1,Smithville,,Delivered
2024-10-30,Central,Technology,Phones,705.76,1.0,198.23,Courtney Owens,6761054b,066f68fb-2,0.3,North Angela,23.73,Cancelled
2024-06-21,East,Office Supplies,Paper,325.79,10.0,-45.47,Keith Clayton,c4af6f0a,13274343-e,0.1,East Kellyside,26.47,Delivered
2025-01-09,Central,Office Supplies,Paper,785.07,2.0,180.08,Melissa Scott,f1c0819e,e3711a10-3,0.0,Lake Greg,7.52,Delivered
2023-09-19,Central,Office Supplies,Art,820.49,7.0,,Gary Castro,4b5d09d4,c3c86bce-f,0.2,Richardsland,21.69,Delivered
2022-11-16,South,Furniture,Chairs,730.59,4.0,156.46,Joseph Mills,49f91827,61484c7d-f,0.0,New Justinton,28.62,Delivered
2024-03-04,South,Furniture,Chairs,173.19,8.0,41.43,Steven Miller,798612fe,11ee7fdb-d,0.0,Lake Melissaside,38.38,Delivered
2024-05-04,West,Technology,Phones,519.17,4.0,92.78,Robert Golden,f4a96a4f,9b2ca2a8-e,0.1,New Michael,30.26,In Transit
2022-09-02,West,Office Supplies,Paper,395.8,10.0,35.22,Stephen Dalton,6ea06756,9e56bf2e-1,0.0,Laurentown,27.58,Delivered
2023-06-05,Central,Furniture,Tables,318.85,5.0,-52.18,Regina Smith,443271a3,37dddd91-3,0.0,Lake Karenbury,19.73,Delivered
2022-08-14,Central,Furniture,Chairs,275.87,6.0,-48.45,Steven Ramirez,47e7e91a,844e68fa-6,0.2,Brendaburgh,41.66,In Transit
2022-10-01,South,Furniture,Chairs,784.8,5.0,157.42,Charles Hayes,b677398b,1a849b04-7,0.0,Lake Robertview,15.48,Delivered
2024-08-31,East,Technology,Phones,527.35,9.0,-58.79,David Smith,ea964289,a4e9d146-d,0.1,Port Kimstad,47.78,Delivered
2023-09-20,West,Technology,Phones,42.67,8.0,-6.6,Oscar Escobar,2b53985e,2d185962-7,0.1,Thomasshire,10.29,Delivered
2022-11-08,East,Office Supplies,Labels,508.93,10.0,149.72,Michael Rangel,3a6e1d13,2d594003-5,0.0,,11.72,Delivered
2024-12-23,South,Furniture,Chairs,777.36,7.0,213.6,Veronica Robbins,904eb88e,5e04dfb1-8,0.0,Lake Collinmouth,17.7,Delivered
2022-08-31,South,Furniture,Bookcases,246.02,2.0,6.69,Sheila Welch,d73e1b84,c6e013d6-6,0.2,Kendraberg,19.88,Delivered
2023-02-15,Central,Office Supplies,Paper,280.44,8.0,-12.15,Calvin Garrett,814803ac,0842d2ea-5,0.0,Heatherchester,43.62,In Transit
2024-05-28,East,Technology,Copiers,835.0,7.0,-107.34,Christopher Orr,cade017a,fe364b57-d,0.3,South Brandon,27.49,Returned
2024-01-17,South,Furniture,Bookcases,511.65,3.0,110.02,Kaitlyn Mack,003492c7,7987efa0-8,0.0,Paulshire,49.05,In Transit
2023-12-17,Central,Furniture,Chairs,216.98,7.0,-34.22,Mr. Jerry Bradley Jr.,15a86834,576c7eef-9,0.0,Woodsberg,35.72,Delivered
2023-01-29,West,Furniture,Chairs,335.17,2.0,-30.43,Anthony Mathews,a1647119,cd50eff5-8,0.0,Lopezfurt,44.63,Delivered
2025-04-21,West,Office Supplies,Paper,619.06,4.0,-36.28,Melanie Walker,6c91d367,203a7637-e,0.3,Ronaldstad,7.04,Delivered
2023-09-23,West,Office Supplies,Binders,233.43,7.0,51.55,Mike Oliver,fd100560,e621e788-9,0.0,Spencerstad,40.79,In Transit
2022-12-13,South,Furniture,Furnishings,397.04,9.0,82.9,Jeffrey Jones,e4912a79,d4aa5f87-3,0.0,West Yolandatown,17.57,Delivered
2024-08-20,East,Technology,Machines,952.36,7.0,88.42,Joanna Williams,6a9a52c5,e9363a5f-0,0.0,Lake Stephaniemouth,8.53,In Transit
2023-02-21,East,Furniture,Bookcases,278.47,6.0,28.78,Tyler Scott,cc1152e1,f4b6ac9b-1,0.2,,15.15,Delivered
2024-09-23,Central,Technology,Copiers,332.88,2.0,50.62,Adam Smith,34f630e3,b2f6ec9c-1,,West Kathryn,30.38,In Transit
2024-08-01,Central,Office Supplies,Art,786.31,10.0,14.62,Matthew Moss,c5b91580,32ad3389-d,0.0,Smithfurt,31.53,Delivered
2023-05-14,East,Office Supplies,Labels,611.75,2.0,183.03,Audrey Brown,bcd59fde,c5805c5c-c,0.0,South Lisa,46.59,Delivered
2025-05-16,West,Furniture,Chairs,85.51,3.0,23.33,Anna Anderson,cf7defcc,bd66111f-d,0.0,Warrenbury,27.18,Delivered
2024-10-09,East,Furniture,Bookcases,350.52,8.0,66.77,Virginia Shaffer,bb89be2e,ea66691e-3,0.0,Tatechester,26.46,In Transit
2023-02-18,South,Furniture,Chairs,522.1,,-74.88,Richard Cuevas,57d97c0e,0ec3981f-0,0.0,North Jerrybury,,Delivered
2025-04-17,Central,Technology,Phones,700.13,3.0,-97.97,Dr. Jeffrey Fields Jr.,8caf32a6,30358479-2,0.2,East Rebecca,8.77,Delivered
2024-02-25,East,Furniture,Chairs,953.96,7.0,276.2,Jason Herring,344eb7d6,6a685faa-6,0.3,East Jonathan,38.51,Delivered
2024-12-16,East,Technology,Phones,112.1,7.0,-3.49,Michelle Tyler,9beeb562,6b9b5f5c-c,0.0,Gomezmouth,19.07,In Transit
2024-10-22,Central,Office Supplies,Labels,965.84,10.0,-86.57,Richard Beasley,513c88ac,d58ee50a-9,0.0,Michaeltown,18.49,Delivered
2024-07-16,South,Technology,Machines,160.45,6.0,10.67,Julia Chen,2dc04f1c,fa2883d7-a,0.0,Mcintyremouth,44.01,Delivered
2025-02-04,South,Furniture,Furnishings,904.08,2.0,-17.62,Brent Garcia,21651e7b,73848f77-3,0.0,Alanport,11.36,Delivered
2023-11-24,West,Furniture,Tables,,1.0,9.17,Amy Cole,8b7a4594,68b8b5ce-6,0.0,East Jeffrey,14.7,In Transit
2023-01-20,East,Technology,Phones,978.64,2.0,124.93,Kaitlyn Ramirez,2691bbf0,8e82c77b-c,0.0,Port Maryview,15.71,Delivered
2024-04-25,West,Furniture,Furnishings,833.67,,-53.19,Mr. Alexander Scott,093b1805,181b2299-d,0.1,Russellton,36.53,Delivered
2024-06-11,Central,Technology,Phones,784.65,8.0,-21.16,William Lane,dcc3fa66,9de33cf5-4,0.0,Rogerschester,46.64,In Transit
2023-03-22,East,Furniture,Tables,,9.0,20.96,Michael Mcmillan,813d8753,2d31887f-4,0.3,Perezhaven,49.89,Delivered
2023-10-01,East,Office Supplies,Art,664.91,1.0,49.65,Cameron Roman,3be89b25,dc716b69-7,0.0,West Roberthaven,24.59,
2023-01-09,Central,Office Supplies,Art,437.31,7.0,-56.16,Danielle Martin,113f91a9,55519f12-3,0.1,Port Shannonberg,7.03,Delivered
2024-04-05,West,Furniture,Chairs,821.44,8.0,205.01,Diamond Kemp,3e08b6f8,c828872f-8,0.2,North Olivia,46.62,Delivered
2024-06-24,South,Office Supplies,Paper,855.85,8.0,62.62,Ashley Walker,c5d6ce13,eaa684e9-8,0.1,East Williammouth,36.99,Cancelled
2025-06-14,Central,Technology,Accessories,357.6,1.0,27.47,Tina Abbott,87151f6c,1d61770c-8,0.0,Williamshaven,35.6,Delivered
2023-07-29,East,Office Supplies,Labels,495.75,5.0,-71.71,Michelle Castro,44efa6c8,e5184a50-f,0.0,Lake Ashleyburgh,10.28,In Transit
2024-01-31,South,Office Supplies,Labels,65.16,3.0,16.73,Jessica Gray,4c76f530,eda6982f-c,0.0,Laneton,35.28,Delivered
2024-08-21,West,Technology,Phones,624.22,8.0,21.7,Amy Bowman,821cd3bb,d1b1ae8f-1,0.0,Christopherton,13.54,Delivered
2025-06-13,South,Technology,Copiers,581.37,5.0,-12.12,Vanessa Paul,4c594a47,55e66a61-9,0.0,West Jacobfurt,6.44,Delivered
2024-08-02,Central,Office Supplies,Labels,622.75,7.0,-114.63,Heidi Garrett,1d52b5cf,17967be1-f,0.3,Wilsonview,7.19,Delivered
2024-02-05,Central,Technology,Phones,718.11,2.0,-124.71,Eric Parker,5a125114,c1c6e230-c,0.2,West Christianmouth,37.23,Cancelled
2023-04-04,South,Office Supplies,Binders,749.38,7.0,-115.07,Jason Murray,8c521255,0f31f986-6,0.1,Port Marcushaven,24.66,Delivered
2022-07-28,East,Office Supplies,Binders,209.31,6.0,6.47,Ashley Nguyen,b6d79bfd,314b17d3-8,0.3,East Julia,20.55,Delivered
2022-08-21,Central,Technology,Copiers,922.68,7.0,226.55,Brittney Ray,fbccc876,9c567a45-c,0.0,Barrettberg,25.11,Delivered
2022-08-19,Central,Technology,Machines,20.24,1.0,-1.92,Erica Hernandez,3dead0b6,b71e8893-4,0.0,Port Steven,26.03,Delivered
2023-12-09,East,Furniture,Furnishings,720.43,1.0,-101.04,Felicia Miller,0ac69875,9d1aa419-e,0.0,New Randall,6.2,In Transit
2024-12-04,Central,Furniture,Furnishings,279.84,8.0,68.18,Eric Hammond,aa411d6a,9afe5bb3-0,0.1,Annafurt,49.26,In Transit
2024-05-04,East,Office Supplies,Art,754.9,,78.49,Barbara Lewis,49a28c97,ac358eea-5,0.0,Jenniferton,7.19,Delivered
2023-08-01,West,Office Supplies,Binders,67.93,1.0,-6.24,Edwin Russell,03cee89f,1ef52a35-f,0.1,Donnastad,49.37,Delivered
2024-07-24,South,Office Supplies,Binders,38.72,1.0,10.83,David Gray,7c7cfaa4,266a6b8d-c,0.0,Jenniferland,21.12,Returned
2024-11-15,South,Technology,Phones,665.05,4.0,161.05,Justin Moon,2b98ee71,6c0e8da5-f,0.3,Lake Aaronport,28.11,Delivered
2024-05-14,West,Office Supplies,Paper,543.72,9.0,-9.75,Daniel May,e14cb955,797f8552-7,0.0,West Rodneymouth,29.92,Delivered
2023-07-22,South,Technology,Machines,210.39,5.0,5.75,Emily Hale,9547060c,c7fc3f59-6,0.1,New Kevin,32.2,Delivered
2024-09-18,West,Furniture,Tables,530.26,1.0,,Robin Fletcher,dc5dd9a4,71a34da2-f,0.0,South Yolanda,34.37,Delivered
2024-01-01,Central,Technology,Machines,852.89,2.0,-9.34,Kevin Obrien,50cf9a76,316f023b-5,0.0,Port Aaron,34.15,Delivered
2025-03-15,Central,Office Supplies,Art,799.07,1.0,-9.92,Kelly Smith,a61476ae,edd5c327-7,0.1,South Ryan,40.89,Delivered
2023-02-06,East,Furniture,Chairs,322.62,1.0,-0.08,Theresa Douglas,61d9d184,16c7f9a6-7,0.0,East Audreystad,,In Transit
2023-02-14,Central,Office Supplies,Art,339.24,1.0,89.93,Debra Morales,8f8acf42,c781cac5-0,0.2,Carrchester,7.4,Returned
2023-11-05,West,Office Supplies,Art,619.17,5.0,169.86,Jennifer Hodge,af81c6c2,05621a27-b,0.0,West Danielburgh,45.17,Delivered
2023-10-31,East,Technology,Phones,46.83,4.0,-0.48,Ashley Wilson,cd21215c,833a843e-1,0.2,Rivasview,36.97,Delivered
2022-09-05,Central,Office Supplies,Labels,572.76,3.0,33.05,Gregory Sullivan,e79b3a61,2c580b42-a,0.1,North Edward,16.35,Returned
2023-07-20,South,Office Supplies,Paper,878.17,4.0,47.02,Jennifer Jordan,40b3824d,8e43d406-1,,Alvaradofort,9.81,In Transit
2023-05-23,West,Office Supplies,Art,897.3,7.0,-75.71,Joe Jones,8ee72f86,081e3442-e,0.0,North Lauren,43.51,Delivered
2022-10-05,Central,Office Supplies,Binders,394.67,6.0,-1.73,Mrs. Melissa Thompson,4854a45f,4ef3d2f4-6,0.0,New Katieside,30.7,Delivered
2023-12-29,West,Furniture,Furnishings,892.9,9.0,99.15,Melissa Coleman,c3fd2b70,f0aa88b7-6,0.2,East Tomport,36.86,In Transit
2023-10-18,South,Furniture,Chairs,93.26,3.0,27.68,Justin Frank,aa2e14f2,1bb3ab9c-3,0.0,Port Brian,22.01,Cancelled
2024-10-25,South,Technology,Machines,88.69,3.0,-7.75,John Villarreal,7fcf7de9,6c9e4bbd-0,0.2,West Melissa,44.01,In Transit
2025-01-13,West,Technology,Copiers,710.24,6.0,87.93,Joshua Walker,5e1e24d6,99441816-9,0.0,Boydfurt,34.63,Delivered
2023-12-05,South,Furniture,Chairs,917.74,3.0,-33.04,Kayla Powell MD,fbef2e5c,fbd2a8a2-e,0.0,Gabrielport,8.6,Delivered
2023-08-28,West,Technology,Accessories,353.95,7.0,-55.88,William Frederick,8388c3c8,01b3be4b-a,0.1,New Patricia,40.79,Cancelled
2025-03-22,West,Office Supplies,Labels,805.17,6.0,229.42,Mark Walker,391521ca,b8397020-3,0.0,West Charles,16.31,Returned
2023-05-19,Central,Technology,Copiers,274.31,10.0,-6.95,Craig Tran,2756efa9,f2af5bbd-3,0.0,Lake Abigailberg,39.32,In Transit
2024-08-18,East,Technology,Copiers,586.36,8.0,46.0,Jose Thomas,ca1e6fdb,c68c3f18-7,0.0,South Douglas,32.09,In Transit
2022-07-16,Central,Office Supplies,Art,827.11,7.0,-35.15,Michael Gonzales,6713c9de,125a5b16-7,0.1,Martinezborough,34.67,Cancelled
2023-03-12,West,Furniture,Bookcases,674.31,10.0,10.2,Alexander Fitzgerald,1d9127a1,1ba92b12-b,0.1,Parksview,31.71,
2024-03-29,West,Office Supplies,Paper,39.01,3.0,6.32,Andrew Jones,a8b94234,0614fc3e-f,0.2,Lesterborough,20.78,Delivered
2024-11-05,West,Office Supplies,Binders,678.69,1.0,,Paul Jennings,4f377c6f,0beba722-5,0.0,Lisaville,28.09,Delivered
2023-10-13,West,Technology,Accessories,914.47,4.0,-104.04,Jason Garcia,034b2885,a860892e-e,0.0,Roberthaven,48.69,Cancelled
2024-03-03,Central,Technology,Copiers,769.11,5.0,70.48,Andrea Buckley,0b213bc7,8561943a-7,0.1,East Kenneth,18.54,Delivered
2022-08-02,West,Furniture,Chairs,384.39,9.0,-52.92,Dennis Kelley,60a5693b,d2204f5d-7,0.0,West Matthewburgh,6.86,In Transit
2023-07-22,West,Technology,Copiers,844.64,2.0,-68.68,Monica Winters DDS,9f2f405e,ad89d04d-a,0.0,Lake Jayview,6.51,Delivered
2023-01-03,South,Technology,Machines,834.84,2.0,-161.25,Tyrone Stout,de3f71ac,6ceddcaf-6,0.0,Nicholasfort,43.54,Cancelled
2025-06-06,East,Office Supplies,Labels,,10.0,16.9,Sonya Hill,67941475,b293c484-a,0.1,Lopeztown,19.63,Cancelled
2023-09-25,East,Technology,Accessories,,7.0,-39.91,Linda Roth,5b8ab0bd,339eda88-7,0.0,Carlsonfurt,13.57,Delivered
2024-06-03,West,Technology,Copiers,73.89,4.0,8.48,Bruce Taylor,9708c3b1,3a439eba-f,0.0,South Rebecca,20.41,Returned
2023-10-15,Central,Office Supplies,Labels,581.82,7.0,153.72,Adrian Zamora,7a887a56,3d29cbe3-2,0.0,East Meganport,33.73,Returned
2025-04-05,Central,Furniture,Furnishings,417.69,2.0,-8.53,Alexa Faulkner,59b12de6,8cac85ea-b,0.0,East William,24.89,Delivered
2024-04-21,Central,Office Supplies,Art,,,75.66,Cody Weaver,8d4cc2fa,80b00edc-1,0.0,Vargasborough,25.21,In Transit
2024-01-19,Central,Office Supplies,Art,487.53,9.0,70.08,Stephanie Chase,8b73049f,1f62a5df-c,0.0,Port Brittany,21.88,Delivered
2023-09-26,West,Technology,Phones,377.03,3.0,47.72,David Davis,e6640af6,c68767b5-a,0.0,Medinaland,42.5,In Transit
2025-04-14,South,Furniture,Chairs,221.61,9.0,2.68,Angela Torres,66774035,37d57d21-1,0.2,Hunterfurt,37.63,Delivered
2025-07-09,East,Office Supplies,Binders,827.65,,186.27,Kyle Tucker,4dde5cf1,1332aa1e-1,0.0,Port Alexandra,34.95,Delivered
2023-01-15,West,Office Supplies,Labels,437.68,6.0,-67.06,James Palmer,c8d602e5,b0704674-0,0.1,Lake Lacey,8.25,Delivered
2024-02-12,South,Furniture,Furnishings,131.88,2.0,-14.76,Morgan Casey,2096f4f0,54ecef55-2,0.1,Walterstad,39.03,In Transit
2025-02-07,South,Furniture,Chairs,665.57,1.0,24.11,Aaron Campbell,b1aecf31,7320c587-a,0.3,North Thomasfurt,32.49,Delivered
2022-08-19,South,Technology,Copiers,646.28,4.0,29.3,Paul Mitchell,527a476a,9b417440-e,0.1,West Jennifer,18.63,Delivered
2023-03-27,East,Office Supplies,Paper,66.19,4.0,6.0,Valerie Figueroa,a8b41027,20fa27da-c,0.1,Parkerland,26.47,Delivered
2025-05-16,South,Furniture,Tables,142.22,5.0,18.49,Steven Patterson,8bbb7315,10328e8c-9,0.0,South Barbara,14.87,Delivered
2025-05-18,East,Technology,Machines,281.62,7.0,42.07,Jonathan Bailey,5cf3e220,a3f7d608-1,0.0,Danielchester,45.47,Delivered
2024-08-18,West,Furniture,Tables,708.59,5.0,24.54,Seth Carr,0bcf1eac,126af779-b,0.0,Jamesview,20.86,Delivered
2024-08-10,Central,Technology,Phones,814.41,5.0,239.26,Holly Salazar,ae4d5db9,be6532ef-9,0.1,Brandyport,26.29,Delivered
2024-04-18,East,Technology,Accessories,955.52,10.0,34.4,William Lee,acba82c6,b6375f25-1,0.3,Mitchellstad,37.57,Delivered
2024-03-23,Central,Office Supplies,Labels,618.91,9.0,54.47,Patricia Maldonado,a8d63a86,a63199b8-e,0.3,East Brandonborough,31.27,In Transit
2024-11-16,Central,Office Supplies,Paper,933.91,9.0,-33.18,Benjamin Bowman,a9a2af9d,eb9fd961-7,0.2,Lake Kayla,41.56,In Transit
2024-02-22,East,Technology,Copiers,757.98,1.0,149.18,Mr. Stephen Mills,c1b701f3,7aa33a36-6,0.0,Wendyview,29.72,In Transit
2023-12-20,East,Office Supplies,Binders,404.96,5.0,39.05,Ronald Perez,4b3f4084,ca0438f1-4,0.1,Ruizbury,31.06,Delivered
2024-09-25,West,Office Supplies,Art,502.61,9.0,29.92,Angela Allen,f0728ba7,a2d74d99-e,0.0,Port Joshuaton,18.29,Delivered
2023-09-16,South,Technology,Machines,647.05,1.0,-0.41,Danny Hayes,8679f6a0,259a5d3e-6,0.2,Sullivanberg,32.39,Cancelled
2023-01-13,South,Furniture,Chairs,361.76,8.0,65.13,Nathaniel Nelson,9a1b4b36,5a596726-8,0.1,Michaelborough,34.87,Delivered
2024-07-05,Central,Office Supplies,Labels,805.22,3.0,150.94,Jonathan Martin,be00cb61,33a2b230-3,0.0,Mathisberg,7.49,In Transit
2024-01-18,East,Office Supplies,Art,666.83,10.0,84.88,Jennifer Allen,9dd58a46,bd44eba3-b,0.0,Lake Robert,19.37,Returned
2023-01-25,Central,Furniture,Tables,36.73,,5.54,Bonnie Mitchell,aaa1f446,4521552d-2,0.1,Moorefort,39.64,In Transit
2024-07-20,Central,Office Supplies,Labels,745.68,1.0,187.3,Dennis Mason,523e358e,257f37aa-1,0.0,Baileytown,42.54,In Transit
2025-01-28,West,Office Supplies,Binders,178.31,10.0,-23.31,Mike Dixon,cce4dfa9,5470f945-e,0.0,Michaelport,17.65,Delivered
2024-05-25,East,Furniture,Bookcases,920.82,1.0,198.26,Thomas Hill,9614e4f6,4b0de1f0-1,0.2,East Emily,45.05,Delivered
2024-03-23,Central,Office Supplies,Binders,587.46,6.0,140.61,Megan Wilson,505dcbb9,874b5f57-6,0.2,Jasonfort,47.32,Delivered
2024-11-24,West,Technology,Copiers,,8.0,119.45,Denise Hall,bc48fa03,6efd9217-6,0.0,Lake Crystal,40.94,Delivered
2023-12-22,Central,Furniture,Bookcases,816.79,6.0,164.48,James Scott,b4b687ba,f161cba2-9,0.0,Michaelhaven,45.85,Delivered
2023-06-25,East,Office Supplies,Paper,196.33,6.0,47.95,Shannon Rogers,aa3a1375,c2699da6-8,,West Robertside,7.11,Cancelled
2022-12-06,West,Office Supplies,Art,620.61,8.0,-23.21,Robin Donaldson,2e271a4f,a02d2caa-2,0.2,Williamsstad,,In Transit
2024-06-02,East,Technology,Accessories,552.32,10.0,-64.05,Kathleen Phillips,82bd1050,45bdf1fe-9,0.0,East Victoria,13.92,In Transit
2023-12-29,East,Furniture,Tables,943.87,9.0,-62.92,Marcus Hudson,352b0564,f6bb105a-f,0.0,Martinfort,27.6,Delivered
2023-03-23,Central,Office Supplies,Binders,12.36,3.0,1.13,George Gross,00845472,7cba955d-8,0.0,South Cassandra,38.01,Cancelled
2024-12-03,Central,Office Supplies,Art,899.67,7.0,220.99,Paul Brennan,14413f34,f7365140-6,0.1,Snowfurt,8.11,Returned
2022-10-03,West,Office Supplies,Art,798.03,6.0,147.73,Daniel Giles,6f4f599c,ffe8c4a2-7,0.1,Valdezview,17.09,Delivered
2024-09-13,East,Furniture,Bookcases,514.05,6.0,89.18,Tanner Snyder,1184123e,6f077cfe-0,0.0,Reidshire,28.67,Delivered
2024-09-17,East,Technology,Copiers,984.54,2.0,108.45,Tammie Montgomery,a0d11ea9,a2f38633-7,0.0,Hansonville,16.55,Delivered
2025-02-28,West,Furniture,Tables,664.25,8.0,125.97,Jimmy Clark,c2e74f44,8f995a97-8,0.0,Tinaborough,34.07,In Transit
2023-10-30,East,Technology,Accessories,,7.0,90.85,Stanley Powell,81488e50,874d86e7-1,0.0,New Brandy,33.39,Delivered
2024-06-02,South,Furniture,Chairs,81.68,8.0,3.52,Linda Smith,90a6ca78,eb808765-9,0.1,Kevinborough,32.14,Delivered
2023-06-18,Central,Technology,Phones,232.42,7.0,28.31,Christopher Grant,6647f4e2,e852d5ee-3,0.2,Reginaport,12.77,In Transit
2025-01-25,South,Office Supplies,Paper,859.45,1.0,92.27,Curtis Robinson,a064bc87,8602a645-e,0.0,East Ashleystad,45.96,Delivered
2023-05-14,East,Office Supplies,Paper,680.91,,-53.14,Robert Mccarty,14fde739,35c2e87c-0,0.0,Tuckerside,37.57,Delivered
2022-12-12,East,Office Supplies,Binders,614.19,5.0,-20.88,Carolyn Brown,fa32a846,9828af17-b,0.0,East Sheri,17.03,Cancelled
2023-02-15,South,Office Supplies,Labels,797.7,1.0,-54.97,Phillip Davis,da1cd60b,515be2d6-3,0.3,South Heather,47.88,Delivered
2022-10-27,East,Furniture,Bookcases,55.93,10.0,16.75,Anthony Butler,262577b7,58976af5-0,0.1,West Christopherborough,17.6,Delivered
2024-09-02,West,Office Supplies,Paper,727.88,9.0,146.53,Samantha Jefferson,af158773,99ae5df6-2,0.2,West Jamesborough,28.59,Delivered
2023-12-04,West,Technology,Phones,11.23,4.0,-1.51,Matthew Webb,fd05112f,19e5a0fe-0,0.3,Youngland,23.11,Delivered
2023-01-25,East,Furniture,Bookcases,873.67,10.0,-44.86,Deanna Vargas,621bf597,448ff8d8-0,0.0,Heathburgh,38.75,Returned
2024-05-11,East,Furniture,Bookcases,673.21,10.0,-55.26,Kimberly Rodriguez,c29700e7,6ca843ff-3,0.3,Cochrantown,46.17,Delivered
2024-01-13,South,Technology,Accessories,665.25,1.0,68.66,David Lopez,b207c89b,f551c7c0-e,0.2,Courtneyside,38.3,Delivered
2024-04-20,South,Technology,Phones,970.99,1.0,112.19,Richard Clark,f376ef91,464534a4-0,0.0,New Makayla,11.71,In Transit
2025-04-17,South,Technology,Machines,68.18,4.0,19.6,Susan Fuller,260f5ce2,a8b2ba14-7,0.0,Parkerhaven,39.66,In Transit
2023-01-12,West,Furniture,Chairs,672.35,1.0,-2.87,Valerie Landry,654de99f,4eda7e55-e,0.0,Adamchester,29.57,Returned
2023-03-13,South,Technology,Accessories,517.12,7.0,92.56,Michael Donovan,8c2f4a54,a52b02ee-9,0.0,Molinaview,42.15,In Transit
2022-12-20,Central,Technology,Phones,77.18,1.0,7.91,Dr. Ricardo Walker III,d970fecd,ce1469a2-2,0.2,Bradymouth,38.01,Delivered
2022-09-06,South,Office Supplies,Binders,365.85,8.0,,Alex Miller,5694bb10,f603322e-c,,Lake Thomas,19.92,Delivered
2023-02-16,East,Office Supplies,Paper,873.33,7.0,-31.04,Charlene Barrera,5598cd2d,5b3bd9c7-4,0.1,Lake Patrickmouth,16.29,In Transit
2022-12-22,East,Furniture,Bookcases,759.89,10.0,35.68,Raymond Diaz,7ced3463,fe4edbe7-5,0.1,Matthewsmouth,43.49,Delivered
2023-12-15,South,Furniture,Tables,812.22,5.0,142.49,Cynthia Herman,01c37f90,945f9641-4,0.0,Tinamouth,17.31,Cancelled
2024-08-03,Central,Furniture,Bookcases,45.89,5.0,-8.58,Dr. Brian Coleman,9000d7a8,4e345aae-1,0.2,Amyfort,24.19,In Transit
2023-09-05,West,Furniture,Bookcases,698.56,10.0,111.58,Mark Brown,9c5aeda0,66c6d735-d,0.0,Jacksonburgh,37.48,In Transit
2023-06-11,South,Technology,Phones,975.07,10.0,-146.14,Krista Greene,29f0f38b,69d6f7c3-6,0.2,Lake Davidstad,13.97,In Transit
2025-03-26,West,Office Supplies,Binders,775.93,3.0,9.67,Jordan White,1ee08185,99889186-2,0.0,Lake Jenniferburgh,35.94,Delivered
2025-04-13,West,Technology,Accessories,84.68,9.0,21.27,Jennifer Mills,9b0fc5e5,4f097690-8,0.2,Rossmouth,36.12,In Transit
2022-09-06,East,Technology,Accessories,507.29,8.0,129.63,Stephanie Brooks,59a31dc2,13c20593-6,0.0,Allenbury,7.92,Delivered
2023-11-01,Central,Furniture,Tables,785.35,5.0,187.95,Erin Sullivan,3f824cb0,c7ffdd7c-5,0.0,Lopezville,37.23,In Transit
2023-09-18,West,Technology,Copiers,706.25,8.0,-105.68,Benjamin Hoover,32f29628,c094df38-f,,Port Jenniferland,45.51,Delivered
2024-09-03,South,Technology,Machines,322.84,6.0,65.28,Craig Maynard,4d0b0d73,d671b334-7,0.2,East Elizabethbury,40.17,Delivered
2024-09-06,Central,Furniture,Chairs,928.23,5.0,244.91,John Gomez,095d7ac6,63908082-3,0.2,,31.58,Delivered
2023-03-13,West,Furniture,Furnishings,323.19,6.0,86.43,Zoe Patton,2ffb369c,214d1edd-a,0.2,Smithchester,,In Transit
2023-12-13,Central,Technology,Phones,710.3,7.0,74.99,William Mitchell,d83ad82d,2872cde2-a,0.1,Port Josephport,25.72,Delivered
2024-05-14,West,Office Supplies,Labels,399.37,,20.94,Nathan Rollins,00855c6f,0e767d9a-8,0.2,Jessicaberg,22.23,Delivered
2024-01-19,West,Office Supplies,Labels,101.15,2.0,11.98,Bonnie Williams,03f6806a,678a1423-5,0.0,Laurentown,48.64,
2022-09-12,South,Office Supplies,Binders,294.62,1.0,52.77,Sara Brown,70f1fc33,7c42f5ed-2,0.2,Markborough,10.35,In Transit
2024-07-02,Central,Technology,Accessories,931.91,3.0,260.12,Mikayla Lee,ed1a4166,413752f0-8,0.0,Hallborough,31.73,Delivered
2023-12-26,East,Technology,Machines,362.66,7.0,93.89,Monique Sweeney,f07f76a3,67ae320e-e,0.3,North Katelynfurt,40.67,Delivered
2023-02-19,Central,Furniture,Tables,875.22,5.0,205.01,James Ellis,21bc2e50,f99a7a70-4,0.3,Andersonhaven,37.8,Delivered
2024-10-24,West,Technology,Copiers,170.24,1.0,10.17,Jacqueline Bishop,753c7a7e,9951dd51-f,0.0,New Carmenshire,6.91,Cancelled
2023-03-03,South,Furniture,Furnishings,564.21,6.0,-0.85,David Moore,981afe1f,76388b57-7,0.2,North Melanieton,39.31,Delivered
2024-07-18,South,Office Supplies,Art,502.0,2.0,-18.47,Mr. Daniel Booth,ddb77df6,39d371c6-d,0.0,Michelleville,48.88,Delivered
2025-03-12,East,Furniture,Chairs,424.65,8.0,110.86,Patrick Smith,81b010de,3f603af9-a,0.2,Ashleychester,45.34,Delivered
2024-05-12,East,Furniture,Bookcases,66.39,5.0,12.62,Kristy Trevino,0bcf7f4b,6c6961c4-4,0.1,Dianestad,34.61,Cancelled
2022-12-05,East,Technology,Phones,325.53,9.0,13.29,Stephen Martin,e8b6ba7a,fd295627-1,0.0,North Jennifer,35.99,Returned
2023-01-20,South,Furniture,Tables,705.52,5.0,117.33,David Gibbs,66e6cc9f,cfb8fdcb-1,0.2,Shannonstad,8.85,Delivered
2024-12-21,West,Furniture,Furnishings,106.78,6.0,-11.52,Vernon Jacobs,1695f7af,e49af896-e,0.2,Samanthaburgh,34.57,Delivered
2022-11-09,South,Furniture,Chairs,478.03,,94.29,Cheryl Weber,8895d51e,e6561a80-0,0.0,New Jennifer,35.37,In Transit
2022-08-30,West,Technology,Phones,396.68,10.0,93.15,Allison Curry,f58e93ad,50271127-2,0.3,Craigbury,14.07,Returned
2023-11-17,East,Furniture,Chairs,391.49,2.0,-9.86,Scott Banks,e7ac094e,bf3e661e-b,0.0,East Jennifer,35.37,Delivered
2023-05-13,East,Technology,Accessories,77.58,4.0,-7.28,Kenneth Cruz,ce309adf,d9b7c859-e,0.0,Port Davidtown,24.8,Delivered
2024-02-23,South,Technology,Phones,,8.0,53.63,Cody Jones,6d643589,3595cc45-0,0.2,East Ericmouth,26.57,In Transit
2025-05-05,West,Furniture,Furnishings,514.85,8.0,-26.63,Morgan Carson,97f2bb9a,cb623f9e-3,0.0,Lake Walterhaven,45.05,In Transit
2023-01-03,East,Furniture,Furnishings,893.24,7.0,-112.98,Carlos Terry,32af4e96,71156f0d-a,0.2,East Steven,49.76,Delivered
2023-09-03,East,Technology,Accessories,967.24,3.0,109.35,Derek Hall,5dc395b4,2fb854ab-3,0.0,Fitzgeraldchester,22.21,Delivered
2023-04-16,South,Technology,Copiers,511.65,2.0,81.61,Katie Randall,fca2da65,d5097013-a,0.0,New Calebborough,41.44,Delivered
2024-05-21,West,Technology,Accessories,866.26,6.0,181.01,Michelle Mcdaniel,2e2d3a69,8818163b-4,0.0,Paynechester,13.98,Delivered
2025-01-13,Central,Office Supplies,Paper,420.35,9.0,49.6,Danielle Wilcox,1d44edb4,f1a29d2d-7,0.1,Wheelerstad,10.91,Delivered
2022-09-29,South,Furniture,Chairs,887.25,7.0,-133.73,Jared Schmidt,f75f71c4,d2dfb774-5,0.1,North Mary,29.7,Cancelled
2023-01-09,South,Technology,Copiers,327.56,10.0,-21.73,Shari Patterson,9405f841,73dab672-3,0.0,West Paul,14.92,In Transit
2025-02-15,West,Office Supplies,Labels,198.97,3.0,-9.83,Vanessa Ward,aa210d51,e713a639-7,0.0,Michellemouth,21.32,In Transit
2025-04-14,Central,Office Supplies,Paper,210.8,7.0,6.29,Chris Fleming,27559c63,c797dba6-e,0.3,Turnerside,25.14,In Transit
2023-05-30,East,Technology,Accessories,158.13,5.0,-20.64,James Davis,a5a32d50,bcda12d6-9,0.2,Mckenzieport,41.02,Delivered
2025-05-19,Central,Office Supplies,Binders,661.9,3.0,-77.97,Raymond Osborn,c949f7dd,b4355f6d-4,0.1,Port Beverly,19.27,Delivered
2024-03-12,West,Furniture,Chairs,909.98,10.0,161.13,David Wright,cd09c7d4,b368b940-1,0.0,Davischester,32.8,Cancelled
2023-10-13,South,Office Supplies,Binders,280.03,6.0,,Daniel Haley,6e9d2983,3b486819-1,,Lake Jesusbury,11.61,Delivered
2024-04-28,Central,Furniture,Tables,991.99,9.0,60.9,Catherine Thompson,0092873a,08cbfca9-a,0.3,New Joseborough,14.58,Delivered
2023-10-19,West,Furniture,Bookcases,412.32,5.0,-80.17,Taylor Marquez,8f67bff4,dc29a18c-8,0.2,Victoriastad,22.34,Delivered
2023-07-21,South,Office Supplies,Art,,8.0,-11.1,Terry Burke,a15890be,508b09a6-d,0.1,Doyleton,20.93,Delivered
2023-10-01,Central,Furniture,Furnishings,814.31,6.0,-39.38,Timothy Turner,a83df6b9,a0c00016-f,0.2,Yolandaborough,,In Transit
2025-03-07,East,Furniture,Bookcases,712.3,3.0,-58.58,Kevin Thompson,ade093aa,5b0a34e0-c,0.0,West Josephmouth,37.7,Delivered
2024-04-04,West,Technology,Accessories,215.85,7.0,25.65,Joshua Powell,3c70badf,e0b6cd19-3,0.2,West Andrew,37.9,Delivered
2024-06-24,West,Office Supplies,Binders,478.98,9.0,-57.6,James Campbell,be6fb282,b181de51-3,0.1,Michaelbury,38.88,Delivered
2024-07-13,Central,Furniture,Chairs,861.2,2.0,-35.91,Brandon Santos,9615f74b,f800db8b-e,0.0,Rachaelmouth,34.72,Delivered
2025-06-19,Central,Furniture,Bookcases,575.32,5.0,34.13,Isabel Larson,1e390451,7b702b7c-d,0.0,Lake Latashashire,35.89,Delivered
2023-03-26,West,Office Supplies,Labels,75.08,6.0,15.91,Matthew Wilson,11db6811,a7207066-8,0.1,Lake Alisonstad,28.72,Delivered
2023-03-30,Central,Office Supplies,Paper,318.45,,27.2,Ryan Silva,6d5113ea,bd4d86c3-6,0.1,Williamburgh,27.84,In Transit
2023-06-23,South,Office Supplies,Labels,559.25,10.0,-24.63,Michael Daniels,a809dfa4,5ac6748a-c,0.1,Websterview,39.17,Delivered
2023-10-15,East,Furniture,Bookcases,311.35,9.0,,Lance Patterson,038c0ff4,cc12a324-b,0.0,Gregoryfurt,20.99,Delivered
2025-01-11,East,Technology,Machines,311.39,8.0,52.69,Ruth Taylor,278ced23,24faa0c3-3,0.0,West Richard,23.1,Delivered
2022-07-29,West,Office Supplies,Paper,955.13,3.0,53.98,Benjamin Hoffman,50dbc98e,aa25d119-0,0.0,Nealshire,10.22,In Transit
2023-09-26,South,Furniture,Tables,834.21,5.0,174.31,Lisa Parker,65ebabcb,9e6c0665-d,0.3,Port Anna,39.33,In Transit
2023-02-08,East,Furniture,Bookcases,139.75,10.0,4.16,Kimberly Mcmillan,ad416325,c1d08f7d-3,0.0,Howellton,30.54,Delivered
2023-12-27,Central,Furniture,Bookcases,182.36,3.0,-21.0,Amy Mcclure,2e2e8a39,66dfecf2-e,0.1,Lindatown,14.65,Delivered
2023-02-17,South,Technology,Copiers,343.99,3.0,-7.75,Jessica Castro,1690d07a,be9f10ee-d,0.1,East David,5.95,Delivered
2023-04-03,Central,Technology,Accessories,508.25,5.0,18.82,Douglas Hopkins,8c9d4ca7,a6f0d04c-0,0.0,Glennmouth,40.11,Delivered
2023-12-14,South,Furniture,Furnishings,132.25,3.0,-13.56,Dawn Hatfield,1fac6186,4a3f9d27-f,0.0,North Elizabethhaven,18.17,
2025-01-20,West,Technology,Phones,296.19,3.0,-21.65,Richard Dillon,cbdcd733,85a5f770-1,0.1,Choiton,15.48,Delivered
2025-07-13,East,Office Supplies,Binders,668.74,2.0,-96.05,Lydia Peterson,16c85e29,86b40c97-5,,Robinfurt,7.94,Returned
2023-07-10,East,Office Supplies,Labels,96.34,2.0,-14.34,Patricia York,527efcff,0ad196c9-5,0.1,Cameronmouth,15.81,Delivered
2023-01-27,Central,Office Supplies,Paper,224.59,9.0,-43.69,Victoria Carter,7d2f82cd,02934676-f,0.1,Lake Sandrahaven,16.02,Delivered
2023-05-04,East,Furniture,Bookcases,495.97,8.0,-56.48,Autumn Stark,690aaf0c,5b6734d5-c,0.0,Andersonborough,21.07,In Transit
2022-10-12,West,Technology,Phones,990.53,5.0,184.34,Michelle Cook,dc490130,1089fb97-2,0.2,South Katelyn,25.01,In Transit
2024-07-07,South,Technology,Machines,794.15,7.0,-133.61,Daniel Crawford,f35594e6,d1fc6435-0,0.2,East Kimberlystad,42.85,Cancelled
2024-05-31,East,Office Supplies,Binders,334.54,1.0,3.07,Kyle Houston,3d81b74c,dd87f905-c,0.0,Zacharyhaven,19.4,Delivered
2024-06-27,Central,Office Supplies,Art,694.5,1.0,198.38,Chris Jackson,410ff9e5,b1f9b4cc-2,0.0,Youngchester,22.74,Delivered
2022-11-14,Central,Technology,Copiers,357.74,10.0,,Diana Mcguire,8b644301,895c740c-5,0.0,New Victorside,45.19,Delivered
2023-03-27,West,Technology,Accessories,832.09,,-114.5,Danielle Bates,d6a3a92c,718e7724-8,0.0,East Christopher,45.11,Delivered
2025-02-14,South,Technology,Machines,406.7,4.0,-33.32,Dawn Glover,89d35284,cd3fb123-3,0.0,South Michelemouth,41.63,Delivered
2024-02-21,Central,Office Supplies,Labels,748.84,10.0,-33.77,Courtney Phillips,3826c8bd,c8324d3f-f,0.1,Fergusontown,29.22,Delivered
2024-09-24,South,Technology,Accessories,266.17,4.0,40.73,Sandra Mosley,3308d2f0,35ae234a-2,0.2,Meadowsstad,18.83,Delivered
2023-12-02,Central,Furniture,Tables,140.24,7.0,38.2,Ashley Ruiz,ab672cf6,9128d6f8-8,0.0,Brownport,19.27,Delivered
2023-01-04,South,Office Supplies,Art,372.86,2.0,,Jesse Reynolds,8ece8419,57417af3-1,0.0,Port Ronniebury,36.36,Delivered
2023-02-27,South,Office Supplies,Labels,877.02,1.0,64.3,Roberto Thompson,bba58180,49ea4d65-0,0.3,Gregorybury,36.43,Delivered
2024-07-10,East,Furniture,Bookcases,14.08,10.0,2.34,Amber Johnson,dc884e37,19db39c0-b,0.2,Rebeccaton,28.53,In Transit
2022-11-26,South,Technology,Accessories,412.32,1.0,89.98,Shannon Benson,87ab0cc3,e54f947f-5,0.1,New Brianchester,15.45,Cancelled
2023-04-30,West,Technology,Accessories,464.52,2.0,100.74,Dorothy Wilson,624481de,9c07d950-4,0.1,Randallview,21.79,Delivered
2024-04-13,South,Furniture,Bookcases,383.57,3.0,15.51,Autumn Richard,906f4d47,4834efb9-3,0.0,Diazside,14.11,Cancelled
2024-02-02,South,Technology,Accessories,483.03,,-28.41,Jenny Ortega,703dd4b1,4c0ab62c-7,0.2,New Rhondaborough,25.04,Delivered
2023-06-18,South,Office Supplies,Paper,749.83,2.0,-131.13,Stacey Spencer,8870b563,fcdb9a17-3,,New Christine,13.92,In Transit
2025-01-15,East,Technology,Machines,787.53,3.0,-25.88,Marco Reed,19a890f3,0e199f02-8,0.0,North Jessica,5.02,Delivered
2023-06-20,South,Technology,Accessories,770.25,7.0,-121.19,Jose Thomas,762c5aa6,6710ad56-9,0.0,Lopezstad,35.28,Delivered
2024-03-06,South,Technology,Phones,,3.0,-79.22,Anthony Harmon,998e824b,ed3aeea7-4,0.2,,43.29,Delivered
2023-12-28,East,Technology,Accessories,,10.0,-136.91,Joseph Huang,0b5a478d,367d90c4-1,0.2,Sarahberg,28.48,Delivered
2024-03-29,South,Office Supplies,Paper,486.38,8.0,133.6,Alison Kelley,361813be,cd8192a7-6,0.0,New Staceyport,37.77,Cancelled
2024-09-02,South,Furniture,Tables,251.65,6.0,-14.41,Jordan Smith,5724669b,ce7081fb-0,0.1,New Michaelchester,17.7,Cancelled
2022-09-26,Central,Technology,Accessories,767.23,8.0,-94.47,Amanda Manning,ec138ef1,991b9bcc-0,0.1,West Natasha,46.46,Delivered
2024-10-22,Central,Technology,Phones,204.55,5.0,-31.68,Cassidy Johnson,d5a6fb7f,c549eb39-e,0.2,Deantown,36.86,Cancelled
2023-07-12,West,Furniture,Furnishings,866.06,7.0,75.71,Kathleen Melton,310b79fa,db4fda24-5,0.0,New Anthonyburgh,37.38,Delivered
2024-06-05,South,Furniture,Furnishings,249.12,4.0,5.41,Lisa Hall,57ead3e9,f746e5a9-e,0.2,Hughesside,6.85,Delivered
2023-05-10,Central,Technology,Accessories,249.37,1.0,-20.02,William Bush,c6762850,9360575a-5,0.0,Kristenbury,25.87,Delivered
2024-12-03,Central,Office Supplies,Paper,348.24,4.0,51.55,Gail Wang,c3d43540,02952a81-f,0.0,Gabrielamouth,,Delivered
2025-03-19,East,Technology,Machines,859.67,3.0,-154.66,Evan Smith,e82f694c,3c3c7e4f-e,0.2,Oconnorland,32.06,Cancelled
2023-03-16,Central,Office Supplies,Paper,717.58,1.0,-122.89,Judy Larson,baff4568,86ca1783-0,0.0,West Heather,21.56,In Transit
2023-09-18,East,Furniture,Chairs,217.54,4.0,-1.49,Kathleen Lynch,62855383,76d61305-4,0.0,West Brian,12.46,Delivered
2024-03-15,Central,Office Supplies,Labels,375.91,1.0,-21.38,Teresa Molina,2861d57a,c6c5b1b5-5,0.2,New Jenniferberg,5.25,Delivered
2023-02-14,Central,Office Supplies,Labels,845.33,6.0,43.0,Kenneth White,8bdad303,05c70033-6,0.3,East Stephenstad,10.95,In Transit
2025-05-11,West,Office Supplies,Art,786.01,10.0,105.28,Jack Carroll,057462eb,f828aaa3-b,0.2,Larsonmouth,37.04,Delivered
2024-10-03,East,Furniture,Furnishings,,9.0,-92.43,Christopher Ramirez,77d99b13,26027443-4,0.0,Port Jonathantown,41.86,Delivered
2024-03-29,Central,Office Supplies,Paper,184.88,2.0,45.16,Whitney Brooks,41fca6c0,e8cc8e55-a,0.0,Jessetown,48.74,Cancelled
2024-05-30,West,Furniture,Bookcases,331.52,4.0,91.69,Yolanda Edwards,6bb2acf1,1f3e0293-9,0.1,New Kimberly,33.54,Delivered
2024-03-31,South,Technology,Copiers,292.54,2.0,78.43,Joseph Hill,b23486d8,d7ef8645-e,0.0,New Ashleyville,23.93,In Transit
2023-11-27,East,Office Supplies,Labels,717.58,4.0,52.04,Lisa Thompson,0b2ac0d1,d2d74ccd-f,0.3,Taratown,33.91,Delivered
2024-12-31,Central,Technology,Copiers,715.42,9.0,114.48,Sheila Mccullough,b2bc496f,978c3811-7,0.1,Daymouth,7.02,Cancelled
2024-01-06,Central,Technology,Phones,961.34,6.0,229.53,Christina Hinton,b8cff9e2,f4eb75d0-5,0.0,Ferrellhaven,39.19,Delivered
2025-03-25,Central,Furniture,Tables,712.71,9.0,-28.02,Katherine Knight,c1a9d3b9,3706aab5-5,0.2,Hollyland,23.87,Delivered
2025-04-18,West,Furniture,Chairs,203.25,8.0,14.89,Charles Allen,588922b1,9f4c760d-e,0.3,Chadmouth,46.6,Delivered
2023-02-07,West,Furniture,Chairs,306.2,3.0,-58.35,Susan Thomas,61cf0fa9,ddd4731d-2,0.2,Port Brianfurt,47.96,In Transit
2022-11-09,West,Office Supplies,Labels,544.95,4.0,81.96,Jennifer Brown,b61c4030,c973d23c-1,0.2,East Megan,32.1,
2022-10-10,South,Office Supplies,Labels,344.48,8.0,22.67,Jessica Hart,4611aa20,dee0f7df-1,0.0,Port James,44.52,Delivered
2023-03-22,South,Technology,Accessories,416.17,8.0,-51.18,Patrick Riley,c86da827,3b4a1126-3,0.0,Ortegamouth,25.14,Delivered
2022-10-13,South,Office Supplies,Paper,380.31,7.0,63.06,Tony Edwards,25362fba,d50b968f-9,0.0,South James,27.5,Delivered
2023-07-29,West,Furniture,Tables,63.12,7.0,-5.92,Eric Ellis,8153bb59,23f3b221-b,0.0,New James,33.82,Cancelled
2023-08-23,Central,Technology,Copiers,55.94,1.0,8.04,Nicole Gomez,32ee4955,5bb8ad09-2,0.0,Curtisport,23.51,Delivered
2023-08-21,East,Furniture,Bookcases,509.36,7.0,152.51,Lisa Cooper,d085dd81,ca860e35-4,0.0,Briggsmouth,28.17,In Transit
2022-09-14,South,Office Supplies,Labels,133.22,1.0,-21.57,Caitlin Aguirre,1c97ab08,a7330319-5,,Port Shannon,8.99,Delivered
2024-01-12,East,Office Supplies,Art,279.32,1.0,5.44,Alexis Guerrero,028d9e2d,1b04046d-c,0.0,Petersonmouth,46.71,Delivered
2023-08-20,Central,Technology,Accessories,346.26,,78.32,Cody Becker,c171f5d3,99a6a9e2-2,0.0,West Kaylaburgh,16.9,Delivered
2023-11-24,West,Technology,Phones,802.43,4.0,187.44,Patricia Mcdaniel,42c63455,2bf52575-5,0.0,South Trevorchester,45.71,Cancelled
2023-01-30,East,Technology,Accessories,76.85,2.0,-9.75,Katelyn Gray,90e42628,55af77cc-e,0.0,New Jacobport,40.77,Delivered
2023-02-20,South,Office Supplies,Paper,666.01,4.0,-85.73,Sylvia Watson,b95a1283,96aaec54-1,0.0,South Annberg,42.7,Cancelled
2024-12-13,West,Technology,Machines,677.27,8.0,-32.88,Ashley Rodriguez,278cfac7,cc96e3d1-0,0.3,West Trevormouth,18.36,Delivered
2023-04-02,Central,Furniture,Chairs,456.5,1.0,-3.77,Aaron Gutierrez,57ba028d,6c779d2a-4,0.2,South Roger,11.76,Delivered
2023-12-23,Central,Office Supplies,Binders,991.61,6.0,-118.49,Christian Harris,8e8f39f3,91758ac4-d,0.2,North Kaylamouth,28.99,Cancelled
2023-03-01,South,Technology,Phones,551.67,10.0,-12.81,Cheryl Nelson,11948842,c5875857-8,0.0,Stephanieport,35.67,In Transit
2023-12-10,East,Office Supplies,Labels,541.7,,,Brandy Nicholson,8f1ad83d,35315abd-8,0.1,Ponceburgh,22.56,Delivered
2023-03-26,East,Technology,Accessories,603.53,7.0,170.96,Zachary Pruitt,9668e155,fe3516cb-b,0.3,Port Derrickbury,14.41,Delivered
2023-05-22,West,Furniture,Bookcases,298.75,9.0,-28.25,Jessica Lewis,cfd4e3db,e1569a6c-8,0.0,Ashleybury,35.96,Delivered
2024-08-23,South,Furniture,Chairs,251.95,5.0,-31.53,Morgan Smith,8c126e80,0798e63d-a,0.0,Carlland,49.02,In Transit
2023-04-05,East,Technology,Accessories,90.33,5.0,8.84,Sara Reeves,1db99ac7,c6b31535-5,0.0,Clayville,38.79,Delivered
2024-10-29,Central,Office Supplies,Art,164.58,5.0,-0.13,Jessica Rodriguez,73739c76,05090740-e,0.3,Atkinsonburgh,12.31,Delivered
2024-02-04,Central,Furniture,Bookcases,565.64,5.0,-71.84,Stephanie Barker,a004ecf7,5ce29d4c-2,0.2,West James,5.05,Delivered
2023-08-22,West,Technology,Accessories,815.17,9.0,-14.6,Kimberly Boyd,fcbd7f16,944bd7d7-8,0.0,West Joseph,31.83,In Transit
2022-11-16,West,Technology,Phones,236.53,2.0,-40.09,Frederick Wright,b73bff0f,6f169be9-4,0.3,,10.63,Delivered
2024-08-24,Central,Office Supplies,Binders,359.62,9.0,79.57,Miss Emily Miller,88ddcdc6,685b48b2-f,0.0,South Williamfurt,6.56,In Transit
2024-06-26,East,Office Supplies,Labels,486.2,2.0,30.65,Jose York,56aba617,254f62de-3,0.2,South Jacksonside,40.57,Delivered
2023-08-21,East,Technology,Accessories,553.54,10.0,116.4,Steven Walls,1e71497d,c05996d6-b,0.0,Robinsonberg,38.87,In Transit
2025-04-15,Central,Furniture,Furnishings,157.94,4.0,-0.43,Edward Mitchell,da6541da,66b56b92-5,0.0,Lake Mandy,15.42,Delivered
2024-03-26,Central,Furniture,Chairs,411.61,2.0,51.43,Brian Cruz,9c80a9dd,b20e4f11-b,0.0,West Leslie,33.26,Delivered
2025-07-06,West,Office Supplies,Paper,65.93,6.0,-12.24,Christopher Clayton,97768639,02ad0ca9-7,0.1,South Lindaside,47.58,Delivered
2024-07-14,West,Furniture,Chairs,212.86,4.0,26.54,Miranda Avery,51413c03,46e171d4-a,0.2,Lake Maryside,6.0,Cancelled
2023-02-14,Central,Office Supplies,Labels,579.86,9.0,48.38,Michelle Barrera,ad1b9dd7,c5a1b4ad-e,0.1,New Patrickmouth,13.99,Delivered
2023-03-22,South,Office Supplies,Binders,407.26,8.0,-59.29,Krystal Logan,3ae5b25f,a25f2ab8-f,0.1,Markfurt,41.43,Delivered
2023-08-05,East,Technology,Accessories,313.29,3.0,26.83,Amy Mckenzie,a0ed2419,67f8b4d6-9,0.1,Thompsonstad,20.38,Delivered
2022-07-17,South,Technology,Phones,695.41,1.0,-102.97,Christina Gregory,d0386bdf,09622eb1-5,0.2,East Jasonshire,6.28,Delivered
2025-06-28,West,Technology,Accessories,116.97,10.0,13.45,Kurt Hernandez,f6dd9a57,54877582-1,,West Sean,36.93,Delivered
2025-04-22,South,Furniture,Furnishings,507.81,2.0,-45.9,Jeffrey Davila,a78695de,9d106515-3,0.3,West Jeffreyfort,6.84,Delivered
2023-03-09,Central,Technology,Copiers,75.31,10.0,-14.82,Sarah Turner MD,ba739b56,69b7c29d-0,0.0,Port Daniellemouth,15.3,In Transit
2024-06-25,West,Technology,Machines,121.11,8.0,-15.78,Kimberly Dixon,7c4c57c0,b198fc95-9,0.0,Nicolasborough,33.27,Delivered
2023-02-21,East,Office Supplies,Labels,571.27,8.0,170.18,Albert Torres,7ed5fb28,daad7651-4,0.2,Port Jacquelineland,8.72,Cancelled
2025-02-21,West,Furniture,Bookcases,352.84,10.0,-12.12,John Jones,de2aea05,40aa2bb4-4,0.1,New Samantha,14.79,Delivered
2022-11-21,South,Office Supplies,Labels,591.06,,-80.91,Kristen Hawkins,2b4d58e2,5f894c1a-2,0.2,Aaronstad,17.02,In Transit
2025-06-07,East,Technology,Machines,310.07,9.0,45.17,Michele Kelley,3d4f0548,43defe5b-f,0.3,Lake Bobby,,In Transit
2024-05-13,South,Technology,Accessories,24.9,3.0,-0.09,Emma Rice,cb5d21f5,62d3ff64-b,,North Ericshire,45.76,Delivered
2023-08-06,West,Furniture,Furnishings,858.89,2.0,243.23,Michelle Williams,fa0090a1,3a223ca6-e,0.0,South Briannaville,42.89,In Transit
2024-12-24,West,Furniture,Furnishings,452.01,4.0,-86.3,Kelsey Cochran,9433a137,1686c0bc-0,0.0,South Anthony,14.15,Delivered
2022-11-21,West,Office Supplies,Labels,834.25,1.0,137.77,Matthew Chapman,89a7982c,8a1898ad-6,0.0,Cunninghamhaven,31.52,Delivered
2024-11-11,Central,Office Supplies,Labels,132.23,8.0,-9.49,Karen Gordon,dc20bc6e,1f84bed7-0,0.0,Josephhaven,30.07,Cancelled
2024-03-21,Central,Technology,Phones,399.96,8.0,-23.0,Jason Smith,9660e9fc,06a23f8f-3,0.0,Bennettton,6.54,Cancelled
2025-03-05,East,Furniture,Furnishings,113.68,3.0,-14.26,Patricia Matthews,00c5f03d,87649950-2,0.3,New Kristinafurt,14.48,Delivered
2023-02-06,East,Office Supplies,Binders,222.58,5.0,44.43,Haley Williams,01cd7518,f21f4fed-e,0.0,Laurastad,34.11,Delivered
2024-06-15,East,Technology,Phones,,3.0,-6.49,Richard Erickson,88bf884a,e7c97313-d,0.2,East Stevenfort,28.46,Delivered
2023-06-08,East,Office Supplies,Paper,844.62,6.0,236.19,Jamie Escobar,0f20c15d,87a0d474-5,0.0,Fernandezbury,22.01,Cancelled
2023-03-08,West,Technology,Machines,762.52,9.0,74.65,Edward Nguyen,8fba24ce,f4ed4671-e,0.1,Jenniferhaven,8.61,Delivered
2022-09-26,West,Furniture,Furnishings,,5.0,88.85,David Mills,a3294798,fa64430d-4,,Rosarioside,35.35,In Transit
2024-08-02,Central,Office Supplies,Labels,622.75,7.0,-114.63,Heidi Garrett,1d52b5cf,17967be1-f,0.3,Wilsonview,7.19,Delivered
2023-11-23,South,Furniture,Tables,245.75,5.0,23.33,Kerry Dominguez,6ede1640,5a669e5d-c,0.2,South Tonyafurt,27.96,In Transit
2024-07-18,West,Technology,Phones,396.05,10.0,-24.57,Jane Manning,7ae877d2,c2f78f1e-8,0.0,Jenniferbury,47.52,Delivered
2024-05-28,East,Technology,Copiers,603.09,6.0,-7.18,Brent Mitchell,3851e689,013918b2-1,0.0,New Brian,47.76,Delivered
2024-04-30,Central,Office Supplies,Art,16.51,4.0,1.95,James Davis,32193be8,e04cd780-c,0.1,Port Patriciamouth,31.63,Delivered
2024-10-24,East,Office Supplies,Binders,928.23,5.0,191.77,Robert Davis,812dd455,17a612eb-5,,Port Chase,25.73,Delivered
2023-08-23,West,Office Supplies,Paper,701.41,4.0,105.92,Robert Wright,aea6126d,819f62a9-a,,East Michaelberg,44.7,Delivered
2025-01-23,West,Furniture,Chairs,433.73,5.0,95.26,Clayton Hammond,82731848,86e1ce2a-0,0.0,Port Oscar,12.05,Delivered
2023-11-30,South,Technology,Copiers,801.68,4.0,211.26,Peggy Hall,60313754,cb8da752-5,0.2,East Danielle,30.64,Delivered
2024-07-28,East,Technology,Phones,927.42,5.0,-182.68,Deborah Hamilton,65607836,801d4ef5-a,0.0,Briggsborough,42.09,In Transit
2024-05-16,South,Furniture,Chairs,528.04,7.0,54.42,Michael Berry,ced9a2dc,2a08a2e3-d,0.2,Victoriaburgh,40.14,Delivered
2024-07-18,South,Office Supplies,Art,502.0,2.0,-18.47,Mr. Daniel Booth,ddb77df6,39d371c6-d,0.0,Michelleville,48.88,Delivered
2024-11-19,South,Furniture,Bookcases,138.64,3.0,35.31,Karen Mitchell,f1d491c6,dc846a6b-2,0.1,Kevinside,30.65,In Transit
2023-01-13,East,Office Supplies,Binders,36.02,2.0,-3.37,Daniel Dalton,a972f3bb,89d6a291-7,0.0,Bryceport,,Delivered
2025-02-07,Central,Furniture,Furnishings,228.93,7.0,17.43,Katelyn Davis,5c299d7f,eb0cf416-7,0.0,Grantport,46.03,In Transit
2025-02-28,West,Furniture,Bookcases,650.0,6.0,185.28,Judith Peterson,cd7db0fc,e455a562-c,0.1,South Rodneyshire,32.93,Delivered
2025-02-02,South,Office Supplies,Paper,426.55,7.0,-54.79,Tonya Hahn,ae7a3665,f3aa0e1f-3,0.3,Ryanbury,11.73,Delivered
2023-07-08,South,Furniture,Furnishings,602.17,6.0,-119.09,Zachary Williams MD,4da2e36a,a2f51f4a-2,0.3,Mortonborough,11.76,Returned
2022-10-24,South,Furniture,Furnishings,612.99,9.0,,Patrick Garcia,66ae6621,957926e0-1,0.1,South Christopherview,31.78,Delivered
2024-11-27,West,Office Supplies,Art,503.48,10.0,-45.65,Patty Martinez,7c0475ef,1f5ed300-5,0.2,Lake Cristina,42.16,
2025-06-21,Central,Furniture,Tables,246.94,8.0,39.21,Robert Hanson,bf4ffebb,c8add69e-3,0.0,New Yolanda,11.61,Delivered
2023-08-01,South,Office Supplies,Paper,886.8,7.0,-128.42,Lisa Moore,152648e9,ab976c34-d,0.2,North Ashley,33.71,In Transit
2024-11-28,South,Furniture,Tables,447.49,8.0,113.35,Kevin Fields,d3c475a9,674df8ae-1,0.2,East George,17.12,Delivered
2023-06-01,South,Technology,Accessories,825.24,4.0,0.84,Scott Suarez,deec3552,01fd8cf9-8,0.2,Stephenfort,15.85,In Transit
2023-08-24,South,Office Supplies,Art,84.97,9.0,-1.58,Raymond Owens,a6acb074,1230a474-7,0.0,Clintonshire,10.2,In Transit
2024-08-31,East,Technology,Accessories,823.55,1.0,178.34,Tyler Kelly,cd2568c3,f713e391-5,,Brittneyside,27.51,Delivered
2024-06-20,West,Technology,Accessories,672.8,3.0,75.35,Jonathan Coleman,5b8a3ef4,e3c6313b-7,0.0,North Kimberlychester,48.61,Delivered
2024-01-08,East,Technology,Machines,777.34,10.0,-79.37,Joyce Copeland,1552d856,67ad1210-4,0.3,Michaelhaven,28.67,Delivered
2023-02-14,Central,Office Supplies,Labels,579.86,9.0,48.38,Michelle Barrera,ad1b9dd7,c5a1b4ad-e,0.1,New Patrickmouth,13.99,Delivered
